"Nom scientifique";"Numéro CAS";"Numéro CIPAC"
(2-Méthyl-2-propanyl)cyclohexane;3178-22-1;221-652-4
(1,7,7-Triméthylbicyclo[2.2.1]hept-2-yl)cyclohexane-1-ol;68877-29-2;272-556-4
"(2-Butyl-3-benzofuryl)-4-[2-(diéthylamino)ethoxy]-3,5-diiodophénylcétone, chlorhydrate";19774-82-4;243-293-2
"Chlorure de (3-chloro-2-hydroxypropyl)triméthylammonium";3327-22-8;222-048-3
(E)-3,7,11-Triméthyldodéca-1,6,10-triène-3-ol;40716-66-3;255-053-4
"Acrylate de (pentabromophényl)méthyle";59447-55-1;261-767-7
(R*,R*)-(±)-α,4-Diméthyl-α-(4-méthyl-3-pentényl)cyclohex-3-ène-1-méthanol;25428-43-7;246-973-7
(9Z)-9-Octadécén-1-amine;112-90-3;204-015-5
"Acide (1,2-éthanediylnitrilodiméthylène)pentakis(phosphonique)";15827-60-8;239-931-4
[1R-(1alpha,4abeta,4balpha,10aalpha)]-1,2,3,4,4a,4b,5,6,10,10a-décahydro-7-isopropyl-1,4a-diméthylphénanthrène-1-méthanol;666-84-2;211-564-4
1-(Cédr-8-én-9-yl)éthanone;32388-55-9;251-020-3
[3R-(3alpha,3abeta,7beta,8aalpha)]-2,3,4,7,8,8a-hexahydro-3,6,8,8-tétraméthyl-1H-3a,7-méthanoazulène;469-61-4;207-418-4
(+)-Menthol;15356-60-2;239-387-8
1-(2-Hydroxy-5-tert-nonylphényl)éthane-1-one-oxime;68517-09-9;271-190-2
1-(5,6,7,8-Tétrahydro-3,5,5,6,8,8-hexaméthyl-2-naphtyl)éthane-1-one;1506-02-1;216-133-4
1-(Tert-dodécylthio)propane-2-ol;67124-09-8;266-582-5
1,1'-(Isopropylidène)bis[3,5-dibromo-4-(2,3-dibromopropoxy)benzène];21850-44-2;244-617-5
1,1'-(2,2,2-Trichloroéthylidène)bis(p-fluorobenzène);475-26-3;207-493-3
1,1,1,2,2,3,3,4,4,5,5,6,6-Tridécafluoro-6-iodohexane;355-43-1;206-586-6
1,1,1,2-Tétrachloroéthane;630-20-6;
Norflurane;811-97-2;212-377-0
1,1,1-Trichloroéthane;71-55-6;200-756-3
"Fluorure de 1,1,2,2,3,3,4,4,4-nonafluorobutane-1-sulfonyle";375-72-4;206-792-6
"Fluorure de perfluorohexanesulfonyle";423-50-7;
1,1,2,2-Tétrachloroéthane;79-34-5;201-197-8
1,1,2-Trichlorotrifluoroéthane;76-13-1;200-936-1
1,1,2-Trichloroéthane;79-00-5;201-166-9
1,1,2-Trichloropropane;598-77-6;
4-(2,4,4-Triméthyl-2-pentanyl)phénol;140-66-9;205-426-2
Biphényle;92-52-4;202-163-5
2,2',4,4',6,6'-Hexachlorobiphényle;33979-03-2;
1,1-Bis(4-Chlorophényl)-Éthanol;8072-20-6;
1,1-Dichloroéthane;75-34-3;200-863-5
1,1-Dichloroéthylène;75-35-4;200-864-0
1,1-Difluoroéthane;75-37-6;200-866-1
N,N-Diméthylhydrazine;57-14-7;200-316-0
1,1'-Méthylènebis[4-chlorobenzène];101-76-8;202-973-9
1,2,3,4,7,7-Hexachlorobicyclo[2.2.1]hepta-2,5-diène;3389-71-7;222-220-8
1,2,3,4-Tétrachlorobenzène;634-66-2;
1,2,3,5-Tétrachlorobenzène;634-90-2;
1,2,3-Trichlorobenzène;87-61-6;201-757-1
1,2,3-Trichloropropane;96-18-4;202-486-1
1,2,4,5-tétrachloro-3-méthoxybenzène;6936-40-9;
"Tétrachlorure de benzène";95-94-3;202-466-2
1,2,4-Tribromobenzène;615-54-3;
1,2,4-Trichlorobenzène;120-82-1;204-428-0
1,2,4-Triméthylbenzène;95-63-6;202-436-9
"Acide benzènedicarboxylique-1,2, esters de dialkyles ramifiés en C9-11, riches en C10";68515-49-1;271-091-4
1,2-Dibromo-3-chloropropane;96-12-8;202-479-3
"Dibromo-1,2 éthane";106-93-4;203-444-5
1,2-Dichloro-4-nitrobenzène;99-54-7;202-764-2
1,2-Dichlorobenzène;95-50-1;202-425-9
"Dichloro-1,2 éthane";107-06-2;203-458-1
1,2-Dichloropropane;78-87-5;201-152-2
3-Méthylcholanthrène;56-49-5;
1,2-Dimethylhydrazine;540-73-8;
Hydrazobenzène;122-66-7;204-563-5
"Époxy-1,2 butane";106-88-7;203-438-2
"Maléate de N-[(4-bromophényl)méthyl]-N'-éthyl-N'-méthyl-N-2-pyridyléthylènediamine";33855-47-9;
"Acide 1,2-éthanedisulfonique - 2-chloro-10-[3-(4-méthyl-1-pipérazinyl)propyl]-10H-phénothiazine (1:1)";1257-78-9;215-019-1
o-Xylène;95-47-6;202-422-2
1,3,3-Triméthyl-N-(2-méthylpropylidène)-5-[(2-méthylpropylidène)amino]cyclohexaneméthylamine;54914-37-3;259-393-4
Galaxolide;1222-05-5;214-946-9
2-(allyloxy)-1,3,5-tribromobenzène;3278-89-5;
1,3,5-Trichlorobenzène;108-70-3;203-608-6
1,3,5-Trinitrobenzène;99-35-4;
1,3,5-Tris(2-méthyl-2-propanyl)benzène;1460-02-2;215-952-4
1,3,5-Tris(2,3-Dibromopropyl)-1,3,5-Triazine-2,4,6(1H,3H,5H)-Trione;52434-90-9;257-913-4
"Isocyanate de (2,4,6-trioxotriazine-1,3,5(2H,4H,6H)-triyl)tris(méthyl-m-phénylène)";26603-40-7;247-840-6
1,3,6,8-Tétrabromopyrène;128-63-2;204-900-6
Butadiène-1,3;106-99-0;203-450-8
1,3-Dichloropropane-2-Ol;96-23-1;202-491-9
1,3-Dichlorobenzène;541-73-1;208-792-1
1,3-dichloropropène;542-75-6;208-826-5
1,3-Dinitrobenzène;99-65-0;
m-Xylène;108-38-3;203-576-3
"Anhydride 1,4,5,6,7,7-hexachloro-8,9,10-trinorborn-5-ène-2,3-dicarboxylique";115-27-5;204-077-3
1,4-Bis(butylamino)-9,10-anthraquinone;17354-14-2;241-379-4
1,4-Dibromobenzène;106-37-6;203-390-2
1,4-Dichloro-2,5-Bis(Dichlorométhyl)Benzène;41999-84-2;
1,4-Dichlorobenzène;106-46-7;203-400-5
Dioxane;123-91-1;204-661-8
1,4-Dithianne;505-29-3;
p-Xylène;106-42-3;203-396-5
Cyclododéca-1,5,9-Triène;4904-61-4;225-533-8
1,6-Dichlorohexane;2163-00-0;218-491-7
1,6-Diisocyanato-2,2,4-triméthylhexane;16938-22-0;241-001-8
(±)-1,7,7-Triméthyl-3-[(4-méthylphényl)méthylène]bicyclo[2.2.1]heptane-2-one;36861-47-9;253-242-6
1-[1,6-Diméthyl-4-(4-méthylpent-3-ènyl)-3-cyclohexène-1-yl]éthane-1-one;57499-57-7;260-772-1
1-[2-(2-Chloroethoxy)ethoxy]-4-(1,1,3,3-tétraméthylbutyl)benzène;65925-28-2;
Penfluridol;26864-56-2;248-074-5
dibenzo[a,i]carbazole;239-64-5;205-949-6
3,6,9,12-Tétraoxotridécanol;23783-42-8;245-883-5
Éthinylestradiol;57-63-6;200-342-2
1-Amino-2-bromo-4-[(4-méthylphényl)amino]-9,10-anthraquinone;128-83-6;204-911-6
1-amino-N-(3-bromo-9,10-dihydro-9,10-dioxo-2-anthryl)-9,10-dihydro-9,10-dioxoanthracène-2-carboxamide;52740-90-6;258-148-9
"Butylamine normal";109-73-9;203-699-2
Butène-1;106-98-9;203-449-2
1-chloro-1,1-difluoroéthane;75-68-3;200-891-8
1-chloro-2-(chlorodiphénylméthyl)benzène;42074-68-0;255-647-3
1-chloro-2,4-dinitrobenzène;97-00-7;202-551-4
1-Chloro-4-[chloro(phényl)méthyl]benzène;134-83-8;205-158-6
"Chlorure de butyle normal";109-69-3;203-696-6
1-chlorohexane;544-10-5;208-859-5
1-chloronaphtalène;90-13-1;201-967-3
"Alcool laurylique";112-53-8;203-982-0
1-Dodécène;112-41-4;203-968-4
"Isothiocyanate de 4-fluorophényle";1544-68-9;216-280-4
Hex-1-Ène;592-41-6;209-753-1
1-Méthylchrysène;3351-28-8;
1-Méthylnaphtalène;90-12-0;201-966-8
1-Nitropyrène;5522-43-0;
"Alcool caprylique normal";111-87-5;203-917-6
Oct-1-ène;111-66-0;203-893-7
1,2,3,4,4a,4b,5,6,7,9,10,10a-dodécahydro-7-isopropyl-1,4a-diméthylphénanthrène-1-méthanol;127-36-6;204-836-9
Propane-1-ol;71-23-8;200-746-9
Pyrène-1-ylamine;1606-67-3;216-521-3
1-Vinyl-2-pyrrolidone;88-12-0;201-800-4
Fénoprop;93-72-1;
"Crotonate de 2-(1-methylheptyl)-4,6-dinitrophényle";6119-92-2;228-088-8
"Ether de diéthylène glycol monobutylique";112-34-5;203-961-6
2-(2H-Benzotriazole-2-yl)-4-(1,1,3,3-tétraméthylbutyl)phénol;3147-75-9;221-573-5
2-Benzotriazole-2-yl-4,6-di-tert-butylphénol;3846-71-7;223-346-6
2-(2H-Benzotriazol-2-yl)-4,6-bis(2-méthyl-2-butanyl)phénol;25973-55-1;247-384-8
"Éther de diéthylèneglycol et de monométhyle";111-77-3;203-906-6
"Acrylate de 2,2,3,3,4,4,5,5,6,6,7,7,7-tridécafluoroheptyle";559-11-5;209-200-4
"2,2',4,4',5-Pentabromodiphényl Ether";60348-60-9;
2,2,4,4,6-Pentaméthylheptane;62199-62-6;
2,2',4,4'-Tétrachlorobiphényle;2437-79-8;219-444-3
2,2,4,6,6-Pentaméthylhept-3-ène;123-48-8;204-631-4
2,2,4,6,6-Pentaméthylheptane;13475-82-6;236-757-0
2,2,4-Triméthylpentane;540-84-1;208-759-1
2,2,5-endo,6-exo,8,9,10-Heptachloronorbornane;51775-36-1;
2,2',6,6'-Tétrabromo-4,4'-Isopropylidenediphénol;79-94-7;201-236-9
2,2'-Diméthyl-2,2'-Azodipropiononitrile;78-67-1;201-132-3
"bis(bis(2-Chloroéthyl)phosphate) de 2,2-bis(chlorométhyl)triméthylene";38051-10-4;253-760-2
2,2'-Méthylènebis(4,6-dichlorophénol);1940-43-8;217-720-8
Bithionol;97-18-7;
2,3,4,5-Tétrachloroaniline;634-83-3;
2,3,4,6-Tétrachlorophénol;58-90-2;
2,3,5,6-Tétrachloroaniline;3481-20-7;
Oxyclozanide;2277-92-1;218-904-0
2,3,5-Trichlorophénol;933-78-8;213-272-2
Benzofuranne;271-89-6;205-982-6
2,3-Dichlorophénol;576-24-9;209-399-8
2,3-Dichloropropane-1-ol;616-23-9;
2,3-Dichloropropène;78-88-6;201-153-8
2,3-Dinitrotoluène;602-01-7;
"Chlorure de 2,3-époxypropyltrimethylammonium";3033-77-0;221-221-0
2,4,4-Triméthylpentene;25167-70-8;246-690-9
2,4,5-Trichlorophénol;95-95-4;202-467-8
2,4,5-T;93-76-5;202-273-3
1,3,5-Tribromo-2-(2,3-dibromo-2-méthylpropoxy)benzène;36065-30-2;
"Chlorure cyanurique";108-77-0;203-614-9
2,4,6-trichlorophénol;88-06-2;201-795-9
2,4,6-trinitrotoluène;118-96-7;204-289-6
2,4,6-tri-tert-Butylphénol;732-26-3;211-989-5
Dinitrotoluène;25321-14-6;246-836-1
4-Méthyl-m-phénylenediamine;95-80-7;202-453-1
2,4-Dichlorophénol;120-83-2;204-429-6
4-(2,4-Dichlorophénoxy)aniline;14861-17-7;238-932-7
2,4-D;94-75-7;202-361-1
Dichlorprop;120-36-5;204-390-5
2,4-Dichlorotoluène;95-73-8;202-445-8
2,4-Xylénol;105-67-9;203-321-6
2,4-Dinitrophénol;51-28-5;200-087-7
2,4-Dinitrotoluène;121-14-2;204-450-0
2,4-Di-tert-pentylphénol;120-95-6;204-439-0
Tris(2-méthoxyéthoxy)vinylsilane;1067-53-4;213-934-0
2,5-di-tert-Pentylhydroquinone;79-74-3;201-222-2
2,5-Dichlorophénol;583-78-8;209-520-4
"di-sec-butylphénol, melange d'isomeres";5510-99-6;226-854-6
2,6-Dichloro-4,8-dipipéridinopyrimido[5,4-d]pyrimidine;7139-02-8;230-437-4
Dichlobenil;1194-65-6;214-787-5
2,6-Dichlorophénol;87-65-0;
2,6-dichlorotoluène;118-69-4;204-269-7
2,6-Xylénol;576-26-1;209-400-1
2-6-Dinitrotoluène;606-20-2;
"Chlorure de 2-[2,4-di-tert-pentylphénoxy]hexanoyle";63059-55-2;
2-Amino-4-chlorophénol;95-85-2;202-458-9
Clorofène;120-32-1;204-385-8
Butanone;78-93-3;201-159-0
Butane-2-one-O-[[[[1,3,3-triméthyl-5-[[[[(1-méthylpropylidène)amino]oxy]carbonyl]amino]cyclohexyl]méthyl]amino]carbonyl]oxime;68083-48-7;268-398-0
Butène-2;107-01-7;203-452-9
"Butoxy-2 éthanol";111-76-2;203-905-0
"Acétate de 2-butoxyéthyle";112-07-2;203-933-3
"2-(2,4,5-Trichlorophénoxy)propionate de 2-butoxyéthyle";19398-13-1;243-028-0
"2,4,5-Trichlorophénoxyacétate de 2-butoxyéthyle";2545-59-7;219-828-0
Beta-Chloroprène;126-99-8;203-818-0
2-Chloroacétophénone;532-27-4;
2-Chloroaniline;95-51-2;202-426-4
2-Chloro-9,10-anthraquinone;131-09-9;205-010-0
2-Chlorobutane;78-86-4;201-151-7
"Alcool chloro-2 éthylique";107-07-3;203-459-7
"Oxyde de 2-chloroéthyle et de vinyle";110-75-8;203-799-6
4-Chloro-2-Nitroanisole;89-21-4;
1-Chloro-2-Nitrobenzène;88-73-3;201-854-9
2-Chlorophénol;95-57-8;202-433-2
2-Chloro-p-toluidine;615-65-6;210-440-7
"Diméthylamino-2 éthanol";108-01-0;203-542-8
"Éther monoéthylique de l'éthylène glycol";110-80-5;203-804-1
"Acétate d'éthylglycol";111-15-9;203-839-2
2-Éthylhexane-1-ol;104-76-7;203-234-3
"Acrylate de 2-éthylhexyle";103-11-7;203-080-7
"Phosphate de 2-éthylhexyle et de diphényle";1241-94-7;214-987-2
"2,4,5-Trichlorophénoxyacétate de 2-éthylhexyle";1928-47-8;217-675-4
Hexane-2-one;591-78-6;
"Acétate de 2-méthoxy-1-méthyléthyle";108-65-6;203-603-9
2-Méthoxy-2-méthylbutane;994-05-8;213-611-4
Isoeugénol;97-54-1;
"Éther monométhylique de l'éthylène glycol";109-86-4;203-713-7
"Acétate de méthylglycol";110-49-6;203-772-9
2,4-MCPA;94-74-6;202-360-6
2-Méthylbut-3-yne-2-ol;115-19-5;204-070-5
2-méthylnaphtalène;91-57-6;202-078-3
o-Crésol;95-48-7;202-423-8
2-nitrophénol;88-75-5;201-857-5
2-nitropropane;79-46-9;
2-nitrotoluène;88-72-2;201-853-3
"Alcool caprylique secondaire";123-96-6;204-667-0
Octène;25377-83-7;246-920-8
"Acide 2-phosphonobutane-1,2,4-tricarboxylique";37971-36-1;252-733-5
2-Méthylpyridine;109-06-8;203-643-7
Propane-2-ol;67-63-0;200-661-7
"Diisocyanate de 3,3'-(uréylènediméthylène)bis(3,5,5-triméthylcyclohexyle)";55525-54-7;
3,3'-Dichlorobenzidine;91-94-1;202-109-0
"3,3'-Dichlorobenzidine, dichlorhydrate";612-83-9;210-323-0
o-Tolidine;119-93-7;204-358-0
3,4,5,5-Tétraméthylhex-2-ène;39083-38-0;254-281-1
3,4-Dichloroaniline;95-76-1;202-448-4
3,4-Dichlorobut-1-ène;760-23-6;212-079-0
3,4-Dichlorophénol;95-77-2;
3,4-Xylénol;95-65-8;202-439-5
3,5,5-Triméthylhexane-1-ol;3452-97-9;222-376-7
2,6-Di-tert-butyl-4-phénylphénol;2668-47-5;220-207-1
3,5-Dichlorophénol;591-35-5;
3,5-Di-tert-butylphénol;1138-52-9;214-513-4
"3,7,11-Triméthyldodéca-1,6,10-triène-3-ol,mélange d'isomères";7212-44-4;230-597-5
3,9-Dibromo-7H-benzo[de]anthracène-7-one;81-98-1;
Bromadiolone;28772-56-7;249-205-9
3-(Diméthylamino)propylamine;109-55-7;203-680-9
3-Bromobenzo[de]anthracène-7-one;81-96-9;
"Chloro-3 aniline";108-42-9;203-581-0
"Nitrochlorobenzène (méta-)";121-73-3;204-496-1
3-Chlorophénol;108-43-0;203-582-6
1-Chloro-3-méthylbenzène;108-41-8;203-580-5
2-(1,3-Dihydro-3-Oxo-2H-Indole-2-Ylidene)-1,2-Dihydro-3H-Indole-3-One;482-89-3;207-586-9
"Isocyanate de 3-Isocyanatométhyl-3,5,5-Triméthylcyclohexyle";4098-71-9;223-861-6
3-Méthyl-1-(2,6,6-Triméthylcyclohex-1-Ène-1-Yl)Penta-1,4-Diène-3-Ol;5208-93-5;226-006-5
Isovaléraldéhyde;590-86-3;209-691-5
3-Méthylpentane-1,5-Diol;4457-71-0;224-709-1
m-Crésol;108-39-4;203-577-9
"Méthyl-3 pyridine";108-99-6;203-636-9
"Acide 4-(2,4-Dichlorophénoxy)Butyrique";94-82-6;
4-(2,6-Diphényl-4-pyridyl)-N,N-diméthylaniline;29312-59-2;249-551-0
"Acide 4-(4-Chloro-O-Tolyloxy)Butyrique";94-81-5;
4,10-Dibromodibenzo[def,mno]chrysène-6,12-dione;4378-61-4;224-481-3
2,2',6,6'-Tétrachloro-4,4'-Isopropylidenediphénol;79-95-8;
4,4'-Diamino[1,1'-Bianthracène]-9,9',10,10'-Tétraone;4051-63-2;223-754-4
4,4'-Dibromobiphényle;92-86-4;
4,4'-Dichlorobiphényle;2050-68-2;218-095-4
N,N,N',N'-Tétraméthyl-4,4'-méthylenedianiline;101-61-1;202-959-2
4,4'-Méthylènebis[2,6-diéthylaniline];13680-35-8;237-185-4
4,4'-Méthylènebis[N-Sec-Butylaniline];5285-60-9;226-122-6
4,4'-Méthylènebis[N,N-diéthylaniline];135-91-1;205-224-4
"4,4'-Méthylène dianiline";101-77-9;202-974-4
4,5,6,7,8,8-Hexachloro-3A,4,7,7A-Tétrahydro-4,7-Méthano-1H-Indène;3734-48-3;223-096-8
"Anhydride Tétrabromophtalique";632-79-1;211-185-4
4,5-Dihydroxy-1,3-bis(hydroxyméthyl)-2-imidazolidinone;1854-26-8;217-451-6
Dinitroxyxlohexylphénol;131-89-5;205-042-5
4,6-Di-Tert-Butyl-M-Crésol;497-39-2;207-847-7
4,8-Diamino-2-(4-éthoxyphényl)-1,5-dihydroxyanthraquinone;15114-15-5;239-167-1
"Chlorure de 4-[2,4-bis(1,1-diméthylpropyl)phénoxy]butyryle";50772-29-7;
4-Pyridylamine;504-24-5;207-987-9
4-Bromo-2-Fluoro-1,1'-Biphényl;41604-19-7;255-453-9
4-Chloro-2-méthylphénol;1570-64-5;216-381-3
2-Chloro-4-nitroaniline;121-87-9;204-502-2
4-Chloro-2-Nitrotoluène;89-59-8;201-921-2
Chlorocrésol;59-50-7;200-431-6
para-Nitrochlorobenzène;100-00-5;202-809-6
4-Chlorophénol;106-48-9;203-402-6
1-Chloro-4-Phénoxybenzène;7005-72-3;
1-Chloro-4-méthylbenzène;106-43-4;203-397-0
"Acide 4-Hydroxybenzoïque";99-96-7;202-804-9
p-Crésol;106-44-5;203-398-6
1-Isopropyl-4-nitrobenzène;1817-47-6;217-326-6
4-Nitro-N-Phénylaniline;836-30-6;212-646-2
para-Nitrophénol;100-02-7;202-811-7
4-sec-Butyl-2,6-bis(2-méthyl-2-propanyl)phénol;17540-75-9;241-533-0
4'-Tert-Butyl-2',6'-Diméthyl-3',5'-Dinitroacétophénone;81-14-1;201-328-9
4-Tert-Butyl-3-Méthoxy-2,6-Dinitrotoluène;83-66-9;201-493-7
"Acide 4-Tert-Butylbenzoïque";98-73-7;202-696-3
4-Tert-Butyltoluène;98-51-1;202-675-9
5-[4-(Diéthylamino)-2-Ethoxyphényl]-5-(1-Éthyl-2-Méthyl-1H-Indole-3-Yl)Furo[3,4-B]Pyridine-7(5H)-One;69898-41-5;274-195-8
1,2-Oxazol-5-amine;14678-05-8;238-720-4
DL-menthol;1490-04-6;216-074-4
5-Nonylsalicylaldéhyde-Oxime;50849-47-3;256-798-8
N-1,3-Diméthylbutyl-N'-Phényl-P-Phénylenediamine;793-24-8;212-344-0
6-Méthylchrysène;1705-85-7;216-942-2
7,12-Diméthylbenzo[A]Anthracène;57-97-6;
Benzo[De]Anthracène-7-One;82-05-3;
7H-Dibenzo(c,g)carbazole;194-59-2;205-895-3
9-Chlorophénanthrene;947-72-8;
Acénaphtène;83-32-9;201-469-9
Acénaphtylène;208-96-8;205-917-1
Acéphate;30560-19-1;250-241-2
Acétaldéhyde;75-07-0;200-836-8
Acétanilide;103-84-4;203-150-7
"Acétate de fentine";900-95-8;
"Acide Mercaptoacétique";68-11-1;200-677-4
"Mercaptoacétate d'ammonium";5421-46-5;226-540-9
"Thioglycolate de glycéryle";30618-84-9;250-264-8
"Anhydride acétique";108-24-7;203-564-8
Triacétine;102-76-1;203-051-9
Acétoacétanilide;102-01-2;202-996-4
Acétone;67-64-1;200-662-2
2-Hydroxy-2-Méthylpropionitrile;75-86-5;200-909-4
Acétonitrile;75-05-8;200-835-2
Acétophénone;98-86-2;202-708-7
"Chlorure d'acétyle";75-36-5;200-865-6
"Acide éthyl-2 hexanoïque";149-57-5;205-743-6
"Acide Citrique";77-92-9;201-069-1
Acifluorfène;62476-59-9;263-560-7
Aclonifène;74070-46-5;
Acroléine;107-02-8;203-453-4
Acrylamide;79-06-1;201-173-7
"Acide Acrylique";79-10-7;201-177-9
"Acrylate d'hydroxypropyle";25584-83-2;247-118-0
Acrylonitrile;107-13-1;203-466-5
"Acide Adipique, Composé Avec Hexane-1,6-Diamine (1:1)";3323-53-3;222-037-3
Adiponitrile;111-69-3;203-896-3
"Alachlore OXA";15972-60-8;240-110-8
Daminoside;1596-84-5;216-485-9
"Chloroalcanes C14-C17";85535-85-9;287-477-0
"Alcools En C10-16";67762-41-8;267-019-6
"Alcools En C12-13";75782-86-4;278-306-0
"Alcools En C12-14";80206-82-2;279-420-3
"Alcools En C12-15";63393-82-8;264-118-6
"Alcools En C12-16";68855-56-1;272-490-6
"Alcools En C12-18";67762-25-8;267-006-5
"Alcools En C14-15";75782-87-5;616-261-4
"Alcools En C14-16";68333-80-2;269-790-4
"Alcools En C14-18";67762-30-5;267-009-1
"Alcools En C16-18";67762-27-0;267-008-6
"Alcools En C16-18, Résidus de Distillation";68603-17-8;
"Alcools En C18-32";68911-61-5;
"Alcools En C6-12";68603-15-6;271-642-9
"alcools en C9-11";66455-17-2;266-367-6
Aldicarbe;116-06-3;
2-Méthyl-2-(méthylsulfonyl)propionaldéhyde-O-(méthylcarbamoyl)oxime;1646-88-4;216-710-0
Aldrine;309-00-2;206-215-8
"Chloroalcanes C10-C13";85535-84-8;287-476-5
"Alcanes En C10-13, Iso-";68551-17-7;271-366-9
"Alcanes En C10-14";93924-07-3;300-199-7
"Alcanes En C11-15, Iso-";90622-58-5;
"Alkanes, C12-14";129813-67-8;
"Alcanes En C12-14, Iso-";68551-19-9;271-369-5
"Alcanes En C13-16, Iso-";68551-20-2;
"Alcanes En C14-16";90622-46-1;
"Alcanes En C7-10, Iso-";90622-56-3;
"Alcanes En C7-8, Iso-";70024-92-9;
"Alcanes En C9-11, Iso-";68551-16-6;
"Alcanes En C9-12, Iso-";90622-57-4;
Allethrine;584-79-2;
"Alcool allylique";107-18-6;203-470-7
"Chloro-3 propène";107-05-1;203-457-6
(R*,R*)-Alpha,4-Diméthyl-Alpha-(4-Méthyl-3-Pentényl)Cyclohex-3-Ène-1-Méthanol;515-69-5;208-205-9
2-Nitro-Alpha,Alpha,Alpha-Trifluorotoluène;384-22-5;
Alpha,Alpha,Alpha-Trifluoro-3-Nitrotoluène;98-46-4;
4-Nitro-Alpha,Alpha,Alpha-Trifluorotoluène;402-54-0;
"Chlorure de Benzylidène";98-87-3;202-709-2
Alpha-Cyperméthrine;67375-30-8;
alpha-Hexachlorocyclohexane;319-84-6;206-270-8
"Fluorure d'Aluminium";7784-18-1;232-051-1
"Dihydrogénotriphosphate d'aluminium";13939-25-8;237-714-9
aluminium;7429-90-5;231-072-3
"Phosphure d'aluminium";20859-73-8;244-088-0
Amétryne;834-12-8;212-634-7
Amidosulfuron;120923-37-7;601-744-4
"Amines alkyles de coco";61788-46-3;262-977-1
"Amines alkyles de suif hydrogéné";61788-45-2;262-976-6
"Amines alkyles de suif";61790-33-8;263-125-1
"Dioxyde de thiourée";1758-73-2;217-157-8
Amitraze;33089-61-1;
Aminotriazole;61-82-5;200-521-5
"Ammoniac, Anhydre";7664-41-7;231-635-3
"Acétate d'ammonium";631-61-8;211-162-9
"Chlorure d'Ammonium";12125-02-9;235-186-4
"Dichromate d'ammonium";7789-09-5;232-143-1
"Méthacrylate d'ammonium";16325-47-6;240-402-5
"Sulfamidate d'ammonium";7773-06-0;231-871-7
Aniline;62-53-3;200-539-3
2-Nitroaniline;88-74-4;201-855-4
M-Anisidine;536-90-3;208-651-4
3-Nitroaniline;99-09-2;202-729-1
4-Isopropylaniline;99-88-7;202-797-2
p-Phénétidine;156-43-4;205-855-5
Anthracène;120-12-7;204-371-1
"Huile Anthracénique";90640-80-5;292-602-7
"Huile Anthracénique, Pâte Anthracénique";90640-81-6;292-603-2
"Fraction d'huile anthracénique";91995-15-2;
"Huile anthracénique, pâte anthracénique, fractions légères de distillation";91995-17-4;295-278-5
"huile anthracénique à faible teneur en anthracène";90640-82-7;292-604-8
Anthraquinone;84-65-1;201-549-0
1-Aminoanthraquinone;82-45-1;201-423-5
Antimoine;7440-36-0;231-146-5
"Trioxyde d'antimoine";1309-64-4;215-175-0
Aramite;140-57-8;690-073-0
"Aroclor 1016";12674-11-2;622-826-6
"PCB 1248";12672-29-6;623-778-9
"PCB 1254";11097-69-1;
"Hydrocarbures Aromatiques En C9-11";70693-06-0;
Arsenic;7440-38-2;231-148-6
Arsine;7784-42-1;232-066-3
Amiante;1332-21-4;603-721-4
"Acide Ascorbique";50-81-7;200-066-2
Astemizole;68844-77-9;272-441-9
Atrazine;1912-24-9;217-617-8
"Essence Naturelle";8006-61-9;232-349-1
"Abamectine B1A";65195-55-3;265-610-3
Azinphos-éthyl;2642-71-9;220-147-6
Azinphos-Méthyl;86-50-0;
Azobenzène;103-33-3;203-102-5
Azoxystrobine;131860-33-8;603-524-3
Baryum;7440-39-3;231-149-1
"Cyanure de Baryum";542-62-1;
"N-(2,6-Diméthylphényl)-N-(Phénylacétyl)-Dl-Alaninate de Méthyle";71626-11-4;
Benfluraline;1861-40-1;217-465-2
Benomyle;17804-35-2;241-775-7
Bentazone;25057-89-0;246-585-8
Bentonite;1302-78-9;215-108-5
Benzaldéhyde;100-52-7;202-860-4
Salicylaldéhyde;90-02-8;201-961-0
4-Méthoxybenzaldéhyde;123-11-5;204-602-6
Benzène;71-43-2;200-753-7
2-Phénylpropène;98-83-9;202-705-0
Isobutylbenzène;538-93-2;208-706-2
(Trifluorométhyl)Benzène;98-08-8;202-635-0
1,2-Dichloro-3-nitrobenzène;3209-22-1;221-717-7
Mésitylène;108-67-8;203-604-4
1,4-Dichloro-2-Nitrobenzène;89-61-2;201-923-3
1,4-Diéthylbenzène;105-05-5;203-265-2
2-(1-Phényléthyl)-P-Xylène;6165-51-1;228-201-0
Alpha,2-Dichlorotoluène;611-19-8;210-258-8
4-Chloro-Alpha,Alpha,Alpha-Trifluorotoluène;98-56-6;202-681-1
1,3-Dichloro-4-Nitrobenzène;611-06-3;210-248-3
"Diisocyanate de toluylène";26471-62-5;247-722-4
"Benzène, Dérivés Alkyles En C10-13";67774-74-7;267-051-0
"Benzène, Dérivés Alkyles En C10-16";68648-87-3;272-008-4
"benzène, dérivés alkyles en C4-16";68648-86-2;
Divinylbenzène;1321-74-0;215-325-5
Dodécylbenzène;123-01-3;204-591-8
Undécylbenzène;129813-58-7;603-362-3
"Benzène, Dérivés Mono-Alkyles En C10-14";68442-69-3;270-486-9
Tridécylbenzène;129813-59-8;603-363-9
"Benzène, dérivés mono-alkyles en C14-16";129813-60-1;
Undécylbenzène;6742-54-7;229-806-2
O-Phénylenediamine;95-54-5;202-430-6
Résorcinol;108-46-3;203-585-2
"Alcool benzylique";100-51-6;202-859-9
"4,4'-bis[[4-[bis(2-hydroxyéthyl)amino]-6-(4-sulfonatoanilino)-1,3,5-triazine-2-yl]amino]stilbène-2,2'-disulfonate] de tétrasodium";16470-24-9;240-521-2
"Acide Benzènesulfonique, Dérivés Alkyles En C10-13, Sels de Sodium";68411-30-3;270-115-0
"Acide Benzènesulfonique, Dérivés Mono-Alkyles En C10-14, Sels de Sodium";85117-50-6;285-600-2
"Décylbenzènesulfonate de sodium";1322-98-1;215-347-5
"Dodécylbenzènesulfonate de sodium";25155-30-0;246-680-4
"Acide Benzènesulfonique, Dérivés Mono-Alkyles En C10-16, Sels de Sodium";68081-81-2;268-356-1
"Tridécylbenzènesulfonate de sodium";26248-24-8;247-536-3
"Undécylbenzènesulfonate de sodium";27636-75-5;248-583-2
"Chlorure de Tosyle";98-59-9;202-684-8
Phénylmercaptan;108-98-5;203-635-3
"Acide Benzène-1,2,4-Tricarboxylique";528-44-9;208-432-3
"1,2-Anhydride de L'Acide Benzène-1,2,4-Tricarboxylique";552-30-7;209-008-0
"Benzène-1,2,4-Tricarboxylate de Trioctyle";89-04-3;201-877-4
"Benzène-1,2,4-Tricarboxylate de Tris(2-Éthylhexyle)";3319-31-1;222-020-0
Benzidine;92-87-5;202-199-1
Benziodarone;68-90-6;
Benzo[a]Anthracène;56-55-3;200-280-6
Benzo[e]pyrène;192-97-2;205-892-7
Benzo(a)Pyrène;50-32-8;200-028-5
Benzo(b)fluoranthène;205-99-2;205-911-9
Dibenz(a,c)anthracène;215-58-7;205-920-8
Benzphénanthrène-3,4;195-19-7;205-896-9
Benzo[g,h,i]perylène;191-24-2;205-883-8
Benzo[k]fluoranthène;207-08-9;205-916-6
Dibenzo(a,i)pyrène;189-55-9;205-877-5
"Acide Benzoïque";65-85-0;200-618-2
"Acide m-toluique";99-04-7;202-723-9
"Disulfure de mercapto-2 benzothiazole";120-78-5;204-424-9
N-Tert-Butylbenzothiazole-2-Sulfenamide;95-31-8;202-409-1
N,N-Dicyclohexylbenzothiazole-2-Sulfenamide;4979-32-2;225-625-8
Trichlorotoluène;98-07-7;202-634-5
"Péroxyde de dibenzoyle";94-36-0;202-327-6
"Chlorure de benzyle";100-44-7;202-853-6
Beryllium;7440-41-7;231-150-7
2-Chloronaphtalène;91-58-7;202-079-9
Beta-Cyfluthrine;68359-37-5;
Béta-Hexachlorocyclohexane;319-85-7;206-271-3
Naphtol-2;135-19-3;205-182-7
Propiolactone;57-57-8;200-340-1
Dicrotophos;141-66-2;205-494-3
Bifenox;42576-02-3;255-894-7
Binapacryl;485-31-4;207-612-9
Bifenthrine;82657-04-3;
"Biphényl, 4-Éthyl-";5707-44-8;
Diisopropylbenzène;25321-09-9;246-835-6
"Hydrogénophosphate de Bis(2,3-Dibromopropyle)";5412-25-9;
"Carbonate de Bis(2,4-Dichloro-5-Nitrophényle)";39489-75-3;254-471-4
"Méthane, bis(chloroéthoxy-2)-";111-91-1;203-920-2
"Oxyde de bis(2-chloro-1-méthyléthyle)";108-60-1;203-598-3
"Oxyde de bis(2-chloroéthyle)";111-44-4;203-870-1
Oxybis[Chlorométhane];542-88-1;
"Disulfate d'hydroxylamine";10039-54-0;233-118-8
"Hydrogénophosphate de bis(p-tert-butylphényle)";21150-89-0;244-245-3
"Oxyde de bis(tris(méthyl-2 phényl-2 propyl)étain)";13356-08-6;236-407-7
Bisphénol-A;80-05-7;201-245-8
"Agents Blister : Lewisite";541-25-3;
"Agents Blister : Moutarde À L'Azote Hn-1";538-07-8;
"Agents Blister : Moutarde Au Soufre Ht";6392-89-8;
"Acide borique";11113-50-1;234-343-4
"Acide borique";10043-35-3;233-139-2
Bore;7440-42-8;231-151-2
Bromochlorométhane;74-97-5;200-826-3
Bromocyclène;1715-40-8;216-996-7
Bromodichlorométhane;75-27-4;
Bromoforme;75-25-2;200-854-6
Bromométhane;74-83-9;200-813-2
Bromotrichlorométhane;75-62-7;200-886-0
3,5-Dibromo-4-hydroxybenzonitrile;1689-84-5;216-882-7
"octanoate de 2,6-dibromo-4-cyanophényle";1689-99-2;216-885-3
Brompéridol;10457-90-6;233-943-3
Bromuconazole;116255-48-2;408-060-3
"Butyne-2 diol-1,4";110-65-6;203-788-6
Butane-2-Ol;78-92-2;201-158-5
"Aldéhyde butyrique";123-72-8;204-646-6
2,2'-[(3,3'-Dichloro[1,1'-Biphényl]-4,4'-Diyl)Bis(Azo)]Bis[N-(4-Chloro-2,5-Diméthoxyphényl)-3-Oxobutyramide];5567-15-7;226-939-8
2'-Methylacétoacétanilide;93-68-5;202-267-0
"Butylamine secondaire";13952-84-6;237-732-7
2-Méthylbutane;78-78-4;201-142-8
Butanediol-1,4;110-63-4;203-786-5
"Succinate de disodium";150-90-3;205-778-7
"Acide butyrique";107-92-6;203-532-3
"Acide 2-Éthylbutyrique";88-09-5;201-796-4
"Acide 2-méthylbutanoïque";116-53-0;204-145-2
"Méthyl-2 butanol";137-32-6;205-289-6
"Acétate de 2-Méthylbutyle";624-41-9;210-843-8
3-Méthoxy-3-Méthylbutane-1-Ol;56539-66-3;260-252-4
1,1-Dichloro-3,3-diméthylbutane-2-one;22591-21-5;245-111-7
1-Chloro-3,3-diméthylbutane-2-one;13547-70-1;236-920-6
3,3-Diméthylbutanone;75-97-8;200-920-4
"O, O',O'' Tri (butanone-2 oxime) méthyl silane";22984-54-9;245-366-4
Butanone-Oxime;96-29-7;202-496-6
"Péroxyde de méthyl éthyl cétone";1338-23-4;215-661-2
3-Méthylbut-2-Ène-1-Ol;556-82-1;209-141-4
2-Méthylbut-3-ène-2-ol;115-18-4;204-068-4
"Trichloro-1,2,3 butène-3";2431-50-7;219-397-9
2-Méthylbut-2-Ène;513-35-9;208-156-3
"Fumarate de Diéthyle";623-91-6;210-819-7
"2,4,5-Trichlorophénoxyacétate de Butyle";93-79-8;202-277-5
"Acétate de butyle normal";123-86-4;204-658-1
"Acrylate de butyle normal";141-32-2;205-480-7
"Phtalate de Benzyle Et de Butyle";85-68-7;201-622-7
"Méthacrylate de Butyle";97-88-1;202-615-1
Butylate;2008-41-5;217-916-3
Butane-1,2-Diol;584-03-2;209-527-2
Tert-Butyl-4-Méthoxyphénol;25013-16-5;246-563-8
4-Tert-Butylphénol;98-54-4;202-679-0
"Phtalate de Butoxycarbonylméthyle Et de Butyle";85-70-1;
"Anhydride butyrique";106-31-0;203-383-4
"Rutile Couleur Chamois de Chrome, d'Antimoine Et de Titane";68186-90-3;269-052-1
"Vert de phtalocyanine";1328-53-6;215-524-7
3-Hydroxy-4-[(2-Méthyl-5-Nitrophényl)Azo]-N-Phénylnaphtalène-2-Carboxamide;6448-95-9;229-245-3
2,2'-[(3,3'-Dichloro[1,1'-Biphényl]-4,4'-Diyl)Bis(Azo)]Bis[3-Oxo-N-Phénylbutyramide];6358-85-6;228-787-8
"Jaune d'Oxyde d'Antimoine, de Nickel Et de Titane";8007-18-9;232-535-3
"4-Amino-5-hydroxy-3,6-bis[(4-{[2-(sulfonatooxy)éthyl]sulfonyl}phényl)diazényl]-2,7-naphtalènedisulfonate de tétrasodium";17095-24-8;241-164-5
"3-Hydroxy-4-[(4-Méthyl-2-Sulfonatophényl)Azo]-2-Naphtoate de Calcium";5281-04-9;226-109-5
"Amines, Alkyl En C12-14 Diméthyles";84649-84-3;283-464-9
"Acide Diméthylarsinique";75-60-5;
Cadmium;7440-43-9;231-152-8
"Chlorure de cadmium";10108-64-2;233-296-7
"Dinitrate de cadmium";10325-94-7;233-710-6
"Oxyde de cadmium";1306-19-0;215-146-2
Caféine;58-08-2;200-362-1
"chlorure de calcium";10043-52-4;233-140-8
"Cyanure de Calcium";592-01-8;209-740-0
"Fluorure de Calcium";7789-75-5;232-188-7
"Hypochlorite de Calcium";7778-54-3;231-908-7
"Sulfate de calcium dihydraté";10101-41-4;231-900-3
"Thiobis[dodécylphénolate] de calcium";26998-97-0;248-159-7
Camphène;79-92-5;201-234-8
Caprolactame;105-60-2;203-313-2
Captafol;2425-06-1;219-363-3
Captane;133-06-2;205-087-0
Carbaryl;63-25-2;
Carbazole;86-74-8;201-696-0
"Benzimidazole carbamate de méthyle";10605-21-7;234-232-0
Carbofurane;1563-66-2;216-353-0
"Disulfure de Carbone";75-15-0;200-843-6
"Monoxyde de Carbone";630-08-0;211-128-3
"Tétrachlorure de Carbone";56-23-5;200-262-8
"Sulfure de Carbonyle";463-58-1;
Carbophenothion;786-19-6;212-324-1
Carbosulfane;55285-14-8;
Carboxine;5234-68-4;
Cédrène;11028-42-5;234-257-7
Clomazone;81777-89-1;
"Chloral monohydrate";302-17-0;206-117-5
"Acide amino-3 dichloro-2,5 benzoïque";133-90-4;205-123-5
"Chlorate de Sodium";7775-09-9;231-887-4
"Chlordane, Pur";57-74-9;200-349-0
Chlordécone;143-50-0;205-601-3
Chlordiméforme;6164-98-3;
"Acide 1,4,5,6,7,7-hexachloro-8,9,10-trinorborn-5-ène-2,3-dicarboxylique";115-28-6;204-078-9
Chlorfénéthol;80-06-8;201-246-3
Chlorfenvinphos;470-90-6;207-432-0
Chlorimuron-Éthyl;90982-32-4;618-690-2
"huiles de paraffine, chloro";85422-92-0;
"Paraffines Chlororées";63449-39-8;264-150-0
Chlore;7782-50-5;231-959-5
"Chlorure de Cyanogène";506-77-4;208-052-8
"Dioxyde de chlore";10049-04-4;233-162-8
"Chlorite de Sodium";7758-19-2;231-836-6
"Chlorure de Chlormequat";999-81-5;
Chlornaphazine;494-03-1;
Chlornitrofène;1836-77-7;217-407-6
"Acide Chloroacétique";79-11-8;201-178-4
Chlorobenzène;108-90-7;203-628-5
Chlorobenzilate;510-15-6;208-110-2
Chlorocyclopentadiène;41851-50-7;
Chlorodibenzofuranes;42934-53-2;
Dibromochlorométhane;124-48-1;204-704-0
Chlorodifluorométhane;75-45-6;200-871-9
Chlorodinitrobenzène;25567-67-3;247-109-1
Chloroéthane;75-00-3;200-830-5
Chloroforme;67-66-3;200-663-8
"Éther de chlorométhyle et de méthyle";107-30-2;203-480-1
Chloronaphtalène;25586-43-0;C10H7Cl
Chloronitrotoluène;25567-68-4;201-921-2
Chlorophénol;25167-80-0;246-691-4
Chloroquine;54-05-7;200-191-2
"Bis(Phosphate) de Chloroquine";50-63-5;200-055-2
Chlorothalonil;1897-45-6;217-588-1
Chlortoluron;15545-48-9;239-592-2
Chlorpromazine;50-53-3;200-045-8
Chlorprophame;101-21-3;202-925-7
Chlorpyrifos;2921-88-2;220-864-4
Chlorpyriphos-Méthyl;5598-13-0;
Chlorsulfon;64902-72-3;
"Composés de L'Ion Ammonium Quaternaire, Bis(Alkyl de Suif Hydrogéné)Diméthyles, Chlorures";61789-80-8;
"Composés de L'Ion Ammonium Quaternaire, Diméthyldisuif Alkyles, Chlorures";68783-78-8;
"Chlorure de Choline";67-48-1;200-655-4
"(Rs)-3-(3,5-Dichlorophényl)-5-Méthyl-2,4-Dioxooxazolidine-5-Carboxylate d'Éthyle";84332-86-5;
Chrome;7440-47-3;231-157-5
"Chrome (III), sels insolubles";16065-83-1;605-220-6
"Chrome (VI)";18540-29-9;606-053-1
"Trioxyde de chrome";1333-82-0;215-607-8
Chrysène;218-01-9;205-923-4
"Amiante, Chrysotile";12001-29-5;601-650-3
cis-Dichloroéthylene;156-59-2;205-859-7
Citral;5392-40-5;226-394-6
Clodinafop;114420-56-3;601-312-5
"Acide 3,6-dichloropyridine-2-carboxylique";1702-17-6;216-935-4
"Cloquintocet Mexyl";88349-88-6;635-476-4
Closantel;57808-65-8;260-967-1
Clotrimazole;23593-75-1;245-764-8
Cobalt;7440-48-4;231-158-0
"Goudron de Houille (Charbon)";8007-45-2;
Cuivre;7440-50-8;231-159-6
"Cyanure de cuivre";544-92-3;208-883-6
"Bleu de phtalocyanine";147-14-8;205-685-1
Coronène;191-07-1;205-881-7
Créosote;8001-58-9;
2,2'-Méthylènebis(4-méthyl-6-tert-butylphénol);119-47-1;204-327-1
6-Tert-Butyl-M-Crésol;88-60-8;201-842-3
"Phosphate de diphényle et de tolyle";26444-49-5;247-693-8
(E)-Crotonaldéhyde;123-73-9;204-647-1
"Hexafluoroaluminate de sodium";15096-52-3;239-148-8
Coumaphos;56-72-4;200-285-3
Cumène;98-82-8;202-704-5
Cyanazine;21725-46-2;244-544-9
"Cyanure, Libre";57-12-5;
Cyanogène;460-19-5;207-306-5
"Bromure de Cyanogène";506-68-3;208-051-2
Cyanoguanidine;461-58-5;207-312-8
Cyclododécane;294-62-2;206-033-9
"Diamino-4,4' dicyclohexylméthane";1761-71-3;217-168-8
Cyclohexane;110-82-7;203-806-2
Cyclohexanone;108-94-1;203-631-1
Dodécaméthylcyclohexasiloxane;540-97-6;208-762-8
Cyclohexène;110-83-8;203-837-8
Cyclohexylamine;108-91-8;203-629-0
3-Aminométhyl-3,5,5-triméthylcyclohexylamine;2855-13-2;220-666-8
Cyclohexyldiméthylamine;98-94-2;202-715-5
Cyclopentane;287-92-3;206-016-6
Décaméthylcyclopentasiloxane;541-02-6;208-764-9
Octaméthylcyclotétrasiloxane;556-67-2;209-136-7
Hexaméthylcyclotrisiloxane;541-05-9;208-765-4
Cyhalothrine;68085-85-8;
Cyhexatin;13121-70-5;236-049-1
2-cyano-N-[(éthylamino)carbonyl]-2-(méthoxyimino)acétamide;57966-95-7;
Cyperméthrine;52315-07-8;257-842-9
"Bromure de (cyclopropylméthyl)(triphényl)phosphonium";113096-99-4;619-020-1
"Cyprodinil  ";121552-61-2;601-785-8
Cypromazine;66215-27-8;266-257-8
Menthol;89-78-1;201-939-0
Chlorthal-diméthyl;1861-32-1;217-464-7
"Acide 2,2-Dichloropropionique";75-99-0;
"2,2,3,3-Tétraméthylcyclopropanecarboxylate de Alpha-Cyano-3-Phénoxybenzyle";39515-41-8;254-485-0
2,4'-DDD;53-19-0;
2,4'-DDE;3424-82-6;
4,4'-DDT;50-29-3;200-024-3
2,4'-DDT;789-02-6;
Décabromo-1,1'-biphényl;13654-09-6;237-137-2
"Décabromodiphényle ether";1163-19-5;214-604-9
Décachloro-1,1'-biphényl;2051-24-3;218-115-1
Décane;124-18-5;204-686-4
1-Décanol;112-30-1;203-956-9
Dec-1-Ène;872-05-9;212-819-2
"Décène, Produits d'Hydroformylation";68516-18-7;935-454-7
3,7-Diméthyloct-6-ène-1-yne-3-ol;29171-20-8;249-482-6
delta-Hexachlorocyclohexane;319-86-8;206-272-9
Deltaméthrine;52918-63-5;258-256-6
Déméton;8065-48-3;
Demeton-O;298-03-3;206-053-8
Déméton-S-Methyl;919-86-8;
"Désethylatrazine (DEA)";6190-65-4;
Déséthylsimazine;1007-28-9;623-281-7
Desmediphame;13684-56-5;237-198-5
Prazépam;2955-38-6;220-975-8
"Phtalate de diisodecyle";26761-40-0;247-977-1
"Adipate de bis(2-éthylhexyle)";103-23-1;203-090-1
"Phtalate de dioctyle secondaire";117-81-7;204-211-0
"Diacétone alcool";123-42-2;204-626-7
"Phtalate de diallyle";131-17-9;205-016-3
"Acide 4,4'-Diaminostilbène-2,2'-Disulfonique";81-11-8;201-325-2
Diaminotoluène;25376-45-8;246-910-3
"N-Éthylheptadécafluoro-N-[2-(Phosphonatooxy)Éthyl]Octanesulfonamidate de Diammonium";67969-69-1;267-977-5
"Péroxodisulfate de Diammonium";7727-54-0;231-786-5
Azodicarbonamide;123-77-3;204-650-8
Diazinon;333-41-5;
Diazométhane;334-88-3;
Dibenzo[a,h]Anthracène;53-70-3;200-181-8
Dibenza(a,j)anthracène;224-41-9;205-928-1
Dibenzo(a,h)pyrène;189-64-0;205-878-0
Anthanthrène;191-26-4;205-884-3
Dibenzo(a,l)pyrène;191-30-0;205-886-4
Dibenzofuranne;132-64-9;205-071-3
Dibenzothiophène;132-65-0;205-072-9
Dibromodichlorométhane;594-18-3;
"Adipate de dibutyle";105-99-7;203-350-4
"Maléate de dibutyle";105-76-0;203-328-4
"Phosphate de dibutyle";107-66-4;203-509-8
"Phtalate de Dibutyle";84-74-2;201-557-4
Dibutylamine;111-92-2;203-921-8
"Dilaurate de Dibutylétain";77-58-7;201-039-8
"Dichlorure de Dibutylétain";683-18-1;211-670-0
"Oxyde de Dibutylétain";818-08-6;212-449-1
"Maléate de Dibutylétain";78-04-6;201-077-5
Dicamba;1918-00-9;217-635-6
"Acide Dichloroacétique";79-43-6;201-207-0
"Dichloroaniline (tous isomères)";27134-27-6;
2,3-Dichloro-4,4'-biphényldiamine;1331-47-1;
Dichlorodifluorométhane;75-71-8;200-893-9
Dichloroéthane;1300-21-6;215-077-8
1,2-Dichloroéthylène;540-59-0;208-750-2
Dichlorométhane;75-09-2;200-838-9
"Dichloronitrobenzène (tous isomères)";27900-75-0;221-717-7
Dichlorvos;62-73-7;200-547-7
Dicofol;115-32-2;204-082-0
"Chlorure de 1-méthyl-4-[3,3,3-tris(4-chlorophényl)propionyl]pipérazinium";1949-07-1;217-758-5
Dicyclohexylamine;101-83-7;202-980-7
3A,4,7,7A-Tétrahydro-4,7-Méthanoindène;77-73-6;201-052-9
DIDT;3972-13-2;
Dieldrine;60-57-1;200-484-5
"Chlorure de diéthylthiophosphoryle";2524-04-1;219-755-4
"Phtalate de Diéthyle";84-66-2;201-550-6
"Sulfate de Diéthyle";64-67-5;200-589-6
Diéthylamine;109-89-7;203-716-3
"Dinitrate d'Oxydiéthylène";693-21-0;211-745-8
2,2'-Iminodi(Éthylamine);111-40-0;208-865-4
"Phosphate de diéthyle et de 4-nitrophényle";311-45-5;206-221-0
Diéthylstilbestrol;56-53-1;
Difénoconazole;119446-68-3;601-613-1
"Méthylsulfate de 1,2-Diméthyl-3,5-Diphénylpyrazolium";43222-48-6;
N-[[(4-Chlorophényl)Amino]Carbonyl]-2,6-Difluorobenzamide;35367-38-5;
Diflufenicanil;83164-33-4;
"Phtalate de Dihéptyle";3648-21-3;
"Phtalate de Dihexyle";84-75-3;
"Sulfate de dihydrazinium";13464-80-7;236-688-6
"Phtalate de Diisobutyle";84-69-5;201-553-2
"Diisobutyl cétone";108-83-8;203-620-1
"2,2'-[(Dioctylstannylène)bis(thio)]diacétate de diisooctyle";26401-97-8;247-666-0
"Phtalate de diisooctyle";27554-26-3;248-523-5
"Méthylphosphonate de bis(1-méthyléthyle)";1445-75-6;215-896-0
"Peroxydicarbonate de diisopropyle";105-64-6;203-317-4
Bis(Isopropyl)Naphtalène;38640-62-9;254-052-6
Diméfuron;34205-21-5;
Dimétacrine;4757-55-5;
"1,1,4,4-Tétraoxyde de 2,3-Dihydro-5,6-Diméthyl-1,4-Dithiinne";55290-64-7;
Diméthoate;60-51-5;200-480-3
Diméthomorphe;110488-70-5;404-200-2
"Carbonate de Diméthyle";616-38-6;210-478-4
"Thiophosphorochloridate de O,O-diméthyle";2524-03-0;219-754-9
"Phtalate de diméthyle";131-11-3;205-011-6
"Sulfate de Diméthyle";77-78-1;201-058-1
"Téréphtalate de diméthyle";120-61-6;204-411-8
"[R-(R*,R*)]-Tartrate de Diméthyl[3-[9,9-Diméthyl-10(9H)-Acridinio]Propyl]Ammonium";3759-07-7;223-166-8
2,2'-Diméthyl-4,4'-Méthylènebis(Cyclohexylamine);6864-37-5;229-962-1
Diméthylamine;124-40-3;204-697-4
"Acrylate de 2-(diméthylamino)éthyle";2439-35-2;219-460-0
"Méthacrylate de N,N-diméthylaminoéthyle";2867-47-2;220-688-8
"Chlorure de diméthyldioctadécylammonium";107-64-2;203-508-2
Diniconazole;83657-24-3;
2-Méthyl-3,4-dinitrophénol;1335-85-9;208-601-1
2-Méthyl-4,6-Dinitro-Phénol;534-52-1;208-601-1
Dinocap;39300-45-3;254-408-0
"Phtalate de dioctyle";117-84-0;204-214-7
"10-Ethyl-4,4-dioctyl-7-oxo-8-oxa-3,5-dithia-4-stannatétradecanoate de 2-éthylhexyle";15571-58-1;239-622-4
Dinosebe;88-85-7;201-861-7
Dinoterbe;1420-07-1;215-813-8
Diosgenin;512-04-9;208-134-3
2,2'-(Oxydiméthylène)bis[2-(hydroxyméthyl)-1,3-propanediol];126-58-9;204-794-1
"Phtalate de dipentyle";131-18-0;205-017-9
Difénamide;957-51-7;
"Carbonate de diphényle";102-09-0;203-005-8
"Diisocyanate de diphénylméthane (polymère)";32055-14-4;500-079-6
Diphénylamine;122-39-4;204-539-4
Chlorodiphénylarsine;712-48-1;
"Ether Diphénylique";101-84-8;202-981-2
Diphénylméthane;101-81-5;202-978-6
"diisocyanate de 2,2'-méthylènediphényle";2536-05-2;219-799-4
"Isocyanate de O-(P-Isocyanatobenzyl)Phényle";5873-54-1;227-532-9
"peroxodisulfate de dipotassium";7727-21-1;231-781-8
Dipropylamine;142-84-7;205-565-9
"Phtalate de dipropyle";131-16-8;205-015-8
Diquat;2764-72-9;220-433-0
1,1,2,2-Tétrachloro-1,2-Diméthyldisilane;4518-98-3;
1,1,2-Trichloro-1,2,2-triméthyldisilane;13528-88-6;236-870-5
"Sel disodique de l'acide éthylènediaminetétraacétique anhydre";139-33-3;205-358-3
"Disulfite de disodium";7681-57-4;231-673-0
"Métasilicate de disodium";6834-92-0;229-912-9
"Persulfate de sodium";7775-27-1;231-892-1
"Métasilicate de sodium pentahydraté";10213-79-3;600-279-4
"Tétraborate de disodium anhydre";1330-43-4;215-540-4
"Distillats de goudron de houille";65996-92-1;266-027-7
"Distillat d'huile anthracénique lourde";91995-42-5;
"Distillat d'huile anthracénique lourde";91995-52-7;
"Distillats (pétrole), huile de pyrolyse de la fabrication d'alcènes-alcynes, contenant des aromatiques à noyaux condensés";101316-50-1;309-856-2
"Distillats (pétrole), alkylation";64741-73-7;
"Distillats (pétrole)";68477-31-6;
"Distillats légers (pétrole), hydrotraités";64742-47-8;265-149-8
"Distillats moyens (pétrole), hydrotraités";64742-46-7;265-148-2
"Distillats légers hydrotraités (pétrole), à bas point d'ébullition";68410-97-9;270-093-2
"Distillats moyens (pétrole), raffinés au solvant";64741-91-9;
"Distillats moyens hydrotraités (pétrole), à point d'ébullition intermédiaire";68410-96-8;270-092-7
"Distillats (goudron de houille), huiles lourdes";90640-86-1;292-607-4
Disulfoton;298-04-4;206-054-3
"Di-tert-butyl-2,6 para-crésol";128-37-0;204-881-4
"Phtalate de ditridécyle";119-06-2;204-294-3
Diuron;330-54-1;206-354-4
(R)-p-mentha-1,8-diène;5989-27-5;227-813-5
"Acide docosanoïque";112-85-6;204-010-8
Docosane-1-ol;661-19-8;211-546-6
Dodécane;112-40-3;203-967-9
Dodécane-12-Lactame;947-04-6;213-424-8
"Acide Dodécanedioïque";693-23-2;211-746-3
Dodecène;25378-22-7;246-922-9
"Dodécène Ramifié";97280-83-6;306-479-5
"Méthacrylate de dodécyle";142-90-5;205-570-6
(1,1,3,3-Tétraméthylbutyl)phénol;27193-28-8;248-310-7
Dodine;2439-10-3;219-459-5
EDTA;60-00-4;200-449-4
Icosane-1-ol;629-96-9;211-119-4
Endosulfan;115-29-7;204-079-4
"Endosulphan (Alpha)";959-98-8;
"Endosulfan (Beta)";33213-65-9;
"Endosulfan sulfate";1031-07-8;623-765-8
Endothal;145-73-3;205-660-5
Endrine;72-20-8;200-079-4
"Endrine Aldéhyde";7421-93-4;
Épichlorohydrine;106-89-8;203-439-8
Epoxiconazole;106325-08-0;600-739-4
(1Alpha,2Alpha,3Alpha,4Beta,5Beta,6Beta)-1,2,3,4,5,6-Hexachlorocyclohexane;6108-10-7;
Esfenvalerate;66230-04-4;
Éthylamine;75-04-7;200-834-7
1,1-Dichloro-1-fluoroéthane;1717-00-6;404-080-1
N,N,N',N'-Tétraméthyl-2,2'-oxybis(éthylamine);3033-62-3;221-220-5
N-(3-(Triméthoxysilyl)propyl)éthylenediamine;1760-24-3;217-164-6
"Diméthacrylate d'Éthylène";97-90-5;202-617-2
"Peroxyacétate de tert-butyle";107-71-1;203-514-5
2-(2-Aminoéthylamino)éthanol;111-41-1;203-867-5
2-Isopropoxyéthanol;109-59-1;203-685-6
"Triéthylène glycol monométhyl éther";112-35-6;203-962-1
"Acétate de l'éther monobutylique du diéthylène glycol";124-17-4;204-685-9
"Éther monoéthylique du diéthylène glycol";111-90-0;203-919-7
2-(2-Propoxyethoxy)Éthanol;6881-94-3;
Diéthylamino-2-éthanol;100-37-8;202-845-2
"Hexyloxy éthanol-2";112-25-4;203-951-1
2-Méthylaminoéthanol;109-83-1;203-710-0
2,2'-Méthyliminodiéthanol;105-59-9;203-312-7
2,2'-Oxydiéthanol;111-46-6;203-872-2
"Thiodiéthylène Glycol";111-48-8;203-874-3
2-[2-(diméthylamino)ethoxy]éthanol;1704-62-7;216-940-1
"Éther de diéthylèneglycol et de monohexyle";112-59-4;203-988-3
"Amino-2 éthanol";141-43-5;205-483-3
2-Mercaptoéthanol;60-24-2;200-464-6
Phénoxyéthanol;122-99-6;204-589-7
2-(Propyloxy)éthanol;2807-30-9;220-548-6
2-Tert-Butoxyéthanol;7580-85-0;
Éthylène;74-85-1;200-815-3
1,1-Difluoréthylène;75-38-7;200-867-7
"Acide (2-chloroéthyl)phosphonique";16672-87-0;240-718-3
Éthion;563-12-2;209-242-3
Éthofumesate;26225-79-6;247-525-3
Ethoprophos;13194-48-4;236-152-1
"Acétate de 2-(2-éthoxyéthoxy)éthyle";112-15-2;203-940-1
"Ethoxylate Nonylphénolique";9016-45-9;500-024-6
"Ethoxylate octylphénolique";9036-19-5;
"2-[4-(2,2-Dichlorocyclopropyl)Phénoxy]-2-Méthylpropionate d'Éthyle";52179-28-9;257-709-5
"Acétate d'éthyle";141-78-6;205-500-4
"Acétoacétate d'éthyle";141-97-9;205-516-1
"Acrylate d'éthyle";140-88-5;205-438-8
Bromophos-Éthyl;4824-78-6;
Uréthane;51-79-6;
"Oxyde de Diéthyle";60-29-7;200-467-2
"Méthacrylate d'Éthyle";97-63-2;202-597-5
"Phénylthiophosphate de O-éthyle et de O-4-nitrophényle";2104-64-5;218-276-8
"Acide silicique, ester d'éthyle";11099-06-2;234-324-0
Éthyldiméthylamine;598-56-1;209-940-8
Ethylbenzène;100-41-4;202-849-4
Dichloro(Éthyl)Arsine;598-14-1;
"Diamino-1,2 éthane";107-15-3;203-468-6
"Éthylène glycol";107-21-1;203-473-3
"Oxyde d'Éthylène";75-21-8;200-849-9
Imidazolidine-2-Thione;96-45-7;202-506-9
Aziridine;151-56-4;205-793-9
"10-Éthyl-4-[[2-[(2-éthylhexyl)oxy]-2-oxoéthyl]thio]-4-octyl-7-oxo-8-oxa-3,5-dithia-4-stannatétradecanoate de 2-éthylhexyle";27107-89-7;248-227-6
"Acétate de 2-éthylhexyle";103-09-3;203-079-1
"Mercaptoacétate de 2-éthylhexyle";7659-86-1;231-626-4
"Méthacrylate de 2-éthylhexyle";688-84-6;211-708-6
"Phtalate d'éthoxycarbonylméthyle et d'éthyle";84-72-0;201-555-3
Éthyltoluène;25550-14-5;247-093-6
"Extraits au solvant (pétrole), distillat moyen";64742-06-9;
"Acides gras de tallol époxydés, esters d'éthyl-2 hexyle";61789-01-3;263-024-2
"Acides gras, suif hydrogéné, dimères, dérivés de dicétènes.";68390-56-7;
Phénamiphos;22224-92-6;244-848-1
"Alcool 2,4'-dichloro-alpha(pyrimidine-5-yl)benzhydrylique";60168-88-9;
Fenbuconazole;114369-43-6;406-140-2
Fenchlorphos;299-84-3;206-082-6
Fenitrothion;122-14-5;204-524-2
Fenoxaprop-p;113158-40-0;601-237-8
Fenpiclonil;74738-17-3;
Fenpropidine;67306-00-7;
4-[3-[4-(1,1-Diméthyléthyl)Phényl]-2-Méthylpropyl]-2,6-Diméthylmorpholine;67306-03-0;
Fenthion;55-38-9;
Fenvalérate;51630-58-1;257-326-3
Ferbame;14484-64-1;238-484-2
"Sel ferrique et d'ammonium de l'acide éthylènediamine tétraacétique";21265-50-9;244-302-2
"[{2-[Bis(carboxylatométhyl)amino]éthyl}(2-hydroxyéthyl)amino]acétate de fer(2+) et de sodium (1:1:1)";16485-47-5;240-541-1
fipronil;120068-37-3;424-610-5
Fluazifop-P;83066-88-0;617-435-2
Fluazinam;79622-59-6;
"2-[4-(Difluorométhoxy)Phényl]-3-Méthylbutyrate de Cyano(3-Phénoxyphényl)Méthyle";70124-77-5;
Fludioxonil;131341-86-1;603-476-3
"Fluphénazine, dichlorhydrate";146-56-5;205-674-1
Fluométuron;2164-17-2;218-500-4
Fluoranthène;206-44-0;205-912-4
Fluorène;86-73-7;201-695-5
Fluor;7782-41-4;231-954-8
Fluorotris-P-Chlorophenyl-Stannane;427-45-2;
Fluorure;16984-48-8;
Fluphénazine;69-23-8;200-702-9
Fluquinconazole;136426-54-5;411-960-9
1-Méthyl-3-Phényl-5-[3-(Trifluorométhyl)Phényl]-4-Pyridone;59756-60-4;
3-Chloro-4-(Chlorométhyl)-1-[3-(Trifluorométhyl)Phényl]Pyrrolidine-2-One;61213-25-0;
Fluroxypyr;69377-81-7;
Flurprimidol;56425-91-3;
Flusilazole;85509-19-9;
Flutolanil;66332-96-5;
Flutriafol;76674-21-0;
Fluvalinate;69409-94-5;
N-(Trichlorométhylthio)phtalimide;133-07-3;205-088-6
5-[2-Chloro-4-(Trifluorométhyl)Phénoxy]-N-(Méthylsulfonyl)-2-Nitrobenzamide;72178-02-0;
Fonofos;944-22-9;
Formaldéhyde;50-00-0;200-001-8
"Formaldéhyde, Produits de Réaction Avec L'Oxy-1,1' Bis[Méthylbenzène] Sulfoné, Sels de Sodium";90387-57-8;291-331-1
Formamide;75-12-7;200-842-0
"Acide Formique";64-18-6;200-579-1
"Triphosphonate de triéthyle et d'aluminium";39148-24-8;
Phoxime;14816-18-3;238-887-3
"Fumonisin b1  ";116355-83-0;621-436-3
Furanne;110-00-9;203-727-3
2-Furaldéhyde;98-01-1;202-627-7
N-Cyclohexyl-N-Méthoxy-2,5-Diméthyl-3-Furamide;60568-05-0;
"Gluconate de sodium";527-07-1;208-407-7
"2-Amino-4-(Hydroxyméthylphosphinyl)Butyrate d'Ammonium";77182-82-2;278-636-5
Glutaraldéhyde;111-30-8;203-856-5
Glycérol;56-81-5;200-289-5
2,3-Époxypropionaldéhyde;765-34-4;
"2-(carboxylatométhyl(2-hydroxyéthyl)amino)éthyliminodi(acétate) de trisodium";139-89-9;205-381-9
"Dihydrogénoéthylenediaminetétraacétate de diammonium";20824-56-0;244-063-4
"Éthylenediaminetétraacétate de tétraammonium";22473-78-5;245-022-3
"Acide propylènediamine-1,3 tétraacétique";1939-36-2;400-400-9
"2,2',2'',2'''-(1,3-Propanediyldinitrilo)tetraacétate de tétrasodium";18719-03-4;
"Sel pentasodique de l'acide diéthylènetriaminepentaacétique";140-01-2;205-391-3
Glyoxal;107-22-2;203-474-9
Glyphosate;1071-83-6;213-997-4
1,3-Diphénylguanidine;102-06-7;203-002-1
"Ester éthoxyéthylique d'haloxyfop";87237-48-7;402-560-5
Haloxyfop-éthoxyethyl;69806-34-4;
Haloxyfop-méthyl;69806-40-2;
Heptachlore;76-44-8;200-962-3
"Epoxyde d'heptachlore";1024-57-3;213-831-0
Heptachloronaphtalène;32241-08-0;250-969-0
1,2,3,4,5,5,6-Heptachlorobicyclo[2.2.1]hept-2-ène;28680-45-7;249-153-7
4-Heptadécylidène-3-hexadécyloxétanne-2-one;10126-68-8;233-347-3
4-Heptadécylidène-3-Tétradécyloxétanne-2-One;67845-94-7;
Heptène;25339-56-4;246-871-2
Hexabromobenzène;87-82-1;
Hexabromo-1,1'-Biphényl;36355-01-8;
1,3,5,7,9,11-Hexabromocyclododécane;25637-99-4;247-148-4
"Oxyde de diphényle, dérivé hexabromé";36483-60-0;
Hexabromododécane;26447-49-4;247-715-6
Hexachlorobenzène;118-74-1;204-273-9
Hexachlorobuta-1,3-Diène;87-68-3;201-765-5
Hexachlorocyclopentadiène;77-47-4;201-029-3
1,2,3,7,8,9-Hexachlorooxanthrène;19408-74-3;694-810-7
Hexachloroéthane;67-72-1;200-666-4
Hexachloronaphtalène;1335-87-1;215-641-3
Hexachlorophène;70-30-4;200-733-8
Hexaconazole;79983-71-4;413-050-7
Perfluoroheptane;335-57-9;
Hexadécane;544-76-3;208-878-9
"1-Méthoxy-1-oxohexadécane-2-sulfonate de sodium";4016-24-4;223-676-0
Hexadécane-1-ol;36653-82-4;253-149-0
3,6,9,12-Tetraoxahexadécane-1-ol;1559-34-8;216-322-1
3,7,11,15-Tétraméthylhexadec-1-ène-3-ol;505-32-8;208-008-8
Hexadec-1-ène;629-73-2;211-105-8
"Méthacrylate d'hexadécyle";2495-27-4;219-672-3
3-Hexadécyl-4-pentadécylidèneoxétanne-2-one;67845-95-8;
Cyclonite;121-82-4;204-500-1
Hexaméthyldisiloxane;107-46-0;203-492-7
"Diacrylate d'hexanediol-1,6";13048-33-4;235-921-9
"Diisocyanate d'hexaméthylène";822-06-0;212-485-8
Éthylhexaldéhyde;123-05-7;204-596-5
"Éthyl-2 hexylamine";104-75-6;203-233-8
n-Hexane;110-54-3;203-777-6
"Diperoxyde de di-tert-butyle et de 1,1,4,4-tétraméthyltétraméthylène";78-63-7;201-128-1
"Hexane ramifié et droit";92112-69-1;
Hexane-1,6-diol;629-11-8;211-074-0
"Diamino-1,6 hexane";124-09-4;204-679-6
"Octanoate stanneux";301-10-0;206-108-6
"Alcool hexylique";111-27-3;203-852-3
3-Cyclohexyl-6-Diméthylamino-1-Méthyl-1,2,3,4-Tétrahydro-1,3,5-Triazine-2,4-Dione;51235-04-2;
Hexène;25264-93-1;246-768-2
"Hexène, produits d'hydroformylation";70955-11-2;
"Huiles de paraffine";8012-95-1;232-384-2
Hydramethylnon;67485-29-4;405-090-9
Hydrazine;302-01-2;206-114-9
"Sulfate d'hydrazine";10034-93-2;233-110-4
"Hydrazine, Monohydrate";7803-57-8;
"Bromure d'hydrogène";10035-10-6;233-113-0
"Hydrocarbures supérieurs ou égaux à C5, riches en C5-6";68476-50-6;270-690-8
"Chlorure d'hydrogène";7647-01-0;231-595-7
"Cyanure d'hydrogène";74-90-8;200-821-6
"Fluorure d'hydrogène";7664-39-3;231-634-8
"Péroxyde d'hydrogène";7722-84-1;231-765-0
"Sulfure d'hydrogène";7783-06-4;231-977-3
"Hydropéroxyde de tert-pentyle";3425-61-4;222-321-7
"Hydropéroxyde de alpha,alpha-diméthylbenzyle";80-15-9;201-254-7
Hydroquinone;123-31-9;204-617-8
"Acide 3-hydroxy-2-naphtoïque";92-70-6;202-180-8
"Hydroxyde de fentine";76-87-9;
"Acrylate de 2-hydroxyéthyle";818-61-1;212-454-9
"Méthacrylate de 2-hydroxyéthyle";868-77-9;212-782-2
"Caproate d'hydroxyprogesterone";630-56-8;211-138-8
"Méthacrylate de 2-hydroxypropyle";923-26-2;
Imazalil;35554-44-0;
Cycloxydime;101205-02-1;405-230-9
Imazaquine;81335-37-7;
Imidaclopride;138261-41-3;428-040-8
Imidazole;288-32-4;206-019-2
Diéthanolamine;111-42-2;203-868-0
3a,4,7,7a-Tétrahydro-1H-indène;3048-65-5;221-260-3
Indéno(1,2,3-cd)pyrène;193-39-5;205-893-2
Iodofenphos;18181-70-9;242-069-1
Ioxynil;1689-83-4;216-881-1
Iprodione;36734-19-7;253-178-9
Fer;7439-89-6;231-096-4
"Sulfate de fer(II) heptahydraté";7782-63-0;
"Dichlorure de fer";7758-94-3;231-843-4
Isobenzan;297-78-9;206-045-4
"Anhydride méthyltétrahydrophtalique (MTHPA)";11070-44-3;234-290-7
"Acrylate d'isobutyle";106-63-8;203-417-8
2-Méthylpropane-1-ol;78-83-1;201-148-0
"Acide isocyanurique";108-80-5;203-618-0
Isodécanol;25339-17-7;246-869-1
"Phosphate d'isodécyle et de diphényle";29761-21-5;249-828-6
"Méthacrylate d'isodécyle";29964-84-9;249-978-2
isodrine;465-73-6;207-366-2
"Alcool isononylique";27458-94-2;248-471-3
"Acrylate d'isooctyle";29590-42-9;249-707-8
"Mercaptoacétate d'isooctyle";25103-09-7;246-613-9
"(2,4,5-Trichlorophénoxy)acétate d'isooctyle";25168-15-4;246-700-1
Isophenphos;25311-71-1;246-814-1
3,5,5-Triméthylcyclohex-2-énone;78-59-1;201-126-0
"Acide isophtalique";121-91-5;204-506-4
Isoprène;78-79-5;201-143-3
Isopropaline;33820-53-0;
"3-Méthyl-3-(p-isobutylphényl)oxirane-2-carboxylate d'isopropyle";53500-83-7;258-587-6
"Hydrogénométhylphosphonate d'isopropyle";1832-54-8;690-113-7
"Bis(2-aminobenzènesulfonate) de isopropylidènedi-1,4-phénylène";68015-60-1;268-141-2
Isoproturon;34123-59-6;251-835-4
Isoxaben;82558-50-7;407-190-8
Isoxaflutole;141112-29-0;604-222-4
"Acide Itaconique";97-65-4;202-599-6
"Jet Fuels (Jp-4 et Jp-7)";50815-00-4;
"Kérosène (Pétrole)";8008-20-6;232-366-4
Kaolin;1332-58-7;310-194-1
Meptyldinocap;131-72-6;679-522-1
Kelevan;4234-79-1;
"Kérosène (Pétrole), Hydrodésulfuré";64742-81-0;265-184-9
"Kresoxim méthyle";143390-89-0;604-351-6
Lactofen;77501-63-4;616-466-9
"Lambda Cyhalothrine";91465-08-6;415-130-7
Plomb;7439-92-1;231-100-4
Lénacile;2164-08-1;218-499-0
Leptophos;21609-90-5;244-472-8
Lévoménol;23089-26-1;245-423-3
Ligroïne;8032-32-4;232-453-7
"Acétate de linalyle";115-95-7;204-116-4
Lindane;58-89-9;200-401-2
"Alkylbenzène sulfonate linéaire et composés";42615-29-2;
"Huile de lin époxydée";8016-11-3;232-401-3
Linuron;330-55-2;206-356-5
Lithium;7439-93-2;231-102-5
"Bromure de lithium";7550-35-8;231-439-8
L-Menthol;2216-51-5;218-690-9
Londax;83055-99-6;401-340-6
Malathion;121-75-5;204-497-7
"Anhydride maléique";108-31-6;203-571-6
"Hydrazinde maléique";123-33-1;204-619-9
Manèbe;12427-38-2;235-654-8
Manganèse;7439-96-5;231-105-1
"4,4'-Méthylène bis(2-chloroaniline)";101-14-4;202-918-9
1,3-Benzothiazole-2(3H)-thione;149-30-4;205-736-8
Mélamine;108-78-1;203-615-4
Méothrine;64257-84-7;
"Mepacrine, Chlorhydrate";69-05-6;200-700-0
"Chlorure de 1,1-diméthylpipéridinium";24307-26-4;246-147-6
"Mepiquat chlorure";15302-91-7;604-881-8
Méthiocarbe;2032-65-7;217-991-2
"Dichlorure de mercure";7487-94-7;231-299-8
Mercure;7439-97-6;231-106-7
"Phosphorotrithioite de tributyle";150-50-5;205-761-4
"Trithiophosphate de S,S,S-tributyle";78-48-8;
Mestranol;72-33-3;
Benzthiazuron;1929-88-0;217-685-9
Métalaxil;57837-19-1;260-979-7
2,4,6,8-tétraméthyl-1,3,5,7-tétraoxacyclooctane;108-62-3;203-600-2
Métamitrone;41394-05-2;
Métazachlore;67129-08-2;
Metconazole;125116-23-6;603-031-3
Méthabenzthiazuron;18691-97-9;242-505-0
"Méthacrylate de 2,3-époxypropyle";106-91-2;203-441-9
"Acide Méthacrylique";79-41-4;201-204-4
"Méthacrylate de 2-(diéthylamino)éthyle";105-16-8;203-275-7
"Méthacrylate d'icosyle";45294-18-6;256-220-4
"Méthacrylate de 3-(trichlorosilyl)propyle";7351-61-3;
"Méthacrylate de pentadécyle";6140-74-5;
Méthylacrylonitrile;126-98-7;204-817-5
Méthamidophos;10265-92-6;233-606-0
Méthylamine;74-89-5;200-820-0
Méthanol;67-56-1;200-659-6
Méthenamine;100-97-0;202-905-8
Méthidathion;950-37-8;
Méthomyl;16752-77-5;240-815-0
Méthoxychlore;72-43-5;200-779-9
"Anthranilate de méthyle";134-20-3;205-132-4
"Abiétate de méthyle";127-25-3;204-832-7
"Acrylate de Méthyle";96-33-3;202-500-6
Bromophos;2104-96-3;218-277-3
Chlorométhane;74-87-3;200-817-4
"Chloroformiate de Méthyle";79-22-1;201-187-3
Iodométhane;74-88-4;200-819-5
"Méthyl isobutyl cétone";108-10-1;203-550-1
"Isocyanate de Méthyle";624-83-9;
"Laurate de méthyle";111-82-0;203-911-3
Méthanéthiol;74-93-1;200-822-1
Méthylmercure(1+);22967-92-6;694-823-8
"Méthacrylate de Méthyle";80-62-6;201-297-1
"Méthyl parathion";298-00-0;206-050-1
"Oxyde de tert-butyle et de méthyle";1634-04-4;216-653-1
"(13β)-Abiétan-18-oate de méthyle";19941-28-7;243-435-3
"Chlorure de méthyl[3-phényl-3-[4-(trifluorométhyl)phénoxy]propyl]ammonium";56296-78-7;260-101-2
"Acétate de méthyle";79-20-9;201-185-2
Méthylcyclohexane;108-87-2;203-624-3
"Diisocyanate de 4,4'-méthylènediphényle";101-68-8;202-966-0
"Diisocyanate de diphénylméthane polymère";9016-87-9;
"Diisocyanate de diphénylméthane";26447-40-5;247-714-0
"Acétate d'isopropyle";108-21-4;203-561-1
"Acétate d'isobutyle";110-19-0;203-745-1
"Isobutyrate d'isobutyle";97-85-8;202-612-5
"méthacrylate d'isobutyle";97-86-9;202-613-0
"Produit de réaction de l'ester de tallate de méthylétain et de 2-mercaptoéthyle";201687-57-2;
"3-(3,5-di-tert-butyl-4-hydroxyphényl)propionate de méthyle";6386-38-5;228-985-4
Metiram;9006-42-2;
Métobromuron;3060-89-7;221-301-5
Metolachlore;51218-45-2;
Metosulame;139528-85-1;410-240-1
Métribuzine;21087-64-9;244-209-7
Metsulfuron-méthyle;74223-64-6;
mevinphos;7786-34-7;232-095-1
Miconazole;22916-47-8;245-324-5
"Nitrate de miconazole";22832-87-7;245-256-6
midazolam;59467-70-8;261-774-5
pétrole;8002-05-9;
Mirex;2385-85-5;219-196-6
Molinate;2212-67-1;218-661-0
molybdène;7439-98-7;
"Monobutylétain cation";78763-54-9;
"4-Butyl-10-éthyl-4-[[2-[(2-éthylhexyl)oxy]-2-oxoéthyl]thio]-7-oxo-8-oxa-3,5-dithia-4-stannatétradecanoate de 2-éthylhexyle";26864-37-9;248-070-3
Monochloramine;10599-90-3;200-246-0
Monolinuron;1746-81-2;217-129-5
"Dichlorure de morfamquat";4636-83-3;
Morpholine;110-91-8;203-815-1
1,1,3,3,5-Pentaméthyl-4,6-dinitroindane;116-66-5;204-149-4
"Phénylènediamine (méta-)";108-45-2;203-584-7
m-Toluidine;108-44-1;203-583-1
"Acide Mucochlorique";87-56-9;201-752-4
"Musc Xylène";81-15-2;201-329-4
"Gaz Moutarde";505-60-2;
N-(1,4-Diméthylpentyl)-N'-phénylbenzène-1,4-diamine;3081-01-4;221-374-3
N-(2-Octanyl)-N'-phényl-1,4-benzènediamine;15233-47-3;239-281-1
N,N,N',N'-tétraméthyl-4,4'-benzylidènedianiline;129-73-7;204-961-9
N,N,N'-Tris(1-Méthylpropyl)Benzène-1,4-Diamine;64381-97-1;
N,N'-bis(1,4-Diméthylpentyl)-p-phénylenediamine;3081-14-9;221-375-9
N,N'-bis(1-éthyl-3-méthylpentyl)-p-phénylenediamine;139-60-6;205-368-8
N,N'-Bis(2,4-dinitrophényl)-3,3'-diméthoxy[1,1'-biphényl]-4,4'-diamine;29398-96-7;249-605-3
N,N'-Di-2-Naphtyl-P-Phénylenediamine;93-46-9;
N,N-Diméthylacétamide;127-19-5;204-826-4
Dodécyldiméthylamine;112-18-5;203-943-8
N,N-Diméthylformamide;68-12-2;200-679-5
N-[3-Phényl-4,5-Bis[(Trifluorométhyl)Imino]Thiazolidine-2-Ylidène]Aniline;37893-02-0;253-703-1
"Naphta Lourd (Pétrole), Alkylation";64741-65-7;265-067-2
"Naphta Lourd (Pétrole), Hydrodésulfuré";64742-82-1;265-185-4
"Naphta Léger (Pétrole), Hydrodésulfuré Et Désaromatisé";92045-53-9;
"Naphta Lourd (Pétrole), Hydrotraité";64742-48-9;265-150-3
"Naphta Léger (Pétrole), Hydrotraité";64742-49-0;265-151-9
"Naphta Léger (Pétrole), Reformage Catalytique";64741-63-5;265-065-1
"Naphta Léger (Pétrole), Raffiné Au Solvant";64741-84-0;265-086-6
Naphtacène;92-24-0;
Naphtalène;91-20-3;202-049-5
"Naphtalène, Dérivés Chloro";70776-03-3;
Méthylnaphtalène;1321-94-4;215-329-7
"Naphtalène-2,6-Dicarboxylate de Diméthyle";840-65-3;212-661-4
Dibenzo(ae)pyrène;192-65-4;205-891-1
Napropamide;15299-99-7;239-333-3
Butane-1-ol;71-36-3;200-751-6
N-Cyclohexylbenzothiazole-2-Sulfénamide;95-33-0;202-411-2
Néburon;555-37-3;
"Peroxynéodécanoate de tert-butyle";26748-41-4;247-955-1
"Néodécanoate de Vinyle";51000-52-3;256-905-8
Sarin;107-44-8;
"Agents Neurotoxiques Sornan (Gd)";96-64-0;
Tabun;77-81-6;
"Agent Vx";50782-69-9;
"N-Et-Fose Alcohol";1691-99-2;216-887-4
Heptane;142-82-5;205-563-8
Nickel;7440-02-0;231-111-4
"Carbonate de Nickel";3333-67-3;222-068-2
"Nickel tétracarbonyle";13463-39-3;236-669-2
"Dichlorure de Nickel";7718-54-9;231-743-0
"Dinitrate de nickel anhydre";13138-45-9;236-068-5
"Subsulfure de nickel";12035-72-2;234-829-6
"Sulfate de Nickel";7786-81-4;232-104-9
Niclofolan;10331-57-4;233-720-0
Nicosulfuron;111991-09-4;601-148-4
Nicotinamide;98-92-0;202-713-4
"Acide Nicotinique";59-67-6;200-441-0
Nicotinonitrile;100-54-9;202-863-0
"Acide Niflumique";4394-00-7;224-516-2
N-Isopropyl-N'-phényl-p-phénylènediamine;101-72-4;202-969-7
Nitrapyrine;1929-82-4;217-682-2
Nitrate;14797-55-8;
"Monoxyde d'azote";10102-43-9;233-271-0
"Acide nitreux";14797-65-0;
Nitrobenzène;98-95-3;202-716-0
Nitrofène;1836-75-5;217-406-0
"Dioxyde d'azote";10102-44-0;233-272-6
1-Nitroguanidine;556-88-7;209-143-5
Nitrométhane;75-52-5;200-876-6
N,N-Diméthylaniline;121-69-7;204-493-5
N-Nitrosodiéthanolamine;1116-54-7;214-237-4
Diméthylnitrosamine;62-75-9;200-549-8
Dibutylnitrosamine;924-16-3;213-101-1
Dipropylnitrosamine;621-64-7;210-698-0
Nitrosodiphénylamine;86-30-6;209-143-5
N-Méthyl-N-nitrosoéthanamine;10595-95-6;621-991-1
N-Nitrosopyrrolidine;930-55-2;213-218-8
Nonabromo-1,1'-biphényl;27753-52-2;248-637-5
Pentabromo(Tétrabromophénoxy)Benzène;63936-56-1;
Nonachloro-1,1'-Biphényl;53742-07-7;
Nonane;111-84-2;203-913-4
Nonène;27215-95-8;248-339-5
p-Nonylphénol;104-40-5;203-199-4
Nonylphénol;25154-52-3;246-672-0
"Éthylidène norbornène";16219-75-3;240-347-7
Norflurazone;27314-13-2;248-397-1
"Thiophosphate de O-(2,6-Dichloro-P-Tolyle) Et de O,O-Diméthyle";57018-04-9;260-515-3
"Thiophosphate de O,O,O-Tris(4-Nitrophényle)";64131-85-7;264-697-5
"Hydrogénodithiophosphate de O,O-diisooctyle";26999-29-1;248-161-8
"Acide Benzènedicarboxylique-1,2, Esters de Dialkyles En C16-18";90193-76-3;290-580-3
2-Chlorotoluène;95-49-8;202-424-3
Tétrabromo(tétrabromophényl)benzène;27858-07-7;248-696-7
"Octabromodiphényl ether";32536-52-0;251-087-9
Octachloronaphtalène;2234-13-1;218-778-7
Octachlorostyrène;29082-74-4;684-175-4
1-Octadécanol;112-92-5;204-017-6
1-Octadécène;112-88-9;204-012-9
"Acide Octadécène-9 Oïque, (Z)-, Époxydé, Ester Avec Le Propylèneglycol";68609-92-7;271-842-6
"Méthacrylate d'octadecyle";32360-05-7;251-013-5
"Amino-1 octadécane";124-30-1;204-695-3
Linalol;78-70-6;201-134-4
Cyclotétraméthylènetétranitramine;2691-41-0;220-260-0
N-Octylamine;111-86-4;203-916-0
Octane;111-65-9;203-892-1
"Octène, Produits d'Hydroformylation";68527-05-9;271-250-8
p-Octylphénol;1806-26-4;217-302-5
1,2-Dinitrobenzène;528-29-0;
Estradiol;50-28-2;200-023-8
Estrone;53-16-7;200-164-5
Ométhoate;1113-02-6;214-197-8
O-Anisidine;90-04-0;201-963-1
Oryzalin;19044-88-3;242-777-0
Toluène-2-Sulfonamide;88-19-7;201-808-8
"Otto fuel II";106602-80-6;
"10-Éthyl-4,4-Diméthyl-7-Oxo-8-Oxa-3,5-Dithia-4-Stannatétradecanoate de 2-Éthylhexyle";57583-35-4;260-829-0
"10-Éthyl-4-[[2-[(2-Éthylhexyl)Oxy]-2-Oxoéthyl]Thio]-4-Méthyl-7-Oxo-8-Oxa-3,5-Dithia-4-Stannatétradecanoate de 2-Éthylhexyle";57583-34-3;260-828-5
"4,4-Dibutyl-10-éthyl-7-oxo-8-oxa-3,5-dithia-4-stannatétradecanoate de 2-éthylhexyle";10584-98-2;234-186-1
Oxadiazon;19666-30-9;243-215-7
Oxadixyl;77732-09-3;
Oxamyl;23135-22-0;245-445-3
"Oxétannone-2, Dérivés Alkyl-3 En C12-16 Alkylidène-4 En C13-17";84989-41-3;284-932-5
"Oxétanone-2, Dérivés Alkyl-3 En C14-16 Alkylidène-4 En C15-17";98246-87-8;308-760-8
"Trioxyde de diarsenic";1327-53-3;215-481-4
Oxydéméton-méthyl;301-12-2;206-110-7
Oxyfluorfène;42874-03-3;
"m-[(p-Anilinophényl)azo]benzènesulfonate de p,p',p''-tris(diméthylamino)tritylium";65294-17-9;265-686-8
"Oxyde de bis(4-bromophényle)";2050-47-7;218-090-7
4,4'-DDD;72-54-8;200-783-0
4,4'-DDE;72-55-9;200-784-6
Paclobutrazol;76738-62-0;
(±)-Dihydro-3-hydroxy-4,4-diméthylfuranne-2(3H)-one;79-50-5;201-210-7
"Paraffines Normales (Pétrole), C5-20";64771-72-8;265-233-4
p-Phénylenediamine;106-50-3;203-404-7
"Di(méthylsulfate) de paraquat";2074-50-2;218-196-3
Parathion;56-38-2;
"Oxyde de 4-bromophényle et de phényle";101-55-3;202-952-4
"PCB 101";37680-73-2;
"PCB 105";32598-14-4;634-808-5
"PCB 110";38380-03-9;
"PCB 118";31508-00-6;621-375-2
"PCB 126";57465-28-8;
"PCB 128";38380-07-3;
"PCB 132";38380-05-1;
"PCB 138";35065-28-2;
"PCB 149";38380-04-0;
"PCB 153";35065-27-1;
"PCB 156";38380-08-4;
"PCB 169";32774-16-6;
"PCB 170";35065-30-6;
"PCB 18";37680-65-2;
"PCB 180";35065-29-3;
"PCB 187";52663-68-0;
"PCB 194";35694-08-7;
"PCB 199";52663-75-9;
"PCB 22";38444-85-8;
"PCB 28";7012-37-5;
"PCB 31";16606-02-3;621-296-3
"PCB 33";38444-86-9;
"PCB 35";37680-69-6;
"PCB 52";35693-99-3;
"PCB 70";32598-11-1;630-497-5
"PCB 77";32598-13-3;634-804-3
"PCB 1221";11104-28-2;623-280-1
"Aroclor 1232";11141-16-5;623-278-0
"PCB 1242";53469-21-9;
"PCB 1260";11096-82-5;680-469-1
4-Chloroaniline;106-47-8;203-401-0
1-Chloro-4-(méthylthio)benzène;123-09-1;204-600-5
1-Chloro-4-(Méthylsulfonyl)Benzène;98-57-7;202-682-7
"P-Chlorophenyl Methyl Sulfoxide";934-73-6;
1-[(4-Chlorophényl)Méthyl]-1-Cyclopentyl-3-Phénylurée;66063-05-6;
Pendiméthaline;40487-42-1;254-938-2
2,3,4,5,6,Alpha-Hexabromotoluène;38521-51-6;
"Pentabromodiphényl ether";32534-81-9;251-084-2
2,3,4,5,6-Pentabromoéthylbenzène;85-22-3;
2,3,4,5,6-pentabromotoluène;87-83-2;
Pentabromophénol;608-71-9;210-167-3
Pentachloroaniline;527-20-8;208-410-3
1,2,3,4,5-Pentachloro-6-méthoxybenzène;1825-21-4;625-770-0
Pentachlorobenzène;608-93-5;210-172-5
Pentachlorobenzènethiol;133-49-3;205-107-8
Pentachlorocyclopentadiène;25329-35-5;
Pentachloroéthane;76-01-7;
Pentachloronaphtalène;1321-64-8;215-320-8
Quintozène;82-68-8;
Pentachlorophénol;87-86-5;201-778-6
Pentadécane;629-62-9;211-098-1
4-Pentadécylidène-3-Tétradécyloxétanne-2-One;42272-70-8;
Penta-1,3-Diène;504-60-9;207-995-2
Pentaérythritol;115-77-5;204-104-9
3,6,9,12-Tetraoxatétradécane-1,14-Diol;4792-15-8;225-341-8
Pentafluoroéthane;354-33-6;206-557-8
Pentane-1-Ol;71-41-0;200-752-1
"Aldéhyde valérique normal";110-62-3;203-784-4
N-Pentyl-1-pentanamine;2050-92-2;218-108-3
"Pentane normal";109-66-0;203-692-4
Isohexane;107-83-5;203-523-4
2-Méthylpentane-2,4-diol;107-41-5;203-489-0
2,4-Pentanedione;123-54-6;204-634-0
"Acide valérique";109-52-4;203-677-2
Pentanol;30899-19-5;250-378-8
"Alcool méthylamylique";108-11-2;203-551-7
"Oxyde de mésityle";141-79-7;205-502-5
"Acétate de Pentyle";628-63-7;211-047-3
"(2,4,5-Trichlorophénoxy)acétate de pentyle";120-39-8;204-392-6
"Acide perborique, sel de sodium";11138-47-9;234-390-0
Perméthrine;52645-53-1;258-067-9
1,4-Bis{2-[(2-méthyl-2-propanyl)peroxy]-2-propanyl}benzène;25155-25-3;246-678-3
"Péroxyde de Bis(Alpha,Alpha-Diméthylbenzyle)";80-43-3;201-279-3
"Péroxyde de di-tert-butyle";110-05-4;203-733-6
"Perbenzoate de Tert-Butyle";614-45-9;210-382-2
"Péroxydicarbonate de bis-sec-butyle";19910-65-7;243-424-3
"Peroxydicarbonate de bis(2-éthylhexyle)";16111-62-9;240-282-4
"2-Éthylperoxyhexanoate de tert-butyle";3006-82-4;221-110-7
Pérylène;198-55-0;205-900-9
"Dianhydride perylène-3,4:9,10-tétracarboxylique";128-69-8;204-905-3
Phénanthrène;85-01-8;201-581-5
Phenmediphame;13684-63-4;237-199-0
Phénol;108-95-2;203-632-7
"Éther de diglycidyle et de bisphénol A";1675-54-3;216-823-5
"Dérivés Du Phénol (Tétrapropényle)";74499-35-7;
6-Tert-butyl-2,4-xylénol;1879-09-0;217-533-1
2,4,6-Tribromophénol;118-79-6;204-278-6
2,4,6-Tris(Diméthylaminométhyl)Phénol;90-72-2;202-013-9
2,6-Di-tert-butylphénol;128-39-2;204-884-0
2-Sec-Butylphénol;89-72-5;201-933-8
3-Méthyl-4-nitrophénol;2581-34-2;219-952-5
"Phénol, 4-(1-Méthyléthenyl)-";4286-23-1;
Bisphénol-S;80-09-1;201-250-5
4-Aminophénol;123-30-8;204-616-2
"Phénol Ramifié, Nonyl-4";84852-15-3;284-325-5
"Phénol, Dérivés Alkyles En C12 Et En C18-30, Sulfurisés, Sels de Calcium, Superbasiques";73758-62-0;
"Phénol, Dodécyl-, Sulfurisé, Sels de Calcium";68855-45-8;272-486-4
"Phénol, Dodécyl-, Sulfurisé, Carbonates, Sels de Calcium, Superbasiques";68784-26-9;
Isooctylphénol;11081-15-5;234-304-1
"Phénol, Dérivés Nonyles, Sulfures";68515-93-5;
"Phénol, Nonyl-, Fabrication, Sous-Produits, Point d'Ébullition Élevé";90481-05-3;291-845-6
"Phénol, tétrapropylène-, sulfuré, sels de calcium";122384-85-4;602-701-2
"Phénol, tétrapropylène-, sulfuré, carbonates, sels de calcium, surbasique";122384-87-6;
Thiobis[Tétrapropylènephénol];68815-67-8;
"m-Xylène alpha, alpha'-diamine";1477-55-0;216-032-5
"Acétate de Phénylmercure";62-38-4;
Phosalone;2310-17-0;218-996-2
Phosgène;75-44-5;200-870-3
"Oxime de phosgène";1794-86-1;
Phosmet;732-11-6;
Phosphine;7803-51-2;232-260-8
"Acide etidronique";2809-21-4;220-552-8
"Acide (1-Hydroxyéthylidène)Bisphosphonique, Sel de Potassium";67953-76-8;267-956-0
"Acide (1-hydroxyéthylidène)bisphosphonique, sel de sodium";29329-71-3;249-559-4
"Acide [[(2-Hydroxyéthyl)Imino]Bis(Méthylène)]Bisphosphonique";5995-42-6;
"Hydrogéno[10,10-dihydroxy-10-oxydo-2,5,8-tris(phosphonométhyl)-2,5,8-triaza-10λ5-phosphadéc-1-yl]phosphonate de sodium";22042-96-2;244-751-4
"Acide Nitrilotriméthylènetriphosphonique";6419-19-8;229-146-5
"Hydrogéno-C,C',C''-nitrilotris(méthylphosphonate) de pentasodium";2235-43-0;218-971-8
"Acide [nitrilotris(méthylène)]trisphosphonique, sel de sodium";20592-85-2;243-900-0
"Acide Orthophosphorique";7664-38-2;231-633-2
"Anhydride Phtalique";85-44-9;201-607-5
Phtalimide;85-41-6;201-603-3
Phtalonitrile;91-15-6;202-044-8
Piclorame;1918-02-1;217-636-1
5-Éthyl-2-méthylpyridine;104-90-5;203-250-0
"Bis[2-Chloro-5-[(2-Hydroxy-1-Naphtyl)Azo]Toluène-4-Sulfonate] de Baryum";5160-02-1;225-935-3
2,2'-[(3,3'-Dichloro[1,1'-Biphényl]-4,4'-Diyl)Bis(Azo)]Bis[N-(2,4-Diméthylphényl)-3-Oxobutyramide];5102-83-0;225-822-9
Pimozide;2062-78-4;218-171-7
Pin-2(3)-Ène;80-56-8;201-291-9
Pipérazine;110-85-0;203-808-3
2-Pipérazine-1-yléthylamine;140-31-8;205-411-0
2-Pipérazine-1-yléthanol;103-76-4;203-142-3
Pipéridine;110-89-4;203-813-0
2,2,6,6-Tétraméthylpipéridine-4-ol;2403-88-5;219-292-2
Pirimiphos-méthyl;29232-93-7;249-528-5
"Brai de Goudron de Houille À Haute Température";65996-93-2;266-028-2
Platine;7440-06-4;231-116-1
Plutonium;7440-07-5;231-116-1
"Biphényles Polybromés";59536-65-1;
"Hydrocarbures Aromatiques Polycycliques";130498-29-2;
"Benzoate de Potassium";582-25-2;209-481-3
"Chlorure de Potassium";7447-40-7;231-211-8
"Cyanure de potassium";151-50-8;205-792-3
"Dichromate de Potassium";7778-50-9;231-906-6
"Hydroxyde de potassium";1310-58-3;215-181-3
"Dicyanoargentate de Potassium";506-61-6;208-047-0
Prochloraz;67747-09-5;
Prochlorperazine;58-38-8;200-379-4
Procymidone;32809-16-8;
Profluraline;26399-36-0;247-656-6
Prometone;1610-18-0;216-548-0
Prométryne;7287-19-6;230-711-3
Propyzamide;23950-58-5;245-951-4
Propachlore;1918-16-7;217-638-2
"Propamocarbe HCL";24579-73-5;607-406-2
"Aldéhyde propionique";123-38-6;204-623-0
Isobutyraldéhyde;78-84-2;201-149-6
Isopropylamine;75-31-0;200-860-9
Tert-Butylamine;75-64-9;200-888-1
Diisopropylamine;108-18-9;203-558-5
Éthylidynetriméthanol;77-85-0;201-063-9
2,2-Diméthylpropane-1,3-diol;126-30-7;204-781-0
Propylidynetriméthanol;77-99-6;201-074-9
Lactonitrile;78-97-7;201-163-2
"Péroxypivalate de Tert-Butyle";927-07-1;213-147-2
Propanil;709-98-8;211-914-6
"Acide Isobutyrique";79-31-2;201-195-7
"Anhydride Isobutyrique";97-72-3;202-603-6
"Diisobutyrate de 1-Isopropyl-2,2-Diméthyltriméthylène";6846-50-0;229-934-9
"Acide isobutyrique, monoester avec 2,2,4-triméthylpentane-1,3-diol";25265-77-4;246-771-9
"3-Mercaptopropionate de méthyle";2935-90-2;220-912-4
"Anhydride propionique";123-62-6;204-638-2
"Acétate d'Éther Méthylique de Dipropylène Glycol (Mélange d'Isomères)";88917-22-0;406-880-6
[(Méthyléthylène)bis(oxy)]dipropanol;24800-44-0;246-466-0
"2(2-Méthoxyméthyléthoxy)-méthyléthoxy propanol";25498-49-1;247-045-4
"Ether monobutylique du dipropylène glycol";29911-28-2;249-951-5
(2-Méthoxyméthylethoxy)Propanol;34590-94-8;252-104-2
"Dipropylène glycol";110-98-5;203-821-4
1-[2-(2-Méthoxy-1-méthylethoxy)-1-méthylethoxy]propane-2-ol;20324-33-8;243-734-9
1-Aminopropane-2-Ol;78-96-6;201-162-7
1-Butoxypropane-2-Ol;5131-66-8;225-878-4
1-Phénoxypropane-2-Ol;770-35-4;212-222-7
"Dipropylène glycol (mélange d'isomères)";25265-71-8;246-770-3
Propaquizafop;111479-05-1;642-426-5
Propargil;2312-35-8;219-006-1
"Alcool propargylique";107-19-7;203-471-2
Propazine;139-40-2;205-359-9
N-éthylméthacrylamine;18328-90-0;242-217-5
Méthacrylamide;79-39-0;201-202-3
Propylène;115-07-1;204-062-1
2-Méthylpropène;115-11-7;204-066-3
Hexafluoropropène;116-15-4;204-127-4
"Diacrylate de 2-éthyl-2-[[(1-oxoallyl)oxy]méthyl]-1,3-propanediyle";15625-89-5;239-701-3
"Méthacrylate d'Exo-1,7,7-Triméthylbicyclo[2.2.1]Hept-2-Yle";7534-94-3;231-403-1
"triméthacrylate de propylidynetriméthyle";3290-92-4;
"Méthacrylate d'Allyle";96-05-9;202-473-0
"Diméthacrylate de triéthylèneglycol";109-16-0;203-652-6
Prophame;122-42-9;204-542-0
Propiconazole;60207-90-1;262-104-4
"Acide Propionique";79-09-4;201-176-3
"Acide 3-mercaptopropionique";107-96-0;203-537-0
3-(Triethoxysilyl)Propiononitrile;919-31-3;213-050-5
"Acétate de propyle normal";109-60-4;203-386-1
3-Aminopropyltriéthoxysilane;919-30-2;213-048-4
3-Méthoxypropylamine;5332-73-0;226-241-3
Propane-1,2-diol;57-55-6;200-338-0
"Propylène glycol monoéthyl éther";52125-53-8;
"Éther monométhylique de propylène glycol";107-98-2;203-539-1
"Oxyde de propylène";75-56-9;200-879-2
2-Méthylaziridine;75-55-8;200-878-7
Prosulfocarbe;52888-80-9;401-730-6
Toluène-4-Sulfonamide;70-55-3;200-741-1
3,4-Dihydro-2-Méthoxy-2H-Pyranne;4454-05-1;224-698-3
Chloridazone;1698-60-8;216-920-2
Pyrazophos;13457-18-6;236-656-1
Pyrène;129-00-0;204-927-3
"Thiocarbonate de O-(6-Chloro-3-Phénylpyridazine-4-Yle) Et de S-Octyle";55512-33-9;
Pyridine;110-86-1;203-809-9
2,3,5,6-Tétrachloropyridine;2402-79-1;219-283-9
"Chloro-2 pyridine";109-09-1;203-646-3
4-Méthylpyridine;108-89-4;203-626-4
"Pyridine, Dérivés Alkyles";68391-11-7;269-929-9
Pyridine-2-carbonitrile;100-70-9;202-880-3
"Pyridinium, (Phénylméthyl)-1, Dérivés Éthyles Et Méthyles, Chlorures";68909-18-2;272-695-0
Pyriméthanil;53112-28-0;414-220-3
"Diméthylcarbamate de (diméthylamino)-2 diméthyl-5,6 pyrimidin-4 yle";23103-98-2;245-430-1
Catéchol;120-80-9;204-427-5
1-Méthyl-2-Pyrrolidone;872-50-4;212-828-1
"Phosphorothioate de O,O-diéthyle et de O-2-quinoxalinyle";13593-03-8;237-031-6
Quinmerac;90717-03-6;402-790-6
p-Benzoquinone;106-51-4;203-405-2
"Quinoxyfen  ";124495-18-7;602-997-3
Quizalofop-p-éthyle;100646-51-3;600-119-3
Radium;7440-14-4;
Radon-222;14859-67-7;233-146-0
"Raffinats (Pétrole), Adsorption";64741-85-1;
"Résidus (Goudron de Houille), Distillation de Brai";92061-94-4;
Resméthrine;10453-86-8;233-940-7
Roténone;83-79-4;
Savey;78587-05-0;
Sébuthylazine;7286-69-3;
Secbuméton;26259-45-0;247-554-1
"Acide sélénieux";7783-00-8;231-974-7
Sélénium;7782-49-2;231-957-4
"Monosulfure de sélénium";7446-34-6;
Sélénourée;630-10-4;
Dibutyltin;1002-53-5;621-338-0
2-[1-(Ethoxyimino)Butyl]-5-(2-Éthylthiopropyl)-3-Hydroxycyclohex-2-Ène-1-One;74051-80-2;
"Dipropylthiocarbamate de S-éthyle";759-94-4;212-073-8
Flunarizine;52468-60-7;
1,1,1,3,3,3-Hexaméthyldisilazane;999-97-3;213-668-5
Trichloro(3-chloropropyl)silane;2550-06-3;219-844-8
3-Chloropropyltriméthoxysilane;2530-87-2;219-787-9
Chlorodiméthylsilane;1066-35-9;213-912-0
Chlorotriméthylsilane;75-77-4;200-900-5
Dichloro(diméthyl)silane;75-78-5;200-901-0
Dichloro(diphényl)silane;80-10-4;201-251-0
Dichloro(méthyl)(vinyl)silane;124-70-9;204-710-3
Dichloro(méthyl)silane;75-54-7;200-877-1
Dichlorométhyl(3,3,3-Trifluoropropyl)Silane;675-62-7;211-623-4
"Tétrachlorure de silicium";10026-04-7;233-054-0
Tétraméthylsilane;75-76-3;200-899-1
Silicochloroforme;10025-78-2;233-042-5
Trichloro(Vinyl)Silane;75-94-5;200-917-8
Trichloro(éthyl)silane;115-21-9;204-072-6
Trichloro(Méthyl)Silane;75-79-6;200-902-6
Trichloro(Phényl)Silane;98-13-5;202-640-8
Triméthoxysilane;2487-90-3;219-637-2
"((Époxy-2,3 propoxy)-3 propyl) triméthoxysilane";2530-83-8;219-784-2
Méthyltriméthoxysilane;1185-55-3;214-685-0
"Triacétate d'éthyl silanetriol";17689-77-9;241-677-4
"Triacétate de Méthylsilanetriyle";4253-34-3;224-221-9
"Orthosilicate de tétraéthyle";78-10-4;201-083-8
"Métasilicate de sodium nonahydraté";13517-24-3;603-903-3
"Tétranitrure de trisilicium";12033-89-5;234-796-8
Argent;7440-22-4;231-131-3
"Cyanure d'argent";506-64-9;208-048-6
Simazine;122-34-9;204-535-2
"Azoture de sodium";26628-22-8;247-852-1
"benzoate de sodium";532-32-1;208-534-8
"Carbonate de sodium";497-19-8;207-838-8
"Chloroacétate de Sodium";3926-62-3;223-498-3
"Chromate de Sodium";7775-11-3;231-889-5
"Cyanure de sodium";143-33-9;205-599-4
"Dichromate de sodium";10588-01-9;234-190-3
"Dichromate de sodium , dihydraté";7789-12-0;
"Diéthyldithiocarbamate de sodium";148-18-5;205-710-6
"Dithionite de sodium";7775-14-6;231-890-0
"Laurylsulfate de sodium";151-21-3;205-788-1
"Éthylenesulfonate de sodium";3039-83-6;221-242-5
"Edétate ferrique et monopotassique";15708-41-5;239-802-2
"Fluoroacétate de Sodium";62-74-8;200-548-2
"Bicarbonate de sodium";144-55-8;205-633-8
"Hydroxyde de sodium";1310-73-2;215-185-5
"Hypochlorite de Sodium";7681-52-9;231-668-3
"Silicate de sodium";1344-09-8;215-687-4
"Solvant Naphta Aromatique Lourd (Pétrole)";64742-94-5;265-198-5
"Solvant Naphta Naphténique Léger (Pétrole), Hydrotraité";92062-15-2;
"Solvant Naphta Aliphatique Léger (Pétrole)";64742-89-8;265-192-2
"Solvant Naphta Aromatique Léger (Pétrole)";64742-95-6;265-199-0
"Solvant Naphta Aliphatique Moyen (Pétrole)";64742-88-7;265-191-7
"Stéarate de sorbitan";1338-41-6;215-664-9
"Huile de Soja Époxydée";8013-07-8;232-391-0
"Trichlorure de butylétain (normal-)";1118-46-3;214-263-6
"Dichlorure de Diméthyletain";753-73-1;212-039-2
dichlorodioctylstannane;3542-36-7;222-583-2
"Oxyde de Dioctylétain";870-08-6;212-791-1
"Tétrachlorure d'Étain";7646-78-8;231-588-9
Tétraoctylétain;3590-84-9;222-733-7
"Stannane, Tributyl-, Dérivés Mono(Naphténoyloxy)";85409-17-2;287-083-9
"Chlorure de tributylétain";1461-22-9;215-958-7
Trichlorométhylstannane;993-16-8;213-608-8
Trichlorooctylstannane;3091-25-6;221-435-4
"Solvant Stoddard";8052-41-3;232-489-3
"Strobane Dichloricide Aérosol";8001-50-1;
strontium;7440-24-6;231-133-4
strychnine;57-24-9;
Styrène;100-42-5;202-851-5
Sulcotrione;99105-77-8;
"Dioxyde de soufre";7446-09-5;231-195-2
"Trioxyde de soufre";7446-11-9;231-197-3
"Acide sulfurique";7664-93-9;231-639-5
"Dichlorure de sulfuryle";7791-25-5;232-245-6
Systhane;88671-89-0;410-400-0
2-Chloro-2-Méthylpropane;507-20-0;208-066-4
"2,3,7,8-Tétrachlorodibenzo-para-dioxine ";1746-01-6;217-122-7
Tébuconazole;107534-96-3;403-640-2
N-Benzyl-N-Isopropyl-2,2-Diméthylpropionamide;35256-85-0;
tebuthiuron;34014-18-1;
"Hexachlorocyclohexane (Mélange Des Isomères)";608-73-1;210-168-9
Tecnazène;117-18-0;117-18-0
Terbacile;5902-51-2;
Terbuméton;33693-04-8;
Terbutryne;886-50-0;
Terbuthylazine;5915-41-3;
"Acide téréphtalique";100-21-0;202-830-0
Térofénamate;29098-15-5;249-434-4
Terphényle;26140-60-3;247-477-3
"Terphényle Chloré";61788-33-8;262-968-2
"Hydropéroxyde de Tert-Butyle";75-91-2;200-915-7
"Enantate de testostérone";315-37-7;206-253-5
"Oxyde de Diphényle, Dérivé Tétrabromé";40088-47-9;
"Tétrabromure de Carbone";558-13-4;
Tétrabutylétain;1461-25-2;215-960-8
Tetrachlorocyclopentadiène;695-77-2;
Tétrachloroéthylène;127-18-4;204-825-9
Tétrachloronaphtalène;1335-88-2;215-642-9
"Phosphate de 2-Chloro-1-(2,4,5-Trichlorophényl)Vinyle Et de Diméthyle";961-11-5;
Tétraconazole;112281-77-3;407-760-6
Tétradécafluorohexane;355-42-0;206-585-0
Tétradécahydro-7-isopropyl-1,4a-diméthylphénanthrène-1-méthanol;13393-93-6;236-476-3
Tétradécane;629-59-4;211-096-0
"Alcool myristique";112-72-1;204-000-3
Tetradec-1-ène;1120-36-1;214-306-9
"Méthacrylate de tétradécyle";2549-53-3;219-835-9
Tétradifon;116-29-0;204-134-2
"Tétraéthyle de Plomb";78-00-2;201-075-4
Sulfotep;3689-24-5;
"Tétraéthylène glycol";112-60-7;203-989-9
Tétraéthylènepentamine;112-57-2;203-986-2
Tétrahydrofurane;109-99-9;203-726-8
"Tétramère 1-Propène";6842-15-5;
Tétramethrine;7696-12-0;
"Tétraméthyle de plomb";75-74-1;
"Éthylenediaminetétraacétate de Tétrasodium";64-02-8;200-573-9
Tétrasule;2227-13-6;218-761-4
N-Méthyl-N,2,4,6-Tétranitroaniline;479-45-8;
"Oxyde de thallium(III)";1314-32-5;215-229-3
Thallium;7440-28-0;231-138-1
"Sulfate de Dithallium";7446-18-6;231-201-3
"Acétate de Thallium";563-68-8;239-947-1
"Carbonate de Dithallium";6533-73-9;229-434-0
"Chlorure de Thallium";7791-12-0;
"Nitrate de thallium";10102-45-1;233-273-1
"Séléniure de thallium";12039-52-0;234-895-6
Théophylline;58-55-9;200-385-7
Thifensulfuron;79277-67-1;
Thiobencarbe;28249-77-6;248-924-5
Thiabendazole;148-79-8;205-725-8
Thiométon;640-15-3;
"Méthyl thiophanate";23564-05-8;245-740-7
Thiophène;110-02-1;203-729-4
"1,1-Dioxyde de tétrahydrothiophène";126-33-0;204-783-1
Thirame;137-26-8;205-286-2
Thorium;7440-29-1;
Thymol;89-83-8;201-944-8
Timipérone;57648-21-2;260-880-9
Étain;7440-31-5;231-141-8
"4-Butyl-14-méthyl-4-({2-[(6-méthylheptyl)oxy]-2-oxoéthyl}sulfanyl)-7-oxo-8-oxa-3,5-dithia-4-stannapentadécan-1-oate de 6-méthylheptyle";25852-70-4;247-295-4
"2,2'-[(Dibutylstannylène)bis(thio)]diacétate de diisooctyle";25168-24-5;246-703-8
"2,2'-[(Diméthylstannylène)bis(thio)]diacétate de diisooctyle";26636-01-1;247-862-6
"2,2',2''-[(Méthylstannylidyne)Tris(Thio)]Triacétate de Triisooctyle";54849-38-6;259-374-0
Titane;7440-32-6;231-142-3
"Tétrachlorure de Titane";7550-45-0;231-441-9
Toluène;108-88-3;203-625-9
4-Nitrotoluène;99-99-0;202-808-0
Toluène-2,3-diamine;2687-25-4;220-248-5
4-Méthyl-O-Phénylenediamine;496-72-0;207-826-2
"Acide 4-nitrotoluène-2-sulfonique";121-03-9;204-445-3
"Acide 4-Aminotoluène-3-Sulfonique";88-44-8;201-831-3
Toxaphène;8001-35-2;
"2,2-diméthyl-3-(1,2,2,2-tétrabromoéthyl)cyclopropanecarboxylate de alpha-cyano-3-phénoxybenzyle";66841-25-6;
trans-Dichloroéthylene;156-60-5;205-860-2
Triallate;2303-17-5;218-962-7
Triasulfuron;82097-50-5;617-298-9
Triazamate;112143-82-5;601-165-7
Tris(2-Hydroxyéthyl)-1,3,5-Triazinetrione;839-90-7;212-660-9
6-Phényl-1,3,5-Triazine-2,4-Diyldiamine;91-76-9;202-095-6
Triazophos;24017-47-8;245-986-5
"Tribenuron méthyl  ";101200-48-0;401-190-1
Tribromochlorométhane;594-15-0;
"Oxyde de Diphényle, Dérivé Tribromé";49690-94-0;
"Phosphate de tributyle";126-73-8;204-800-2
Tributyl(dodecanoyloxy)stannane;3090-36-6;221-434-9
Tributylamine;102-82-9;203-058-7
"Tributyltin cation";36643-28-4;
Tributylétain;688-73-3;211-704-4
"Oxyde de bis(tributyltétain)";56-35-9;200-268-0
Trichlorfon;52-68-6;200-149-3
Trichloro(6-méthylheptyl)silane;18379-25-4;242-262-0
"Acide Trichloroacétique";76-03-9;200-927-2
1,2,3-Trichlorobenzène;12002-48-1;234-413-4
Triclocarban;101-20-2;202-924-1
Trichlorocyclopentadiene;77323-84-3;
Trichloroéthylène;79-01-6;201-167-4
Trichlorofluorométhane;75-69-4;
Trichloronaphtalène;1321-65-9;215-321-3
Trichloronat;327-98-0;206-326-1
"Tétroxyde de cobalt(II,III)";1308-06-1;215-157-2
Crésol;1319-77-3;215-293-2
"Phosphate de tricrésyle";1330-78-5;215-548-8
Tridécane;629-50-5;211-093-4
"Tridécanol normal";112-70-9;203-998-8
"Méthacrylate de tridécyle";2495-25-2;219-671-8
"Tridécylamine, Ramifié Et Linéaire";86089-17-0;289-185-9
Tridemorphe;81412-43-3;
Tridémorphe;24602-86-6;246-347-3
Tridiphane;58138-08-2;
Triéthanolamine;102-71-6;203-049-8
"Phosphite de triéthyle";122-52-1;204-552-5
Triéthylamine;121-44-8;204-469-4
2,2'-(éthylenedioxy)diéthanol;112-27-6;203-953-2
"Éther de triéthylèneglycol et de monobutyle";143-22-6;205-592-6
"Éther monoéthylique du triéthylène glycol";112-50-5;203-978-9
Triéthylènetétramine;112-24-3;203-950-6
"Phosphate de Triéthyle";78-40-0;201-114-5
"Trifluoperazine, Dichlorhydrate";440-17-5;207-123-0
Triflupéridol;749-13-3;
Trifluraline;1582-09-8;216-428-8
"2,2',2''-[(Octylstannylidyne)tris(thio)]triacétate de triisooctyle";26401-86-5;247-665-5
"Phosphate de Triméthyle";512-56-1;208-144-8
Triméthylamine;75-50-3;200-875-0
"Trinexapac Éthyl";95266-40-3;
"Phosphate de Tris(2-Éthylhexyle)";78-42-2;201-116-6
Triphénylphosphine;603-35-0;210-036-0
Triphénylène;217-59-4;205-922-9
"Phosphate de triphényle";115-86-6;204-112-2
"Triphenyltin (Cation)";668-34-8;
"Chlorure de Fentine";639-58-7;
"Diacrylate de (1-Méthyl-1,2-Éthanediyl)Bis[Oxy(Méthyl-2,1-Éthanediyle)]";42978-66-5;256-032-2
"Phosphate de tris(dibromopropyle)";126-72-7;204-799-9
"Phosphate de tris(2-chloro-1-méthyléthyle)";13674-84-5;237-158-7
"Phosphate de tris(2-chloroéthyle)";115-96-8;204-118-5
"Phosphite de tris(nonylphényle)";26523-78-4;247-759-6
"Phosphate de tris[2-chloro-1-(chlorométhyl)éthyle]";13674-87-8;237-159-2
"Hexafluoroaluminate de trisodium";13775-53-6;237-410-6
"Nitriloacétate de trisodium";5064-31-3;225-768-6
"Phosphate de trixylényle";25155-23-1;246-677-8
"Bis(Orthophosphate) de Trizinc";7779-90-0;231-944-3
Undécane;1120-21-4;214-300-6
"Acide amino-11 undécanoïque";2432-99-7;219-417-6
1-Undécanol;112-42-5;203-970-5
6,10-Dimethylundéca-3,5,9-triène-2-one;141-10-6;205-457-1
Undecylidine-3-Decyloxetan-2-One;55680-03-0;
Uranium;7440-61-1;231-170-6
Urée;57-13-6;200-315-5
1,3-Diméthylurée;96-31-1;202-498-7
N,N''-(Isobutylidène)Diurée;6104-30-9;228-055-8
Vanadium;7440-62-2;231-171-1
"Pentoxyde de vanadium";1314-62-1;215-239-8
Vanilline;121-33-5;204-465-2
Vernolate;1929-77-7;217-681-7
Vinclozoline;50471-44-8;
"Acétate de vinyle";108-05-4;203-545-4
Bromoéthylène;593-60-2;209-800-6
"Chlorure de vinyle";75-01-4;200-831-0
warfarine;81-81-2;201-377-6
Phosphore;7723-14-0;231-768-7
"Xylène (mélange d'isomères)";1330-20-7;215-535-7
Zinc;7440-66-6;231-175-3
"Chlorure de Zinc";7646-85-7;231-592-0
"Cyanure de zinc";557-21-1;209-162-9
"Distéarate de zinc";557-05-1;209-151-9
"Oxyde de zinc";1314-13-2;215-222-5
"Phosphure de zinc";1314-84-7;231-244-5
"Sulfate de zinc";7733-02-0;231-793-3
"Bis(Dithiophosphate) de Zinc Et de Bis[O,O-Bis(2-Éthylhexyle)]";4259-15-8;224-235-5
"Bis(dithiophosphate) de zinc et de bis(O,O-diisooctyle)";28629-66-5;249-109-7
"[[N,N'-Éthylènebis[N-(Carboxylatométhyl)Glycinato]](4-)-N,N',O,O',On,On']Zincate(2-) de Diammonium";67859-51-2;267-400-7
Zinèbe;12122-67-7;235-180-1
Zirame;137-30-4;205-288-3
2,3,4-trichlorophénol;15950-66-0;240-083-2
2,3,6-Trichlorophénol;933-75-5;213-271-7
3,4,5-trichlorophénol;609-19-8;210-183-0
"Téréphtalate de Bis(2-Éthylhexyle)";6422-86-2;229-176-9
"Perborate de sodium monohydraté";10332-33-9;239-172-9
"Perborate de sodium tétrahydraté";10486-00-7;239-172-9
"Hydrogénoarsénate de Plomb";7784-40-9;232-064-2
"Hydrogénoarsénate de Disodium";7778-43-0;231-902-4
"Pentoxyde d'arsenic";1303-28-2;215-116-9
"Di(acétate) de cuivre";142-71-2;205-553-3
"Chlorure de Cuivre";7758-89-6;231-842-9
"Dichlorure de cuivre";7447-39-4;231-210-2
"Hydroxyde de cuivre";20427-59-2;243-815-9
"Oxyde cuivreux";1317-39-1;215-270-7
"Oxyde cuivrique";1317-38-0;215-269-1
"Sulfate de cuivre";7758-98-7;231-847-6
"Dichlorure de cobalt";7646-79-9;231-589-4
"Nitrate de cobalt";10141-05-6;233-402-1
"Oxyde de cobalt";1307-96-6;215-273-3
"Sulfate de cobalt";10124-43-3;233-334-2
"Sulfure de cobalt";1317-42-6;215-273-3
"Dichlorure de platine";10025-65-7;233-034-1
"Tétrachlorure de platine";13454-96-1;236-645-1
"Oxyde de platine";12035-82-4;234-831-7
"Dioxyde de platine";1314-15-4;215-223-0
"Acide hexachloroplatinique(IV)";16941-12-1;241-010-7
"Hexachloroplatinate de dipotassium";16921-30-5;240-979-3
"Tétrachloroplatinate (II) de potassium";10025-99-7;233-050-9
"Tétrachloroplatinate d'ammonium";13820-41-2;237-499-1
"Hexachloroplatinate(2-) de diammonium";16919-58-7;240-973-0
Cisplatine;15663-27-1;239-733-8
"Acétate de plomb";301-04-2;206-104-4
"Carbonate de plomb";598-63-0;209-943-4
"Carbonate de plomb basique";1319-46-6;215-290-6
"Monoxyde de plomb";1317-36-8;215-267-0
"Dioxyde de plomb";1309-60-0;215-174-5
"Tétraoxyde de plomb";1314-41-6;215-235-6
"Sulfure de plomb";1314-87-0;215-246-6
"Sulfate de Plomb";7446-14-2;231-198-9
"Acide 2-(4-Chloro-2-Méthylphénoxy)Propionique";93-65-2;202-264-4
"Sulfure de cadmium";1306-23-6;215-147-8
"Sulfate de cadmium";10124-36-4;233-331-6
"Chlorure de mercure (I)";10112-91-1;233-307-5
"Monoxyde de mercure(II)";21908-53-2;244-654-7
"Méthylmercure Dicyandiamide";502-39-6;207-935-5
"Chlorure de méthylmercure";115-09-3;204-064-2
"Sulfure de mercure (II)";1344-48-5;215-696-3
"2-(2-Methoxy-1-Methylethoxy) Propanol-1";55956-21-3;
2-(2-Méthoxypropoxy)propane-1-ol;13588-28-8;639-842-4
1-(2-méthoxy-1-méthyléthoxy)propane-2-ol;20324-32-7;243-733-3
1-(2-Méthoxypropoxy)propane-2-ol;13429-07-7;236-547-9
"Acide maléique";110-16-7;203-742-5
"Gluconate de potassium";299-27-4;206-074-2
"Di(D-gluconate) de calcium";18016-24-5;605-881-0
"Gluconate de calcium";299-28-5;206-075-8
D-Glucono-1,5-Lactone;90-80-2;202-016-5
"Acide D-Gluconique";526-95-4;208-401-4
"Métasilicate de potassium";1312-76-1;215-199-1
N-(4-aminophényl)aniline;101-54-2;202-951-9
"Acide adipique";124-04-9;204-673-3
6-Methylhept-5-ène-2-one;110-93-0;203-816-7
"Tétrahydrogéno[Nitrilotris(Méthylène)]Trisphosphonate de Disodium";4105-01-5;223-878-9
"Trihydrogéno[Nitrilotris(Méthylène)]Trisphosphonate de Trisodium";7611-50-9;231-520-8
"Dihydrogéno[Nitrilotris(Méthylène)]Trisphosphonate de Tétrasodium";94021-23-5;301-416-8
"(Nitrilotriméthylène)tris(phosphonate) de hexasodium";15505-05-2;239-534-6
"Acide 1-hydroxy-1,1-éthane-diphosphonique, sel monosodique";17721-68-5;605-795-3
"Dihydrogéno(1-Hydroxyéthylidène)Bisphosphonate de Disodium";7414-83-7;231-025-7
"Hydrogéno(1-hydroxyéthylidène)bisphosphonate de trisodium";2666-14-0;220-200-3
"(1-Hydroxyéthylidène)Bisphosphonate de Tétrasodium";3794-83-0;223-267-7
"(1-Oxydo-1,1-éthanediyl)bis(phosphonate) de pentasodium";13710-39-9;
"Acide 1-hydroxy-1,1-éthane-diphosphonique, sel monopotassique";17721-72-1;
"Dihydrogéno(1-hydroxyéthylidène)bisphosphonate de dipotassium";21089-06-5;244-210-2
"Hydrogéno(1-Hydroxyéthylidène)Bisphosphonate de Tripotassium";60376-08-1;262-203-2
"(1-Hydroxy-1,1-éthanediyl)bis(phosphonate) de tétrapotassium";14860-53-8;238-928-5
"1-Hydroxy-1,1-Ethane-Diphosphonic Acid, Pentapotassium Salt";87977-58-0;
"Acide diéthylène triamine penta(méthylène phosphonique), sel monosodique";94987-76-5;
"Acide diéthylène triamine penta(méthylène phosphonique), sel disodique";94987-75-4;
"Acide diéthylène triamine penta(méthylène phosphonique), sel trisodique";95015-06-8;
"Acide diéthylène triamine penta(méthylène phosphonique), sel tétrasodique";94987-77-6;
"Pentahydrogéno[[(Phosphonatométhyl)Imino]Bis[Éthane-2,1-Diylnitrilobis(Méthylène)]]Tétrakisphosphonate de Pentasodium";61792-09-4;263-212-4
"Tétrahydrogéno[[(Phosphonatométhyl)Imino]Bis[Éthane-2,1-Diylnitrilobis(Méthylène)]]Tétrakisphosphonate d'Hexasodium";93841-74-8;299-045-9
"Trihydrogéno[[Bis[2-[Bis(Phosphonatométhyl)Amino]Éthyl]Amino]Méthyl]Phosphonate d'Heptasodium";68155-78-2;268-990-9
4-chloro-2-nitroaniline;89-63-4;201-925-4
"Sel de potassium de l'acide perfluorooctane sulfonique";2795-39-3;220-527-1
"Acide heptadécafluorooctano-1-sulfonique";1763-23-1;217-179-8
"PFOS sel de diéthanolamine";70225-14-8;274-460-8
"PFOS sel d'ammonium";29081-56-9;249-415-0
"Heptadécafluorooctanesulfonate de lithium";29457-72-5;249-644-6
"Dichloro-2,4  phénoxyacétate d'éthyl-2 hexyle";1928-43-4;217-673-3
Decène;25339-53-1;246-870-7
"Alcènes En C10-13";85535-87-1;287-479-1
3-Chloro-P-Toluidine;95-74-9;202-446-3
3-Chloro-O-Toluidine;87-60-5;201-756-6
5-Chloro-O-Toluidine;95-79-4;202-452-6
4-Chloro-O-Toluidine;95-69-2;202-441-6
"Acide Benzènedicarboxylique-1,2, Esters de Dialkyles Ramifiés En C6-8, Riches En C7";71888-89-6;276-158-1
(E)-4-(2,6,6-Triméthyl-1-Cyclohexène-1-Yl)-3-Butène-2-One;79-77-6;201-224-3
"Phosphonate de Diméthyle";868-85-9;212-783-8
Dichlorobenzène;25321-22-6;246-837-7
Tétrachlorobenzène;12408-10-5;235-643-8
Trichlorophénol;25167-82-2;246-694-0
Chlorotoluène;25168-05-2;905-236-6
Dichlorophénol;25167-81-1;246-693-5
"Chloroanilines (mélange de 3 isomères)";27134-26-5;
Difluorométhane;75-10-5;200-839-4
2-Phénoxypropanol;4169-04-4;224-027-4
"Phénoxypropanol (isomères mixtes commerciaux)";41593-38-8;
3-Méthyl-2-butenal;107-86-8;203-527-6
"m-p Crésol";15831-10-4;605-142-2
"Nitrite de sodium";7632-00-0;231-555-9
"Péroxyde du carbonate de sodium";15630-89-4;239-707-6
(2-Butoxyméthylethoxy)Propanol;35884-42-5;252-776-7
1-Butoxy-1-propanol;29387-86-8;249-598-7
3-(Méthylthio)Propionaldéhyde;3268-49-3;221-882-5
"Dioxyde de Silicium";7631-86-9;231-545-4
"Acide silicique, sel d'aluminium et de sodium";1344-00-9;215-684-8
"Acide silicique, sel de calcium";1344-95-2;215-710-8
Hexane-6-Olide;502-44-3;207-938-1
(Z)-But-2-Ène;590-18-1;209-673-7
(E)-But-2-Ène;624-64-6;210-855-3
Butène;25167-67-3;246-689-3
"Trichlorure de Phosphore";7719-12-2;231-749-3
Tétrahydronaphtalène;119-64-2;204-340-2
"Oxychlorure de phosphore";10025-87-3;233-046-7
Éthanol;64-17-5;200-578-6
O-Toluidine;95-53-4;202-429-0
"Alcool Tétrahydrofurfurylique";97-99-4;202-625-6
"Carbonate de Baryum";513-77-9;208-167-3
"Diisocyanate-4,4' de dicyclohexylméthane";5124-30-1;225-863-2
"sulfate de sodium";7757-82-6;231-820-9
"Malonate de diméthyle";108-59-8;203-597-8
"Malonate de diéthyle";105-53-3;203-305-9
"4,4'-Bis[6-Anilino-4-[Bis(2-Hydroxyéthyl)Amino]-1,3,5-Triazine-2-Yl]Amino]Stilbène-2,2'-Disulfonate de Potassium Et de Sodium";70942-01-7;275-031-8
"4,4'-Bis[6-Anilino-[4-[Bis(2-Hydroxyéthyl)Amino]-1,3,5-Triazine-2-Yl]Amino]Stilbène-2,2'-Disulfonate de Disodium";4193-55-9;224-073-5
"4,4'-bis[6-anilino-4-[bis(2-hydroxyéthyl)amino-1,3,5-triazine-2-yl]amino]stilbène-2,2'-disulfonate de dipotassium";71230-67-6;275-279-7
"Acide 4,4'-Bis[4-[Bis(2-Hydroxyéthyl)Amino]-6-Anilino-1,3,5-Triazine-2-Yl]Amino]Stilbène-2,2'-Disulfonique";4404-43-7;224-548-7
p-Toluidine;106-49-0;203-403-1
"Isocyanate de n-butyle";111-36-4;203-862-8
Triéthylènediamine;280-57-9;205-999-9
"Noir de carbone";1333-86-4;215-609-9
"Carbonate de strontium";1633-05-2;216-643-7
"Acide Benzènesulfonique, Dérivés Alkyles En C10-14, Sels de Sodium";69669-44-9;274-070-8
"Acide Benzènesulfonique, Dérivés Mono-Alkyles En C10-13, Sels de Sodium";90194-45-9;290-656-6
"4-(2-Undécanyl)benzènesulfonate de sodium";127184-52-5;603-187-2
"Acrylate de 2-méthyl-2-propanyle";1663-39-4;216-768-7
1,2,3,4-Tétrachloronaphtalène;20020-02-4;622-398-0
4-Chloro-3-Nitrotoluène;89-60-1;201-922-8
2-Chloro-6-Nitrotoluène;83-42-1;201-475-9
"Benzène, 2-chloro-1-méthyl-4-nitro";121-86-8;204-501-7
"Sulfure de Diméthyle";75-18-3;200-846-2
"Hydroxyde de Tétramethylammonium";75-59-2;200-882-9
4,4'-Oxydi(Benzenesulfonohydrazide);80-51-3;201-286-1
"Azélate de bis(2-éthylhexyle)";103-24-2;203-091-7
"Éther dibutylique";142-96-1;205-575-3
1,4-Dichlorobut-2-Ène;764-41-0;212-121-8
1,3-Dichlorobut-2-Ène;926-57-8;213-138-3
2,3-Dichloro-1,3-butadiène;1653-19-6;216-721-0
"3-[4-Hydroxy-3,5-bis(2-méthyl-2-propanyl)phényl]propanoate d'octadécyle";2082-79-3;218-216-0
"Hexafluorure de soufre";2551-62-4;219-854-2
"Hydrogènocarbonate d'ammonium";1066-33-7;213-911-5
"Strontium 90 activé";10098-97-2;
"Césium 137";10045-97-3;
Sulfites;14265-45-3;231-197-3
Thiocyanate;302-04-5;
"N,N'-[thiobis[(méthylimino)carbonyloxy]]bis(thioimidoacétate) de diméthyle";59669-26-0;
4-Tert-Butyl-N-Sec-Butyl-2,6-Dinitroaniline;33629-47-9;251-607-4
Chlorméphos;24934-91-6;246-538-1
Déméton-O-Méthyl;867-27-6;
Déméton-S;126-75-0;204-801-8
Déméton-S-méthylsulfone;17040-19-6;241-109-5
Desmétryne;1014-69-3;213-800-1
Diallate;2303-16-4;218-961-1
Dichlofenthion;97-17-6;
"Diclofop Méthyl";51338-27-3;
Endotion;2778-04-3;220-472-3
Cis-Fenpropimorph;67564-91-4;266-719-9
Tau-fluvalinate;102851-06-9;
Métoprotryne;841-06-5;
"Méthyl Trithion";953-17-3;
Métoxuron;19937-59-8;243-433-2
"Methoxychlore op'";30667-99-3;690-154-0
Monuron;150-68-5;205-766-1
Phosphamidon;13171-21-6;236-116-5
Pirimiphos-éthyl;23505-41-1;245-704-0
Terbufos;13071-79-9;235-963-8
2,3,4,5-Tétrachlorophénol;4901-51-3;
2,3,5,6-Tétrachlorophénol;935-95-5;
Tétrachlorvinphos;22248-79-9;244-865-4
Alpha-Tert-Butyl-Beta-(4-Chlorophénoxy)-1H-1,2,4-Triazole-1-Éthanol;55219-65-3;
Triclopyr;55335-06-3;259-597-3
Vamidothion;2275-23-2;218-894-8
Acrinathrine;101007-06-1;
Oxygène;7782-44-7;
Hydrogénocarbonates;71-52-3;
Carbonates;3812-32-6;
Bendiocarbe;22781-23-3;245-216-8
Carbetamide;16118-49-3;240-286-6
Ammonium;14798-03-9;
Chlorbufame;1967-16-4;217-815-4
Chlorure;16887-00-6;690-375-2
Sulfates;14808-79-8;604-622-9
Chloronébe;2675-77-6;220-222-3
Silicates;15593-90-5;
"Dioxyde de carbone";124-38-9;204-696-9
"Silice Vitreuse";60676-86-0;
Sulfures;18496-25-8;
Dichlofluanide;1085-98-9;214-118-7
"Fer ferrique";20074-52-6;
Fer(2+);15438-31-0;
Potassium;7440-09-7;231-119-8
Magnesium;7439-95-4;231-104-6
Calcium;7440-70-2;231-179-5
Sodium;7440-23-5;231-132-9
Brome;7726-95-6;231-778-1
Iode;7553-56-2;231-442-4
Diethofencarbe;87130-20-9;
Fluazifop-P-butyl;79241-46-6;
Orthophosphates;14265-44-2;604-302-9
"Chlorophylle c";11003-45-5;
"Magnésium, [Tétraméthyl-3,7,11,15 Hexadécényl-2 Éthényl-9 Éthyl-14 Formyl-13 (Méthoxycarbonyl)-21 Triméthyl-4,8,18 Oxo-20 Phorbinepropanoato-3 (2-)-N23,N24,N25,N26]-, [Sp-4-2-[3S-[3Alpha(2E,7S*,11S*),4Beta,21Beta]]]-";519-62-0;
"Magnésium, [Tétraméthyl-3,7,11,15 Hexadécényl-2 Éthényl-9 Éthyl-14 (Méthoxycarbonyl)-21 Tétraméthyl-4,8,13,18 Oxo-20 Phorbinepropanoato-3 (2-)-N23,N24,N25,N26]-, [Sp-4-2-[3S-[3Alpha(2E,7S*,11S*),4Beta,21Beta]]]-";479-61-8;
Chloroacétone;78-95-5;201-161-1
Trichloronitrométhane;76-06-2;
Fenuron;101-42-8;202-941-4
Bioresméthrine;28434-01-7;249-014-0
Formothion;2540-82-1;219-818-6
(4S,4aS,8aR)-4,8a-Diméthyloctahydro-4a(2H)-naphtalénol;19700-21-1;243-239-8
Indole;120-72-9;204-420-7
Dibromométhane;74-95-3;200-824-2
Naled;300-76-5;206-098-3
1-Naphtol;90-15-3;201-969-4
"Acide nitrilotriacétique";139-13-9;205-355-7
Paraquat;4685-14-7;
Phorate;298-02-2;206-052-2
"Acide 2-Amino-4-(Hydroxyméthylphosphinyl)Butyrique";51276-47-2;
Beta-([1,1'-Biphényl]-4-Yloxy)-Alpha-Tert-Butyl-1H-1,2,4-Triazole-1-Éthanol;55179-31-2;
Buturon;3766-60-7;
"Trans-3-[[(éthylamino)méthoxyphosphinothioyl]oxy]crotonate d'isopropyle";31218-83-4;250-517-2
Propoxur;114-26-1;204-043-8
Triadimefone;43121-43-3;
Trichloroacétaldéhyde;75-87-6;200-911-5
Trichloroacétonitrile;545-06-2;
N-Heptadécane;629-78-7;211-108-4
Octadécane;593-45-3;209-790-3
Nonadécane;629-92-5;
Icosane;112-95-8;204-018-1
Hénicosane;629-94-7;
Docosane;629-97-0;211-121-5
Tricosane;638-67-5;
Tétracosane;646-31-1;
Pentacosane;629-99-2;
Hexacosane;630-01-3;
Heptacosane;593-49-7;
Octacosane;630-02-4;
Nonacosane;630-03-5;
Triacontane;638-68-6;
Dotriacontane;544-85-4;
Tritriacontane;630-05-7;
Tétratriacontane;14167-59-0;238-013-0
Hexatriacontane;630-06-8;
3,5-Dichloroaniline;626-43-7;210-948-9
2,6-Dichloroaniline;608-31-1;210-160-5
2,5-Dichloroaniline;95-82-9;202-455-2
2,4-Dichloroaniline;554-00-7;209-057-8
2,3-Dichloroaniline;608-27-5;210-157-9
2,4,6-Trichloroaniline;634-93-5;211-219-8
1,8-Diméthylnaphtalène;569-41-5;
1,6-Diméthylnaphtalène;575-43-9;
1,4-Diméthylnaphtalène;571-58-4;
1,3-Diméthylnaphtalène;575-41-7;
sec-Butylbenzène;135-98-8;205-227-0
Tert-Butylbenzène;98-06-6;202-632-4
3,5-Dichloronitrobenzène;618-62-2;210-557-3
Methyl-2-Fluoranthène;33543-31-6;
"PCB 44";41464-39-5;
Bromobenzène;108-86-1;203-623-8
6-Chloro-m-crésol;615-74-7;
"Dichloro-1,3 propane";142-28-9;205-531-3
Pyrifénox;88283-41-4;
Flufenoxuron;101463-69-8;417-681-3
Diméthénamide;87674-68-8;
Cyproconazole;94361-06-5;619-020-1
Chloroxuron;1982-47-4;217-843-7
Chlorophacinone;3691-35-8;
Bromopropylate;18181-80-1;242-070-7
Bromacil;314-40-9;206-245-1
Imazaméthabenz;100728-84-5;
Cycluron;2163-69-1;218-493-8
Dimetilan;644-64-4;
Formétanate;22259-30-9;244-879-0
"Oxyde de 2-(2-Butoxyéthoxy)Éthyle Et de 6-Propylpiperonyle";51-03-6;200-076-7
Promécarbe;2631-37-0;220-113-0
Thiazafluron;25366-23-8;246-901-4
Thiofanocarb;39196-18-4;
Dichlofluanid-Méthyl;731-27-1;
Benzo[a]fluorène;238-84-6;205-944-9
Benzo(j)fluoranthène;205-82-3;205-910-3
Bromochloroacétonitrile;83463-62-1;
Chlorite;14998-27-7;604-718-0
Dibromoacétonitrile;3252-43-5;221-843-2
Dichloroacétonitrile;3018-12-0;221-159-4
Epoxiconazole;133855-98-8;406-850-2
Ozone;10028-15-6;233-069-2
"Heptachlore époxyde endo trans";28044-83-9;634-785-1
Bromates;15541-45-4;
Chlorates;14866-68-3;232-233-0
Trans-Chlordane;5103-74-2;
2,2,4,5,6,7,8,8-Octachloro-2,3,3A,4,7,7A-Hexahydro-4,7-Méthano-1H-Indène;5566-34-7;
Penconazole;66246-88-6;
Éthidimuron;30043-49-3;250-010-6
"Hydrure de Triphényletain";892-20-6;
Zirconium;7440-67-7;231-176-9
Cérium;7440-45-1;231-154-9
Triforine;26644-46-2;247-872-0
"Mercaptodimethur sulfone";2179-25-1;624-349-9
"Mercaptodimethur sulfoxyde";2635-10-1;624-354-6
"Méthylcarbamate de 3-hydroxy-2,2-diméthyl-2,3-dihydro-1-benzofuran-7-yle";16655-82-6;625-078-9
"Sulfoxyde d'aldicarbe";1646-87-3;622-554-8
Chlorthiamide;1918-13-4;217-637-7
Fosetyl;15845-66-6;
Soufre;63705-05-5;
"2-[4-[[5-(Trifluorométhyl)-2-Pyridyl]Oxy]Phénoxy]Propionate de Butyle";69806-50-4;
2-Chloro-4,6-Diamino-1,3,5-Triazine;3397-62-4;
Simazine-hydroxy;2599-11-3;803-612-3
"2-Hydroxy atrazine";2163-68-0;690-104-8
"Dichloropropène-1,3 cis";10061-01-5;233-195-8
"Dichloropropène-1,3 trans";10061-02-6;208-826-5
Propylbenzène;103-65-1;203-132-9
Benzo(b)chrysène;214-17-5;205-919-2
Flufenprop-isopropyl;52756-22-6;
2-Méthyl-3-furanilide;24691-80-3;246-421-5
"Cacodylate de sodium";124-65-2;204-708-2
Oxychlordane;27304-13-8;690-387-8
Dichlorofluorométhane;75-43-4;
Butylbenzène;104-51-8;203-209-7
p-Cymène;99-87-6;202-796-7
1,2,3-Triméthylbenzène;526-73-8;
"Diméthylsulfamate de 5-Butyl-2-Éthylamino-6-Méthylpyrimidine-4-Yle";41483-43-6;
Buprofezine;69327-76-0;
Cadusafos;95465-99-9;
Chinométhionate;2439-01-2;219-455-3
Chlorthal;2136-79-0;678-503-5
Clofentézine;74115-24-5;
Dazomet;533-74-4;
Éthiophènecarbe;29973-13-5;249-981-9
Hexaflumuron;86479-06-3;401-400-1
Mepronil;55814-41-0;
Monocrotophos;6923-22-4;
5-(2-Chloro-4'-Fluorobenzhydryl)-4-Hydroxypyrimidine;63284-71-9;
"Thiophosphate de O-(4-Bromo-2-Chlorophényle) de O-Éthyle Et de S-Propyle";41198-08-7;255-255-2
Pyridabène;96489-71-3;405-700-3
Rimsulfuron;122931-48-0;602-908-8
Siduron;1982-49-6;217-844-2
Tebufenozide;112410-23-8;412-850-3
Tebufenpyrad;119168-77-3;601-585-0
Teflubenzuron;83121-18-0;617-441-5
Téméphos;3383-96-8;
"Pyrophosphate de tétraéthyle";107-49-3;203-495-3
2-Chloro-N-[[[4-(Trifluorométhoxy)Phényl]Amino]Carbonyl]Benzamide;64628-44-0;264-980-3
Acétochlore;34256-82-1;251-899-3
Diclobutrazol;75736-33-3;
AMPA;1066-51-9;623-325-5
"N-(2,6-diméthylphényl)-N-(2-furylcarbonyl)-DL-alaninate de méthyle";57646-30-7;
"Haloxyfop-méthyl (R)";72619-32-0;406-250-0
Hepténophos;23560-59-0;245-737-0
Imazaméthabenz-méthyl;81405-85-8;
"Thifensulfuron méthyl";79277-27-3;
2,5-Xylénol;95-87-4;202-461-5
Monométhyldiuron;3567-62-2;
1-(3,4-Dichlorophényl)urée;2327-02-8;622-620-6
3-isopropylhydroxybenzène;618-45-1;
Cybutryne;28159-98-0;248-872-3
Naptalame;132-66-1;625-029-1
Flazasulfuron;104040-78-0;
Flufénacet;142459-58-3;604-290-5
"octanoate de 4-cyano-2,6-diiodophényle";3861-47-0;
2,6-Diéthylaniline;579-66-8;
"2-Chloro-4-Methyl Sulfonyl Benzoique Acide";53250-83-2;406-520-8
Pretilachlore;51218-49-6;
Tefluthrine;79538-32-2;
(134Cs)Césium;13967-70-9;
(228Ra)Radium;15262-20-1;
(226Ra)Radium;13982-63-3;
Asulame;3337-71-1;
Dithianon;3347-22-6;
Phénoxycarbe;79127-80-3;
2-(Benzothiazole-2-Yloxy)-N-Méthyl-N-Phénylacétamide;73250-68-7;
Acifluorfène;50594-66-6;
Fenoxaprop-Éthyl;82110-72-3;
"Thiophosphate de O-(5-Chloro-1-Isopropyl-1,2,4-Triazole-3-Yle) Et de O,O-Diéthyle";42509-80-8;
"Plomb 210";14255-04-0;
Abamectine;71751-41-2;
Flurtamone;96525-23-4;
2,6-Dichlorobenzamide;2008-58-4;217-918-4
Azaconazole;60207-31-0;
"Thiophosphate de S-[(6-Chloro-2-Oxooxazolo[4,5-B]Pyridine-3(2H)-Yl)Méthyle] Et de O,O-Diméthyle";35575-96-3;
3-(4-Bromo-3-chlorophényl)-1-méthoxy-1-méthylurée;13360-45-7;236-411-9
Cloquintocet-mexyl;99607-70-2;619-447-3
Coumatétralyl;5836-29-3;
Famoxadone;131807-57-3;603-520-1
Flumioxazine;103361-09-7;600-425-7
Lufénuron;103055-07-8;410-690-9
2-Chloro-N-(2,6-Diméthylphényl)-N-(Tétrahydro-2-Oxo-3-Furyl)Acétamide;58810-48-3;
"PCB 37";38444-90-5;
"Terbuthylazine desethyl";30125-63-4;634-816-9
"PCB 54";15968-05-5;690-372-6
Dichloro[(Dichlorophényl)Méthyl]Méthylbenzène;76253-60-6;
Desethyl-terbumeton;30125-64-5;
Thiosulfate;14383-50-7;
Fenamidone;161326-34-7;605-252-0
Microcystine-LR;101043-37-2;621-323-9
"2-Diméthyl-3-(méthylpropényl)cyclopropanecarboxylate de 3-phénoxybenzyle";26002-80-2;247-404-5
"Pyréthrines Et Pyréthroïdes";8003-34-7;
"Acide 2-Hydroxy-4-(Methylthio)Butyrique";583-91-5;
3-[2,4-Dichloro-5-(2-Propynyloxy)Phényl]-5-(1,1-Diméthyléthyl)-1,3,4-Oxadiazole-2(3H)-One;39807-15-3;
Quizalofop;76578-12-6;
Quizalofop-Éthyl;76578-14-8;
1,1,3-Trichloropropène;2567-14-8;219-903-8
Benoxacor;98730-04-2;619-372-6
Mésotrione;104206-82-8;
Sulfosate;81591-81-3;
2,2-Dichloropropane;594-20-7;
1,1-dichloropropène;563-58-6;
"Acide (R)-2-(4-chloro-2-méthylphénoxy)propionique";16484-77-8;240-539-0
Sulfosulfuron;141776-32-1;604-251-2
"Méthylcarbamodithioate de sodium";137-42-8;205-293-0
Imazapyr;81334-34-1;617-219-8
Clodinafop-propargyl;105512-06-9;
Tritium;10028-17-8;233-070-8
Prosulfuron;94125-34-5;
Dichlorprop-P;15165-67-0;403-980-1
Dimétachlore;50563-36-5;
"[(4-Amino-3,5-Dichloro-6-Fluoropyridine-2-Yl)Oxy]Acétate de 1-Méthylheptyle";81406-37-3;279-752-9
(234Th)Thorium;15065-10-8;
(210Po)Polonium;13981-52-7;
(238Pu)Plutonium;13981-16-3;
"Iode 131";10043-66-0;
"Cobalt-60 activé";10198-40-0;
(14C)Méthane;14762-75-5;
"Americium-241 activé";86954-36-1;
(235U)Uranium;15117-96-1;
Tellure;13494-80-9;236-813-4
(230Th)Thorium;14269-63-7;
(228Th)Thorium;14274-82-9;
Iodosulfuron;144550-36-7;604-422-1
Hexachlorodibenzo-p-dioxine;34465-46-8;
"Flupyrsulfuron méthyle";144740-54-5;604-441-5
"1,2,3,4,6,7,8,9-Octachlorodibenzodioxine (OCDD)";3268-87-9;
"2,4-diméthyl-6-oxa-5-oxo-3-thia-2,4-diazadecanoate de 2,3-dihydro-2,2-diméthyl-7-benzofuryle";65907-30-4;
2',4'-diméthyl-5'-(trifluoromethanesulfonamido)acétanilide;53780-34-0;
1,2,3,7,8-Pentachlorodibenzo-p-dioxine;40321-76-4;
1,2,3,4,7,8-Hexachlorodibenzo[b,e][1,4]dioxine;39227-28-6;
1,2,3,6,7,8-Hexachlorodibenzo-p-dioxine;57653-85-7;
1,2,3,4,6,7,8-Heptachlorodibenzodioxine;35822-46-9;
Pyraclostrobine;175013-18-0;605-747-1
Mésosulfuron-méthyle;208465-21-8;606-653-3
(239Pu)Plutonium;15117-48-3;
(240Pu)Plutonium;14119-33-6;
2-Méthylbutane-2-Ol;75-85-4;200-908-9
2-Méthylpropane-2-Ol;75-65-0;200-889-7
Pentane-2-Ol;6032-29-7;
2,3,7,8-Tetrachlorodibenzofurane;51207-31-9;
Pentane-3-Ol;584-02-1;209-526-7
1,2,3,7,8-Pentachlorodibenzofurane;57117-41-6;
2,3,4,7,8-Pentachlorodibenzofurane;57117-31-4;
"Alcool isoamylique";123-51-3;204-633-5
1,2,3,4,7,8-Hexachlorodibenzofurane;70648-26-9;
1,2,3,6,7,8-Hexachlorodibenzofurane;57117-44-9;
2,3,4,6,7,8-Hexachlorodibenzofurane;60851-34-5;
1,2,3,7,8,9-Hexachlorodibenzofurane;72918-21-9;
1,2,3,4,6,7,8-Heptachlorodibenzofurane;67562-39-4;
1,2,3,4,7,8,9-Heptachlorodibenzofurane;55673-89-7;
"Oxyde de Diphényle, Dérivé Heptabromé";68928-80-3;
2,4-Dinonylphénol;137-99-5;205-310-1
o-Nonylphénol;136-83-4;205-263-7
2,3-Xylénol;526-75-0;208-395-3
Trichlorotrifluoroéthane;354-58-5;206-564-6
Biphényle-4,4'-Diol;92-88-6;202-200-5
4-Sec-Butylphénol;99-71-8;
"Méthyl n-amyl cétone";110-43-0;203-767-1
5,7-Dihydroxy-2-(4-Hydroxyphényl)Chromanne-4-One;67604-48-2;
Liquiritigenin;578-86-9;
2-(3,4-Dihydroxyphényl)-5,7-Dihydroxy-4-Benzopyrone;491-70-3;
5,7-Dihydroxy-2-(4-Hydroxyphényl)-4-Benzopyrone;520-36-5;
7-Hydroxy-3-(4-Hydroxyphényl)-4-Benzopyrone;486-66-8;
5,7-Dihydroxy-3-P-Méthoxyphényl-4H-Chromène-4-One;491-80-5;
7-Hydroxy-3-(4-Méthoxyphényl)-4-Benzopyrone;485-72-3;207-623-9
2-Méthylcyclohexanone;583-60-8;209-513-6
Nonane-2-One;821-55-6;212-480-0
"Méthyl hexyl cétone";111-13-7;203-837-1
"Méthyl propyl cétone";107-87-9;203-528-1
Octane-3-one;106-68-3;203-423-0
Éthylbutylcétone;106-35-4;203-388-1
3-Méthylcyclohexanone;591-24-2;209-710-7
Pentane-3-One;96-22-0;202-490-3
Dipropylcétone;123-19-3;204-608-9
4-Méthylcyclohexanone;589-92-4;209-665-3
Nonane-5-One;502-56-7;
"Éther diméthylique du diéthylène glycol";111-96-6;203-924-4
2-[2-(2-Méthoxyethoxy)Ethoxy]-2-Méthylpropane;52788-79-1;
1,2-Diéthoxyéthane;629-14-1;
1,2-Diméthoxyéthane;110-71-4;203-794-9
"Ether diméthylique du triéthylène glycol";112-49-2;203-977-3
Spiroxamine;118134-30-8;601-505-4
2,2-Diméthylbutane;75-83-2;200-906-8
2,3-diméthylbutane;79-29-8;
2,3-Diméthylpentane;565-59-3;
"Picoxystrobine  ";117428-22-5;601-478-9
2-Ethoxy-2-Méthylpropane;637-92-3;211-309-7
Indane;496-11-7;
Indène;95-13-6;202-393-6
Trifloxystrobine;141517-21-7;604-237-6
M-Cymène;535-77-3;
O-Cymène;527-84-4;
1,2,4,5-Tétraméthylbenzène;95-93-2;
1,2,3,5-Tétraméthylbenzène;527-53-7;
1-Bromo-4-Fluorobenzène;460-00-4;207-300-2
2-Chloropropane;75-29-6;200-858-8
1,4-Difluorobenzène;540-36-3;
1,1,1,2-Tétrachloropropane;812-03-3;
1,1,1,3-Tétrachloropropane;1070-78-6;213-981-7
2-Éthyltoluène;611-14-3;
1-Fluoronaphtalène;321-38-0;206-287-0
3-Méthoxybutane-1-ol;2517-43-3;219-741-8
"Isothiocyanate de Méthyle";556-61-6;209-132-5
Propane-1,3-Diol;504-63-2;207-997-3
Cycloxydime;99434-58-9;
2,4,5-Trichloroaniline;636-30-6;211-254-9
3,4,5-Trichloroaniline;634-91-3;
2,3,4-Trichloroaniline;634-67-3;
Desmethylnorflurazone;23576-24-1;
Desméthylisoproturon;34123-57-4;
"Butylcarbamate de 3-Iodo-2-Propynyle";55406-53-6;259-627-5
Fenazaquin;120928-09-8;410-580-0
Fenhexamide;126833-17-8;603-167-3
Fosthiazate;98886-44-3;
"4-chloro-o-tolyloxyacétate de butyle";1713-12-8;216-989-9
"4-Chloro 2-méthylphénoxyacétate d'isooctyle";26544-20-7;247-775-3
"(4-Chloro-2-méthylphénoxy)acétate de 2-butoxyéthyle";19480-43-4;243-103-8
"4-Chloro-o-tolyloxyacétate d'éthyle";2698-38-6;220-275-2
"(4-Chloro-2-méthylphénoxy)acétate de méthyle";2436-73-9;219-430-7
"Mécoprop-1-octyl ester";161922-37-8;
"Mecoprop-2,4,4-trimethylpentyl ester";217487-13-3;
"2-(4-Chloro-2-méthylphénoxy)propionate de 2-butoxyéthyle";23359-62-8;245-609-4
"2-(4-Chloro-2-Méthylphénoxy)Propionate de 2-Éthylhexyle";71526-69-7;
"2-(4-Chloro-2-méthylphénoxy)propionate d'isooctyle";28473-03-2;249-046-5
"Mecoprop-méthyl ester";2786-19-8;621-382-0
6-Chloro-O-Crésol;87-64-9;201-760-8
"2,3,4,6 Tetrachloroanisole";938-22-7;
2,3,4-Trichloroanisole;54135-80-7;
"Acenaphthène D10";15067-26-2;680-467-0
"Acide Styphnique";82-71-3;201-436-6
"Arochlor 5442";12642-23-8;
"Arochlor 5460";11126-42-4;
2-Bromo-1-chloropropane;3017-95-6;221-157-3
Fluorobenzène;462-06-6;207-321-7
Hénéicosane,11-Décyl-;55320-06-4;
Heptatriacontane;7194-84-5;
Nonatriacontane;7194-86-7;
Octatriacontane;7194-85-6;
"Phtalate de Butyle Et d'Octyle";84-78-6;
Biphényle-2-Ol;90-43-7;201-993-5
2,6,10,14-Tétraméthylhexadécane;638-36-8;
Pristane;1921-70-6;217-650-8
Tétracontane;4181-95-7;
Tétratétracontane;7098-22-8;
Gadolinium;7440-54-2;231-162-2
Gallium;7440-55-3;231-163-8
Indium;7440-74-6;231-180-0
Niobium;7440-03-1;231-113-5
Palladium;7440-05-3;231-115-6
Rubidium;7440-17-7;
Ruthénium;7440-18-8;231-127-1
Tantale;7440-25-7;231-135-5
Tungstène;7440-33-7;231-143-9
Yttrium;7440-65-5;231-174-8
Foramsulfuron;173159-57-4;605-666-1
Isoxadifen-ethyle;163520-33-0;443-870-0
Florasulame;145701-23-1;604-488-1
2-Chloro-3-Nitrotoluène;3970-40-9;
6-Chloro-M-Toluidine;95-81-8;
6-chloro-o-toluidine;87-63-8;
4-Chloro-N-Methylaniline;932-96-7;
Zoxamide;160171-18-6;605-037-1
Chlorfénapyr;122453-73-0;602-782-4
5,6,7,8-Tétrahydro-2-naphtalénol;1125-78-6;214-410-4
"1-(4-Isopropylphényl) Urée";56046-17-4;
"Ioxynil Methyl Ether";3336-40-1;
"2,4-Dichlorophénoxyacétate d'Isopropyle";94-11-1;
"(2,4-Dichlorophénoxy)acétate de méthyle";1928-38-7;217-670-7
4-t-Nonylphénol-diéthoxylate;156609-10-8;
4-(3-Méthylbutyl)phénol;1805-61-4;622-636-3
4-(2-Pentanyl)phénol;25735-67-5;
P-(1,1-Diméthylpropyl)Phénol;80-46-6;201-280-9
Diphenylétain;1011-95-6;
Dioctylstannane;15231-44-4;
Phénylétain;2406-68-0;
Octylstannane;15231-57-9;
5-Méthyl-1,2,4-Triazolo[3,4-B]Benzo-1,3-Thiazole;41814-78-2;
2,2'-Dichloro[1,1'-Biphényl]-4,4'-Diamine;84-68-4;
1-Méthylfluoranthène;25889-60-5;
Octylphénol;67554-50-1;
2-Chloro-5-nitrotoluène;13290-74-9;236-306-8
3-Chloro-6-Nitrotoluène;5367-28-2;
3-Chloro-4-Nitrotoluène;38939-88-7;
1,2,3-Tribromo-4-(2,4-dibromophénoxy)benzène;182346-21-0;621-547-7
Benfuracarbe;82560-54-1;
N,N-Diallyldichloroacetamide;37764-25-3;
"Mefenpyr diethyl";135590-91-9;603-923-2
2-Chloro-N-(2-éthyl-6-méthylphényl)acétamide;32428-71-0;
6-Éthyl-2-toluidine;24549-06-2;246-309-6
Azimsulfuron;120162-55-2;601-676-5
Cinidon-éthyl;142891-20-1;604-318-6
"Méthylcarbamate de 2,2-diméthyl-3-oxo-2,3-dihydro-1-benzofuran-7-yle";16709-30-1;622-556-9
"PCB 125";74472-39-2;
"Acide Chlorosulfurique";7790-94-5;232-234-6
Dodécylphénol;27193-86-8;248-312-8
"4-Dodécylphénol, ramifié";210555-94-5;640-104-9
"Phénol, dodécyl-, ramifié";121158-58-5;310-154-3
"Phenol, Tetrapropylene";57427-55-1;
"Tridécanol Ramifié Et Droit";90583-91-8;292-296-5
"Alcools En C18-22";97552-91-5;307-144-6
"Alcools En C10-12";85665-26-5;288-117-5
"Alcools En C8-10";85566-12-7;287-621-2
"Alcools En C14-18 Et Insaturés En C16-18";68155-00-0;268-930-1
"Alcools En C16-18 Et Insaturés En C18";68002-94-8;268-106-1
"Alcools En C8-18";68551-07-5;271-359-0
"Alcool oléique";143-28-2;205-597-3
Pentadécane-1-Ol;629-76-5;211-107-9
"Méthanolate de Potassium";865-33-8;212-736-1
"Méthoxyde de sodium";124-41-4;204-699-5
"Alcools En C8-10, Iso-, Riches En C9";68526-84-1;271-233-5
"Alcools En C9-11, Iso-, Riches En C10";68526-85-2;271-234-0
2-Propylheptane-1-ol;10042-59-8;233-126-1
Isotridécane-1-ol;27458-92-0;248-469-2
"Méthacrylate d'hydroxypropyle";27813-02-1;248-666-3
"Pentadécafluorooctanoate d'Ammonium";3825-26-1;223-320-4
"PFOA - Acide pentadécafluorooctanoïque";335-67-1;206-397-9
"N-Oxyde de 2,2'-(Z)-Octadec-9-Ène-1-Ylimino)Biséthanol";93962-62-0;300-699-5
"Ethanol, 2,2'-(octadecyloxidoimino)bis-";14048-77-2;
"Éthanol, Imino-2,2' Bis-, Dérivés N-Alkyles de Suif, N-Oxydes";61791-46-6;263-179-6
"Éthanol, Imino-2,2' Bis-, Dérivés N-Alkyles de Coco, N-Oxydes";61791-47-7;263-180-1
"Amines, Alkyl En C12-16 Diméthyles, N-Oxydes";85408-49-7;287-011-6
"Amines, Alkyl de Coco Diméthyles, N-Oxydes";61788-90-7;263-016-9
"N-oxyde de N,N-diméthyloctadécylamine";2571-88-2;219-919-5
"N-Oxyde d'Hexadecyldiméthylamine";7128-91-8;230-429-0
"N-oxyde de N,N-diméthyldécylamine";2605-79-0;220-020-5
"Amines, Alkyl En C12-18 Diméthyles, N-Oxydes";68955-55-5;273-281-2
"Amines, Alkyl En C10-16 Diméthyles, N-Oxydes";70592-80-2;274-687-2
"N-Oxyde de N,N-Diméthyltétradécylamine";3332-27-2;222-059-3
"Oxyde de lauryldiméthylamine";1643-20-5;216-700-6
2-[Dodécyl(2-hydroxyéthyl)nitroryl]éthanol;2530-44-1;
"Tétrakis(3-(3,5-Di-Tert-Butyl-4-Hydroxyphényl)Propionate) de Pentaérythritol";6683-19-8;229-722-6
"Acides Gras de Tallol, Esters de Mercapto-2 Éthyle";68440-24-4;270-443-4
"Ether de méthyle et de vinyle";107-25-5;203-475-4
"Ether éthylvinylique";109-92-2;203-718-4
"Ether isobutylvinylique";109-53-5;203-678-8
"Acide Cyanoacétique";372-09-8;206-743-9
"Cyanoacétate d'éthyle";105-56-6;203-309-0
"Hydroxyde de (Carboxyméthyl)Diméthyl-3-[(1-Oxododécyl)Amino]Propylammonium";4292-10-8;224-292-6
"Propanaminium-1, Amino-3 N-(Carboxyméthyl) N,N-Diméthyl-, Dérivés N-Acyles de Coco, Hydroxydes, Sels Internes";61789-40-0;263-058-8
"Amides de Coco, N-[(Diméthylamino)-3 Propyl], Produits d'Alkylation Avec L'Acide Chloracétique, Sels de Sodium";70851-07-9;274-923-4
"Hydrogénoorthophosphate de Dipotassium";7758-11-4;231-834-5
zéolithes;1318-02-1;215-283-8
"Amines, Alkyl En C10-18 Diméthyles, N-Oxydes";85408-48-6;287-010-0
"Alcools En C11-14, Iso-, Riches En C13";68526-86-3;271-235-6
(1E)-N-Hydroxyéthanimine;107-29-9;203-479-6
1-Chloro-1,2,2,2-tétrafluoroéthane;2837-89-0;220-629-6
"Xylène sulfonate de sodium";1300-72-7;215-090-9
"M-Xylène-4-Sulfonate de Sodium";827-21-4;212-567-3
"Toluènesulfonate de sodium";12068-03-0;235-088-1
"Sel d'ammonium du xylènesulfonate";26447-10-9;247-710-9
"Cumène sulfonate de sodium";28348-53-0;248-983-7
"Cumène sulfonate de sodium";32073-22-6;250-913-5
"Cumènesulfonate d'Ammonium";37475-88-0;253-519-1
"Xylène sulfonate de calcium";28088-63-3;248-829-9
"Xylènesulfonate de potassium";30346-73-7;250-140-3
"Toluène-4-sulfonate de potassium";16106-44-8;240-273-5
"Sulfate d'Ammonium";7783-20-2;231-984-1
"2,2'-[(E)-1,2-Éthènediyl]bis(5-{[4-anilino-6-(4-morpholinyl)-1,3,5-triazin-2-yl]amino}benzènesulfonate) de disodium";16090-02-1;240-245-2
"Disodium 4,4'-bis[(4-anilino-6-morpholino-1,3,5- triazin-2-yl)amino]-stilbene-2,2'-disulfonate";56776-30-8;
"Silice amorphe fumée exempt de silice critalline";112945-52-5;601-216-3
"Silice amorphe, gel";112926-00-8;601-214-2
"Carbure de tungstène";12070-12-1;235-123-0
"Superphosphates Concentrés";65996-95-4;266-030-3
Superphosphates;8011-76-5;232-379-5
"Dihydrogénoorthophosphate d'Ammonium";7722-76-1;231-764-5
"Hydrogénoorthophosphate de Diammonium";7783-28-0;231-987-8
"Acides Polyphosphoriques, Sels d'Ammonium";68333-79-9;269-789-9
N,N'-éthylenedi(stéaramide);110-30-5;203-755-6
"Trichlorure de Fer";7705-08-0;231-729-4
"Sulfate de Fer";7720-78-7;231-753-5
"Sulfate de fer (III)";10028-22-5;233-072-9
"Sulfate de fer nonahydraté";13520-56-4;
"Trichlorure de fer hexahydraté";10025-77-1;231-729-4
"Sulfate de fer(2+), hydrate (1:1:1)";17375-41-6;605-688-1
"Sulfate de fer(3+), hydrate (3:2:1)";15244-10-7;604-849-3
"Sulfate de fer(2+), hydrate (1:1:1)";13463-43-9;603-840-1
"Chlorure de fer(2+), hydrate (2:1:1)";24290-40-2;
"Thiosulfate d'Ammonium";7783-18-8;231-982-0
"Hydroxyde d'ammonium";1336-21-6;215-647-6
"Phosphatesulfate de diammonium";12593-60-1;235-712-2
Diéthylbenzène;25340-17-4;246-874-9
"Sulfate de Strontium";7759-02-6;231-850-2
3,5,6-Trichloro-2-Pyridone;6515-38-4;229-405-2
Hexabromocyclododécane;3194-55-6;221-695-9
"Métalaxyl M";70630-17-0;
"[2-(4-Phénoxyphénoxy)Éthyl]Carbamate d'Éthyle";72490-01-8;276-696-7
"Éther d'allyle et glycidyle";106-92-3;203-442-4
"Dioxyde de manganèse";1313-13-9;215-202-6
1,3-Di-O-Tolylguanidine;97-39-2;202-577-6
"3(ou 4)-méthylbenzène-1,2-diamine";26966-75-6;248-145-0
"Sulfate de Calcium";7778-18-9;231-900-3
"Sulfate de Potassium";7778-80-5;231-915-5
"Sulfate de magnésium et de potassium (3:2:2)";17855-14-0;241-811-1
"Nitrate de Sodium";7631-99-4;231-554-3
"Nitrate de Potassium";7757-79-1;231-818-8
"Nitrate d'Ammonium";6484-52-2;229-347-8
"Acide nitrique, sel d'ammonium et de calcium";15245-12-2;239-289-5
"Urée nitrate, ammoniate (1:1:1)";15978-77-5;605-190-4
"Composés de L'Ion Ammonium Quaternaire, Benzyl(Alkyl de Suif Hydrogéné)Diméthyles, Chlorures, Composés Avec L'Hectorite";71011-26-2;275-126-4
"Composés de L'Ion Ammonium Quaternaire, Bis(Alkyl de Suif Hydrogéné)Diméthyles, Sels Avec La Bentonite";68953-58-2;273-219-4
"Composés de L'Ion Ammonium Quaternaire, Bis(Alkyl de Suif Hydrogéné)Diméthyles, Chlorures, Composés Avec L'Hectorite";71011-27-3;275-128-5
"Composés de L'Ion Ammonium Quaternaire, Benzylbis(Alkyl de Suif Hydrogéné)Méthyles, Chlorures, Composés Avec La Bentonite";68153-30-0;268-875-3
"Composés de L'Ion Ammonium Quaternaire, Benzyl Bis(Alkyl de Suif Hydrogéné)Méthyles, Sels Avec La Montmorillonite";97952-68-6;308-361-9
"Composés de L'Ion Ammonium Quaternaire, Benzyl(Alkyl de Suif Hydrogéné)Diméthyles, Chlorures, Composés Avec La Bentonite";71011-24-0;275-124-3
"Composés de L'Ion Ammonium Quaternaire, Benzyl(Alkyl de Suif Hydrogéné)Diméthyles, Chlorures, Composés Avec La Bentonite Et Les Chlorures de Bis(Alkyl de Suif Hydrogéné)Diméthylammonium";71011-25-1;275-125-9
"Composés d'ammonium quaternaire, benzyl(alkyl de suif hydrogéné)diméthyl, stéarates, sels avec la bentonite";121888-68-4;601-813-9
"Composés d'Ammonium Quaternaire, Benzyl (Alkyl de Suif Hydrogéné) Diméthyl, Composés de Chlorure Avec Bentonite Et Chlorures de Bis (Alkyl de Suif Hydrogéné) Diméthylammonium";89749-78-0;400-060-1
"Composés de L'Ion Ammonium Quaternaire, Benzylalkyl En C16-18 Diméthyles, Sels Avec La Smectite";91080-57-8;293-552-9
"Composés de L'Ion Ammonium Quaternaire, Benzylalkyl En C10-22 Diméthyles, Sels Avec La Smectite";91080-56-7;293-551-3
"Composés de L'Ion Ammonium Quaternaire, Bis(Alkyl de Suif Hydrogéné)Diméthyles, Sels Avec La Montmorillonite";68911-87-5;272-790-7
"Composés de L'Ion Ammonium Quaternaire, Dialkyl En C10-22 Diméthyles, Sels Avec La Smectite";91081-06-0;293-607-7
"Composés d'ammonium quaternaire, sel de benzylbis(alkyl de suif hydrogéné)méthyl, bis(alkyl de suif hydrogéné)diméthylammonium avec hectorite";121888-67-3;601-812-3
"Sulfate de N-dodécyle et de triéthanolamine";139-96-8;205-388-7
"sulfate de sodium et d'octyle";142-31-4;205-535-5
"Sulfate de sodium et de décyle";142-87-0;205-568-5
"Sulfate d'ammonium et de dodécyle";2235-54-3;218-793-9
"Sulfate de sodium et de nonyle";1072-15-7;214-002-6
"Sulfate de sodium et d'hexadecyle";1120-01-0;214-292-4
"Sulfate de sodium et d'octadécyle";1120-04-3;214-295-0
"Sulfate de myristyle et de sodium";1191-50-0;214-737-2
"Sulfate de sodium et de tridécyle";3026-63-9;221-188-2
"Sulfate de sodium et de pentadécyle";13393-71-0;236-475-8
"Sulfate de Tris(2-Hydroxyéthyl)Ammonium Et de Décyle";39943-70-9;254-710-2
"Acide Sulfurique, Esters de Mono-Alkyles En C10-16, Sels d'Ammonium";68081-96-9;268-364-5
"Acide Sulfurique, Esters de Mono-Alkyles En C14-18, Sels de Sodium";68081-98-1;268-366-6
"Acide Sulfurique, Esters de Mono-Alkyles En C10-16, Sels de Sodium";68585-47-7;271-557-7
"Acide Sulfurique, Esters de Mono-Alkyles En C12-15, Sels de Sodium";68890-70-0;272-575-8
"Acide Sulfurique, Esters de Mono-Alkyles En C12-18, Sels de Sodium";68955-19-1;273-257-1
"Acide Sulfurique, Esters de Mono-Alkyles En C16-18, Sels de Sodium";68955-20-4;273-258-7
"Acide Sulfurique, Esters de Mono-Alkyles C12-16, Sels de Sodium";73296-89-6;277-362-3
"Acide Sulfurique, Esters de Mono-Alkyles En C12-14, Sels de Sodium";85586-07-8;287-809-4
"Acide Sulfurique, Esters de Mono-Alkyles En C12-16, Sels d'Ammonium";90583-12-3;292-210-6
"Acide Sulfurique, Esters de Mono-Alkyles En C12-14, Composés Avec La Triéthanolamine";90583-18-9;292-216-9
"Acide Sulfurique, Esters de Mono-Alkyles En C12-18, Sels de Potassium";90583-24-7;292-223-7
"Hydrogénosulfate de tétradécyle - 2,2',2''-nitrilotriéthanol (1:1)";117875-77-1;601-497-2
"Acide Sulfurique, Esters de Mono-Alkyles En C10-16, Sels de Magnésium";68081-97-0;268-365-0
"Acide Sulfurique, Esters de Mono-Alkyles En C10-16";68611-55-2;271-897-6
"Acide Sulfurique, Esters de Mono-Alkyles En C8-14, Composés Avec La Triéthanolamine";85665-45-8;288-134-8
"Sulfuric Acids, Mono-(C14-18 And C16-18-Unsatd)-Alkyl Esters, Sodium Salts";85681-68-1;288-206-9
"Acide Sulfurique, Esters de Mono-Alkyles En C13-15, Sels de Sodium";86014-79-1;289-127-2
"Acide Sulfurique, Esters de Mono-Alkyles En C8-14, Sels d'Ammonium";90583-10-1;292-208-5
"Acide Sulfurique, Esters de Mono-Alkyles En C12-18, Sels d'Ammonium";90583-13-4;292-211-1
"Acide Sulfurique, Esters de Mono-Alkyles En C12-14, Composés Avec L'Éthanolamine";90583-16-7;292-214-8
"Acide Sulfurique, Esters de Mono-Alkyles En C8-14, Sels de Lithium";90583-19-0;292-217-4
"Acide Sulfurique, Esters de Mono-Alkyles En C12-14, Sels de Magnésium";90583-23-6;292-222-1
"Acide Sulfurique, Esters de Mono-Alkyles En C8-16, Sels de Sodium";90583-27-0;292-226-3
"Acide Sulfurique, Esters de Mono(Alkyl En C14-18 Et Insaturé En C18), Sels de Sodium";90583-31-6;292-231-0
"Acide Sulfurique, Esters de Mono-Alkyles En C14-16, Sels de Sodium";91648-54-3;293-916-7
"Acide Sulfurique, Esters de Mono-Alkyles En C12-13, Sels de Potassium";91783-22-1;295-100-6
"Acide Sulfurique, Esters de Mono-Alkyles En C12-13, Sels de Sodium";91783-23-2;295-101-1
"Acide Sulfurique, Esters de Mono-Alkyles En C12-14, Sels d'Ammonium, Composés Avec La Triéthanolamine";96690-75-4;306-273-5
"Acides Sulfoniques, Hydroxyalcanes En C15-18 Et Alcènes En C15-18, Sels de Sodium";91082-14-3;293-724-3
"Octane-1-Sulfonate de Sodium, Monohydraté";5324-84-5;226-195-4
"Décane-1-sulfonate de sodium";13419-61-9;236-525-9
"1-Dodécanesulfonate de sodium";2386-53-0;219-200-6
"Tétradécane-1-sulfonate de sodium";27175-91-3;248-288-9
"Octadécane-1-sulfonate de sodium";13893-34-0;237-660-6
"Acides Sulfoniques, Alcanes En C15-18, Sels de Sodium";68815-15-6;272-357-2
"Acides Sulfoniques, Hydroxyalcanes En C14-16 Et Alcènes En C14-16, Sels de Sodium";68439-57-6;270-407-8
"(1E)-1-Dodécène-1-sulfonate de sodium";30965-85-6;608-562-4
"Acide Sulfonique, Hydroxyalcane En C14 Et Alcène En C14, Sels de Sodium";93686-14-7;297-663-3
"Hexadecènesulfonate de sodium";11067-19-9;234-286-5
"Acides Sulfoniques, Hydroxyalcane En C14-18 Et Alcène En C14-18, Sels de Sodium";863609-89-6;
"Acides Sulfoniques, Hydroxyalcanes En C16-18 Et Alcènes En C16-18, Sels de Sodium";91722-28-0;294-430-8
"Acides Sulfoniques, Hydroxyalcanes En C12-14 Et Alcènes En C12-14, Sels de Sodium";85536-12-5;287-492-2
Diméthylsulfoxyde;67-68-5;200-664-3
"Acide Peracétique";79-21-0;201-186-8
"Acide P-Toluique";99-94-5;202-803-3
"Diméthanol-1,4 cyclohexane";105-08-8;203-268-9
"Difluorure d'ammonium";1341-49-7;215-676-4
"Acide Nitrique";7697-37-2;231-714-2
"Sulfite de Sodium";7757-83-7;231-821-4
"Acide hexafluorosilicique";16961-83-4;241-034-8
"Sébaçate de Bis(2,2,6,6-Tétraméthyl-4-Pipéridyle)";52829-07-9;258-207-9
"Formate de sodium";141-53-7;205-488-0
"Formiate d'Ammonium";540-69-2;208-753-9
"Diformiate de Calcium";544-17-2;208-863-7
"Formiate de Potassium";590-29-4;209-677-9
"Formiate d'hydrure de potassium";20642-05-1;243-934-6
"Formate de méthyle";107-31-3;203-481-7
Carbamazépine;298-46-4;206-062-7
Triclosan;3380-34-5;222-182-2
"Trifluorure de bore";7637-07-2;231-569-5
"Chlorure de thionyle";7719-09-7;231-748-8
"Hexafluorure d'uranium";7783-81-5;232-028-6
"Chlorure de soufre";10025-67-9;233-036-2
"Monoxyde de nickel (vert)";1313-99-1;215-215-7
"Séléniure de Dihydrogène";7783-07-5;
"Acide Monobromoacétique";79-08-3;201-175-8
Azocyclotin;41083-11-8;
Brodifacoum;56073-10-0;
Calciférol;50-14-6;
"Phosphure de calcium";1305-99-3;215-142-0
Cholécalciférol;67-97-0;
Crimidine;535-89-7;
"Carbonate cuivrique basique";12069-69-1;235-113-6
"Cyanamide d'hydrogène";420-04-2;206-992-3
Difénacoum;56073-07-5;
Diféthialone;104653-34-1;
Diphacinone;82-66-6;
"Dibromure de Diquat";85-00-7;201-579-4
Fenpyroximate;111812-58-9;601-123-8
Flocoumafène;90035-08-8;421-960-0
Formétanate;23422-53-9;245-656-0
"Guazatine (Triacétate)";57520-17-9;
"Guazatine (acétate)";115044-19-4;601-341-3
Isothiazoline;55965-84-9;911-418-6
"Phosphure de magnésium";12057-74-8;
Scilliroside;507-60-8;
"Fluorure de sulfure";2699-79-8;220-281-5
Triazoxide;72459-58-6;
"Huile de Paraffine";64742-55-8;265-158-7
Poix;61789-60-4;
Quizalofop-P;119738-06-6;601-628-3
1-Méthyl-cyclopropène;3100-04-7;608-567-1
Benzyladénine;1214-39-7;214-927-5
Acétamipride;135410-20-7;603-921-1
"Acibenzolar-S-methyl (benzothiadiazole)";135158-54-2;420-050-0
"Dichloroisocyanurate de sodium";2893-78-9;220-767-7
"Acide Octylphosphonique";52894-02-7;417-170-0
"Acide Trichloroisocyanurique";87-90-1;201-782-8
N-Benzyl-2-[4-fluoro-3-(trifluorométhyl)phénoxy]butanamide;113614-08-7;601-267-1
Benalaxyl-M;98243-83-5;
Benthiavalicarbe;177406-68-7;605-799-5
Bifenazate;149877-41-8;442-820-5
Boscalide;188425-85-6;606-143-0
"Heptanoate de Bromoxynil";56634-95-8;260-300-4
Éthyle-Carfentrazone;128639-02-1;603-291-8
"Chloridazone (Pyrazone)";58858-18-7;
Cléthodime;99129-21-2;
Benthiavalicarb;413615-35-7;
Chlothianidine;210880-92-5;433-460-1
Cyazofamide;120116-88-3;601-671-8
Cyhalofop-butyl;122008-85-9;601-817-0
Di-1-p-menthène;34363-01-4;
"Dicamba sel de potassium";10007-85-9;233-002-7
Dicamba-diméthylammonium;2300-66-5;218-951-7
"3,6-dichloro-o-anisate de sodium";1982-69-0;217-846-3
"Dichloro isocyanurate de sodium (le cas échéant dihydrate)";51580-86-0;
Dimethenamid-P;163515-14-8;605-329-9
Dimoxystrobine;149961-52-4;604-712-8
Diniconazole-M;76714-88-0;
Dodémorphe;1593-77-7;216-474-9
Esbiothrine;84030-86-4;
Étofenprox;80844-07-1;407-980-2
Etoxazole;153233-91-1;604-891-2
Fluopicolide;239110-15-7;607-285-6
Fluoxastrobine;361377-29-9;
Glyphosate-Monoammonium;40465-66-5;609-830-3
"Éther  mono(tétraméthyl (triméthylsiloxy)-1 disiloxanyl)-3 propylique de polyéthylène glycol";27306-78-1;608-078-3
Hymexazol;10004-44-1;233-000-6
Imazamox;114311-32-9;601-305-7
Indoxacarbe;173584-44-6;605-683-4
Mancozèbe;8018-01-7;
Mécoprop;7085-19-0;230-386-8
Mepanipyrim;110235-47-7;432-140-7
Methoxyfenozide;161050-58-4;605-245-2
Métrafenone;220899-03-6;606-928-8
Milbémectine;51596-10-2;
Oxasulfuron;144651-06-9;604-430-5
Pénoxsulame;219714-96-2;606-869-8
Pethoxamid;106700-29-2;
Piclorame;6753-47-5;
Picolinafen;137641-05-5;604-030-0
"Polymère d'amine gras";68213-26-3;
Prochloraze;75747-77-2;
Propinébe;12071-83-9;
Propinébe;9016-72-2;
Propoxycarbazone;181274-15-7;605-920-1
Proquinazid;189278-12-4;606-168-7
Prothioconazole;178928-70-6;605-841-2
Pymétrozine;123312-89-0;602-927-1
Pyracarbolide;24691-76-7;246-419-4
Pyraflufen-ethyl;129630-19-9;603-347-1
Pyriproxyfène;95737-68-1;429-800-1
Pyroxsulame;422556-08-9;
Quinoclamine;2797-51-5;220-529-2
silthiofam;175217-20-6;605-752-9
Sintofen;130561-48-7;603-426-0
S-Métolachlore;87392-12-9;
Spinosad;168316-95-8;434-300-1
"Phéromones de lépidoptères à chaîne linéaire";33956-49-9;
Tembotrione;335104-84-2;
Térébenthine;8006-64-2;232-350-7
Thiaclopride;111988-49-9;601-147-9
Thiaméthoxam;153719-23-4;428-650-4
Thiourée;62-56-6;200-543-5
"Trichloracétate de sodium";650-51-1;211-479-2
triclopyr-butotyl;64700-56-7;
triclopyr-triéthylammonium;57213-69-1;
Triflusulfuron;135990-29-3;603-146-9
Triflusulfuron-methyl;126535-15-7;603-146-9
Triticonazole;131983-72-7;603-543-7
Tritosulfuron;142469-14-5;604-291-0
Zoxamide;156052-68-5;605-037-1
"Acide sulfamique";5329-14-6;226-218-8
"Thiocyanate d'ammonium";1762-95-4;217-175-6
"Bouillie Bordelaise";8011-63-0;910-853-9
"Sulfate de cuivre";12527-76-3;933-646-5
"Trihydroxyde de chlorure de dicuivre";1332-65-6;215-572-9
"Oxychlorure de cuivre";1332-40-7;215-572-9
"Permanganate de potassium";7722-64-7;231-760-3
"Polychlorobiphényle 169";37774-16-6;
"Biphényles polychlorés";1336-36-3;215-648-1
"Tétra BDE 47";5436-43-1;
2-(nonylphénoxy)éthanol;27986-36-3;248-762-5
2-(2-(nonylphénoxy)éthoxy)éthanol;27176-93-8;248-291-5
OP1OE;2315-67-5;621-345-9
OP2OE;2315-61-9;621-341-7
"Diquat et ses sels";4032-26-2;
"Diquat et ses sels";94021-76-8;
"Ioxynil (sel de sodium)";2961-62-8;220-995-7
"Alkyl Polysaccharides";68515-73-1;500-220-1
Esbiothrine;28434-00-6;249-013-5
Fludioxonil;13141-86-1;
"Glyphosate (Sel d'Isopropylamine)";38641-94-0;689-719-4
Imidaclopride;105827-78-9;200-835-2
Iodosulfuron;185119-76-0;
"Mecoprop P Sel de Potassium";66423-05-0;
"Mecoprop-P (Sels de Dimethylamine)";66423-09-4;
Metam-Sodium;6734-80-1;
Pyraflufen-ethyl;129630-17-7;620-437-6
Dialiphos;10311-84-9;233-689-3
Nicotine;54-11-5;200-193-3
"Dichlorure de paraquat";1910-42-5;217-615-7
Chlorofenizon;80-33-1;
Epoxiconazole;135319-73-2;603-915-9
"Acide diclofénaque";15307-86-5;239-348-5
Ibuprofène;15687-27-1;239-784-6
"Diclofenac épolamine";119623-66-4;684-865-5
"Diclofénac sodique";15307-79-6;239-346-4
"Diclofenac diethylamine";78213-16-8;
"Diclofenac potassium";15307-81-0;630-422-6
"Cyanure d'ammonium";12211-52-8;
1-Hydroxy-Ibuprofène;53949-53-4;
2-Hydroxy-Ibuprofène;51146-55-5;
Chloroalcanes;61788-76-9;
"Chloroalcanes C18-C28";85535-86-0;
"Chloroalcanes C6-C18";68920-70-7;
"Chloroalcanes C12-C14";85536-22-7;
"Chloroalcanes C12-C13";71011-12-6;
"Chloroalcanes C10-C14";85681-73-8;
"Chloroalcanes C10-C21";84082-38-2;
"Paraffines normales";97553-43-0;
"Chloroalcanes C10-C32";84776-06-7;
"Chloroalcanes C10-C26";97659-46-6;
"Chloroalcanes C16-C27";84776-07-8;
"Chloroalcanes C18-C20";106232-85-3;⁻
"Chloroalcanes C16-C35";85049-26-9;
"Chloroalcanes C22-C40";106232-86-4;600-725-8
2,3,4,6,7,8-Hexachlorodécane;108171-26-2;
1,3,7,11,15,19,23-Heptachlorotétracosane;108171-27-3;
"nonylphénol ramifié";90481-04-2;
"Arséniate de calcium";7778-44-1;231-904-5
"Arséniate de cuivre";10290-12-7;233-644-8
"Arsénite de sodium";7784-46-5;
"Acétate de Cadmium";543-90-8;
"Hydroxyde de Cadmium";21041-95-2;244-168-5
"Sulfate mercurique";7783-35-9;231-992-5
"Acétate de nickel";373-02-4;206-761-7
"Dihydroxyde de nickel";12054-48-7;235-008-5
"Sulfure de zinc";1314-98-3;215-251-3
"Chromate de zinc";13530-65-9;236-878-9
(1R,2R,5S,6R,9R,10S)-1,2,5,6,9,10-Hexabromocyclododécane;134237-50-6;603-801-9
(1R,2R,5R,6S,9R,10S)-1,2,5,6,9,10-Hexabromocyclododécane;134237-51-7;603-802-4
(1R,2R,5R,6S,9S,10R)-1,2,5,6,9,10-Hexabromocyclododécane;134237-52-8;603-804-5
"Perchlorate d'ammonium";7790-98-9;232-235-1
Doxycycline;564-25-0;
"Acide valproique";99-66-1;202-777-3
Ifosfamide;3778-73-2;
Chlorpyriphos-éthyl;39475-55-3;220-864-4
N,N-Diméthyl-N'-p-tolylsulphamide;66840-71-9;
"Acetochlor ESA";187022-11-3;690-351-1
"Acetochlor OXA";194992-44-4;690-356-9
"Metolachlor ESA";171118-09-5;812-484-8
"Metolachlor OXA";152019-73-3;690-353-2
"Fipronil Sulfide";120067-83-6;601-662-9
"Fipronil Sulfone";120068-36-2;690-359-5
Méthoprène;40596-69-8;
2,2',4,5'-Tetrabromodiphényléther;60044-24-8;
2,3',4,4'-Tetrabromdiphényléther;84303-45-7;
3,4-Dibromodiphényléther;83694-71-7;
Décahydronaphtalène;91-17-8;202-046-9
1-Méthylpyrène;2381-21-7;219-178-8
Benzo[ghi]fluoranthène;203-12-3;205-903-5
1,1,2,2,3,3,4,4,5,5,6,6,7,7,8,8,8-Heptadécafluoro-N-méthyl-1-octanesulfonamide;31506-32-8;250-665-8
1,2,3,4,6,7-Hexachloronaphthalène;103426-96-6;
trans-Nonachlor;39765-80-5;
Acetazolamide;59-66-5;
Beta-sitostérol;83-46-5;
Dextropropoxyphène;469-62-5;
Éconazole;27220-47-9;248-341-6
Phloroglucinol;108-73-6;203-611-2
Tamoxifène;10540-29-1;234-118-0
"4-Nonylphénol di-éthoxylate";20427-84-3;243-816-4
"4-Nonylphénol mono-éthoxylate";104-35-8;
2-(4-Octylphénoxy)éthanol;26636-32-8;257-203-4
"Chlorure chromeux";10049-05-5;233-163-3
"Fluorure de 1,1,2,2,3,3,4,4,5,5,6,6,7,7,8,8,8-heptadécafluoro-1-octanesulfonyle";307-35-7;206-200-6
"Perfluorooctanesulfonamide (FOSA)";754-91-6;212-046-0
"N-éthylperfluoro-octane-1-sulfonamide (N-Et-FOSA)";4151-50-2;223-980-3
"N-Me-FOSE alcool";24448-09-7;246-262-1
"Acrylate de 2-{[(heptadécafluorooctyl)sulfonyl](méthyl)amino}éthyle";25268-77-3;246-779-2
N-Et-FOSEA;423-82-5;207-031-0
Isobutyl-paraben;4247-02-3;224-208-8
"Méthyl triclosan";4640-01-1;
"Atorvastatine, 2-hydroxy";214217-86-4;
Octocrylène;6197-30-4;228-250-8
N-Méthylaniline;100-61-8;202-870-9
Microcystine-YR;101064-48-6;621-458-3
4,4'-Oxydianiline;101-80-4;202-977-0
Acétaminophène;103-90-2;203-157-5
14-Hydroxy-clarithromycine;110671-78-8;
"Microcystine RR";111755-37-4;621-470-9
"Danofloxacine  ";112398-08-0;638-772-1
Erythromycine;114-07-8;204-040-1
Losartan;114798-26-4;601-329-8
"Marbofloxacine  ";115550-35-1;214-576-8
"Acide diatrizoïque";117-96-4;204-223-6
"Acide 2-chlorobenzoïque";118-91-2;204-285-4
Isoquinoléine;119-65-3;204-341-8
Ethyle-paraben;120-47-8;204-399-4
para-crésidine;120-71-8;204-419-1
Sulfadiméthoxine;122-11-2;204-523-7
"Isoborneol  ";124-76-5;204-712-4
"Dihydrocodéine  ";125-28-0;204-732-3
Hydrocodone;125-29-1;204-733-9
Hydroxyurée;127-07-1;204-821-7
"Urée, 1-(3-chloro-4-methylphenyl)-";13142-64-8;652-080-7
1-[1,1-Diméthyl-6-(2-méthyl-2-propanyl)-2,3-dihydro-1H-indén-4-yl]éthanone;13171-00-1;236-114-4
Diéthyltoluamide;134-62-3;205-149-7
Iobitriol;136949-58-1;
2,4,5-Triméthylaniline;137-17-7;205-282-0
Amprolium;137-88-2;205-307-5
4,4'-Thiodianiline;139-65-1;205-370-9
Tylosine;1401-69-0;215-754-8
"Dibutylétain cation";14488-53-0;
"Acide oxolinique";14698-29-4;238-750-8
Lévamisole;14769-73-4;238-836-5
Cytarabine;147-94-4;205-705-9
Imatinib;152459-95-5;604-855-6
Dydrogestérone;152-62-5;205-806-8
"AHDI (Phantolide)";15323-35-0;239-360-0
"Acide ibuprofène carboxylique";15935-54-3;
Monensin;17090-79-8;241-154-0
Bensultap;17606-31-4;605-769-1
Bromazépam;1812-30-2;217-322-4
2,3,5-Trichloroaniline;18487-39-3;242-373-4
1,3,5-Tribromo-2-(2,4-dibromophénoxy)benzène;189084-64-8;690-350-6
Amiodarone;1951-25-3;217-772-1
Chlormadinone;1961-77-9;217-802-3
4-Amino-6-(isopropylamino)-1,3,5-triazin-2(5H)-one;19988-24-0;
"Acide perfluoro-n-undécanoïque (PFUnA)";2058-94-8;218-165-4
1,3,5-Tribromo-2-(2,4,5-tribromophénoxy)benzène;207122-15-4;
1,2,3,5-Tétrabromo-4-(2,4,5-tribromophénoxy)benzène;207122-16-5;
"Propylène thiourée";2122-19-2;620-432-9
Acétylsulfaméthoxazole;21312-10-7;244-330-5
"Atorvastatine, 4-hydroxy";214217-88-6;
Kétoprofène;22071-15-4;244-759-8
Naproxen;22204-53-1;244-838-7
"O desméthylnaproxène";23981-47-7;245-967-1
Gemfibrozil;25812-30-0;247-280-2
Céfazoline;25953-19-9;247-362-8
"Acide fénofibrique";26129-32-8;
Amoxicilline;26787-78-0;248-003-8
Tramadol;27203-92-5;248-319-6
Triazole-1,2,4;288-88-0;206-022-9
Alprazolam;28981-97-7;249-349-2
Aténolol;29122-68-7;249-451-7
Tolyltriazole;29385-43-1;249-596-6
"Acide perfluorohexanoïque (PFHxA)";307-24-4;206-196-6
"Acide tricosafluorododécanoïque (PFDoA)";307-55-1;206-203-2
"PCB 66";32598-10-0;690-143-0
"Acide perfluorodécanoïque (PFDA)";335-76-2;
"Perfluorodecane sulfonate (PFDS)";335-77-3;
Cyamémazine;3546-03-0;222-594-2
"Perfluorohexane sulfonate (PFHS)";355-46-4;
N-Butylbenzènesulfonamide;3622-84-2;222-823-6
"Carbamazépine 10,11-epoxide";36507-30-9;
Métoprolol;37350-58-6;
"Acide perfluoroheptanoïque (PFHpA)";375-85-9;
"Acide heptadécafluorononanoïque (PFNA)";375-95-1;
"Perfluorotetradecanoic acid (PFTDA)";376-06-7;
"Dibenzofurane, 1,2,3,4,6,7,8,9-Octachloro-";39001-02-0;
Sotalol;3930-20-9;
"PCB 189";39635-31-9;
Bezafibrate;41859-67-0;
Diltiazem;42399-41-7;
Flumequine;42835-25-6;
Fenbendazole;43210-67-9;
Diazépam;439-14-5;
Métronidazole;443-48-1;207-136-1
Hydroxy-métronidazole;4812-40-2;
Cotinine;486-56-6;
Fénofibrate;49562-28-9;256-376-3
Trimétazidine;5011-34-7;225-690-2
Cyclophosphamide;50-18-0;
Prednisolone;50-24-8;200-021-7
Cocaïne;50-36-2;
"Acide acétylsalicylique";50-78-2;200-064-1
Dopamine;51-61-6;
Diosmétine;520-34-3;208-291-8
Propranolol;525-66-6;
"PCB 167";52663-72-6;
Androstérone;53-41-8;
Furosemide;54-31-9;
Fluvoxamine;54739-18-3;611-193-1
Fluoxétine;54910-89-3;
Albendazole;54965-21-8;
Narasine;55134-13-9;
Buflomédil;55837-25-7;
Sucralose;56038-13-2;259-952-2
Héroine;561-27-3;209-217-7
Morphine;57-27-2;200-320-2
Chlortétracycline;57-62-5;
Sulfadimidine;57-68-1;200-346-4
Progestérone;57-83-0;200-350-6
"Estradiol, 17 alpha-";57-91-0;
"Dihydrostreptomycine Sulfate";57-92-1;
Testostérone;58-22-0;200-370-5
Hydrochlorothiazide;58-93-5;
Sulfaquinoxaline;59-40-5;
N-Nitrosomorpholine;59-89-2;
"Azobenzène, 4-amino-";60-09-3;200-453-6
S-Iopamidol;60166-93-0;
Clorsulon;60200-06-8;
Gestodène;60282-87-3;
Oxazepam;604-75-1;
Tétracycline;60-54-8;200-481-9
Phénazone;60-80-0;200-486-6
"Diméthylxanthine, 17-";611-59-6;
"Penicillin G";61-33-6;
"Perméthrine cis";61949-76-6;
4-Androstènedione;63-05-8;200-554-5
"Cyclohexénone, Méthyl-iso-propyl-";6485-40-1;229-352-5
"PCB 123";65510-44-3;
Metformine;657-24-9;
Ranitidine;66357-35-5;266-332-5
Déhydronifédipine;67035-22-7;
Drospirénone;67392-87-4;
"ATII (Traseolide)";68140-48-7;268-799-0
Noréthindrone;68-22-4;200-681-6
Sulfadiazine;68-35-9;200-685-8
"Hexa-BDE (BDE 153)";68631-49-2;
Ampicilline;69-53-4;200-709-7
"PCB 157";69782-90-7;
Ivermectine;70288-86-7;
"PCB 81";70362-50-4;
Norfloxacine;70458-96-7;
Cloxacilline;7081-44-9;
Sulfathiazole;72-14-0;
Sulfaméthoxazole;723-46-6;
Florfénicol;73231-34-2;
Omeprazole;73590-58-6;615-996-8
Triméthoprime;738-70-5;
O-desméthyltramadol;73986-53-5;
Enoxacine;74011-58-8;
Acide-p-Chlorobenzoïque;74-11-3;200-805-9
"PCB 114";74472-37-0;
Camphre;76-22-2;200-945-0
Oxycodone;76-42-6;200-960-2
Codeïne;76-57-3;200-969-1
"Oxyde de triphénylphosphine";791-28-6;212-338-8
Oxytetracycline;79-57-2;
Sertraline;79617-96-2;
Lévonorgestrel;797-63-7;
"Beta-hydroxy-acide Simvastatine";79902-63-9;
Clarithromycine;81103-11-9;
Pravastatine;81131-70-6;
Ofloxacine;82419-36-1;
Zolpidem;82626-48-0;617-367-3
"Toluidine 4,4'-méthylènedi-o";838-88-0;212-658-8
Norfluoxétine;83891-03-6;
Lorazepam;846-49-1;
"Maduramicine ammonium alpha";84878-61-5;
Altrénogest;850-52-2;
Ciprofloxacine;85721-33-1;
Lincomycin;859-18-7;212-726-7
Ramiprilate;87269-97-4;
Ramipril;87333-19-5;
"Diméthylaniline, 2,6-";87-62-7;201-758-7
Amlodipine;88150-42-9;425-820-1
"Acide clofibrique";882-09-7;
2-Aminonaphthalène;91-59-8;
4-Biphénylylamine;92-67-1;
Phénazine;92-82-0;
Enrofloxacine;93106-60-6;
O-Desméthylvenlafaxine;93413-62-8;700-516-2
"Doxycycline (anhydre)";94088-85-4;
Propyl-paraben;94-13-3;202-307-7
Fenoxaprop;95617-09-7;
"Diméthylaniline, 3,4-";95-64-7;202-437-4
"Dimethylaniline, 2,4-";95-68-1;
Microcystine-la;96180-79-9;
Dichlorophène;97-23-4;
Méthyl-paraben;99-76-3;202-785-7
"Bromo-1 propane";106-94-5;203-445-0
1-Fluoro-4-isocyanatobenzène;1195-45-5;214-799-0
"2-chloroanthraquinone, 2-";82-44-0;
"Chloro-5 méthyl-2 isothiazolin-4 one-3";26172-55-4;247-500-7
"Fluorure de nitro-3 chloro-4 benzylidyne";121-17-5;204-451-6
Anilazine;101-05-3;202-910-5
Azapérone;1649-18-9;216-715-8
Benazolin;3813-05-6;
Benodanil;15310-01-7;239-352-7
Asphalte;8052-42-4;232-490-9
Déméton;8000-97-3;
Dicloran;99-30-9;
Diénochlore;2227-17-0;218-763-5
Drazoxolon;51450-97-6;
Étridiazole;2593-15-9;219-991-8
Fenoxaprop-p-éthyl;71283-80-2;
Fluméthrine;69770-45-2;
Fluroglycofen-éthyl;77501-90-7;
Hepténophos;34783-40-9;
1,2,3,4,5,6-Hexachlorobicyclo[2.2.1]hepta-2,5-diène;28680-44-6;
"Malachite vert";569-64-2;
Méphospholan;950-10-7;
Pentanochlore;2307-68-8;218-988-9
"Trichloroéthane (TCA)";25323-89-1;
"Tétrabromure d'acétylène";79-27-6;
Trietazine;1912-26-1;217-618-3
"Phosphite de tris(6-méthylheptyle)";25103-12-2;246-614-4
Trixylényl-phosmhate;25653-16-1;247-165-7
"Acide naphtylacée";86-87-3;
"Acide naphtyloxy-2-acétique";120-23-0;204-380-0
"Acide 3-indole butyrique";133-32-4;205-101-5
"Composés d'ammonium quaternaire, coco alkyltriméthyle, chlorures";61789-18-2;263-038-9
"Chlorure de benzalkonium";8001-54-5;
Alloxydim-sodium;55635-13-7;
"Sulfate d'ammonium et d'aluminium dodécahydraté";7784-26-1;
"Sulfate d'aluminium";10043-01-3;233-135-0
"Carbonate d'ammonium";506-87-6;208-058-0
Aziprotryne;4658-28-0;
"Bacillus thuringiensis";68038-71-1;
"Bromure de cétrimonium";57-09-0;208-058-0
Cufranèbe;11096-18-7;
"Carbonate d'ammonium cuprique";33113-08-5;
Difenzoquat;49866-87-7;
"Acide diprogulique";18467-77-1;242-348-8
Éthirimol;23947-60-6;245-949-3
Fubéridazole;3878-19-1;
"Acide gibberellique";77-06-5;
Gibbérellines;173269-32-4;
Guazatine;108173-90-6;620-427-1
Métaldéhyde;9002-91-9;
"1,2-Éthanediyldicarbamodithioate de disodium";142-59-6;205-547-0
"5-Nitroisophtalate de diisopropyle";10552-74-6;234-139-5
"Octyl-2 isothiazol-4 one-3";26530-20-1;247-761-7
"8-Hydroxyquinoléinate de cuivre (II)";10380-28-6;233-841-9
Oxycarboxine;5259-88-1;
"Chlorure de N,N-diméthyl-3-[(propoxycarbonyl)amino]-1-propanaminium";25606-41-1;247-125-9
"Hypochlorite de sodium pentahydraté";10022-70-5;
"Acides de goudron";438544-91-3;
Tralkoxydime;87820-88-0;
"Verticillium lecanii";67892-35-7;
"Acétate de potassium";127-08-2;204-822-2
"Silicate de dipotassium";10006-28-7;233-001-1
"Acétate de sodium anhydre";127-09-3;204-823-8
"Bisulfite de sodium";7631-90-5;231-548-0
"2,2-Dibromo-2-cyanoacétamide (DBNPA)";10222-01-2;233-539-7
"Aldéhyde cinnamique";104-55-2;203-213-9
N,2,2-Triméthyloctanamide;105726-67-8;414-460-9
Geraniol;106-24-1;203-377-1
Méthyl-nonycétone;112-12-9;203-937-5
d-Tetramethrin;1166-46-7;214-619-0
"1,3-dichloro-5,5-diméthylhydantoin (DCDMH)";118-52-5;204-258-7
Transfluthrine;118712-89-3;405-060-5
Icaridine;119515-38-7;423-210-8
"Chlorure de cétylpyridinium anhydre";123-03-5;204-593-9
"Acide octanoïque";124-07-2;204-677-5
"Acide 1,3-dihydro-1,3-dioxo-2H-isoindole-2-hexaneperoxoïque";128275-31-0;410-850-8
"Chlorhydrate de dodécylguanidine";13590-97-1;237-030-0
"2-Biphénylolate de potassium";13707-65-8;237-243-9
(Benzyloxy)méthanol;14548-60-8;238-588-8
"4-Chloro-3-méthylphénolate de sodium";15733-22-9;239-825-8
Acétamipride;160430-64-8;682-791-8
Bethoxazin;163269-30-5;431-030-6
d-Phénothrine;188023-86-1;682-786-0
p-[(diiodométhyl)sulfonyl]toluène;20018-09-1;243-468-3
"(Thiocyanatométhylthio)-2 benzo(D) thiazole";21564-17-0;244-445-0
4-(2-Nitrobutyl)morpholine;2224-44-4;218-748-3
Pralléthrine;23031-36-9;245-387-9
Métofluthrine;240494-71-7;
"α, α′, α″-triméthyl-1,3,5-triazine-1,3,5(2H,4H,6H)-triéthanol (HPT)";25254-50-6;246-764-0
"2,2′-Dithiobis[N-méthylbenzamide] (DTBMA)";2527-58-4;219-768-5
"Povidone iodée";25655-41-8;607-771-8
Esbiothrine;260359-57-7;807-421-6
Benzisothiazolone-1,2;2634-33-5;220-120-9
"Méthyl-2 isothiazolin-4 one-3";2682-20-4;220-239-6
Tricosène-9;27519-02-4;248-505-7
"Éthylsulfate de mécétronium (MES)";3006-10-8;221-106-5
"Acétate de (Z,E)-tétradéca-9,12-diényle";30507-70-1;608-490-3
"Bromochlorodiméthylhydantoin (BCDMH)";32718-18-6;
"5-Chloro-2- (4-chlorphénoxy) phénol (DCPP)";3380-30-1;429-290-0
Dibromodicyanobutane;35691-65-7;
"(Ethylènedioxy) diméthanol";3586-55-8;222-720-6
Cyphénothrine;39515-40-7;
"Méthénamine 3-chlorallylochlorure (CTAC)";4080-31-3;
"Diméthyltétradécyl [3- (triméthoxylyl) propyl] chlorure d'ammonium";41591-87-1;
Citriodiol;42822-86-6;
"2-Butyl-benzo [d] Isothiazol-3-one (BBIT)";4299-07-4;420-590-7
"2,2',2'-(Hexahydro-1,3,5-triazine-1,3,5-triyl) Triethanol (HHT)";4719-04-4;225-208-0
4,4-Diméthyloxazolidine;51200-87-4;257-048-2
"Cis-1- (3-Chloroallyl) -3,5,7-Triaza-1-Azoniaadamantane Chlorure (Cis Ctac)";51229-78-8;426-020-3
"Butylacétylaminopropanoate d'éthyle";52304-36-6;
"Tétrahydro-1,3,4,6-tétrakis (hydroxyméthyl) imidazo [4,5-d] imidazole-2,5 (1h, 3h) -dione (tmad)";5395-50-6;226-408-0
Empenthrine;54406-48-3;
"Tetrakis (hydroxyméthyl) sulfate de phosphonium (2: 1) (THP)";55566-30-8;259-709-0
N,N'-méthylènebismorpholine;5625-90-1;
"Diphénoxarsine-10-yl oxyde";58-36-6;
"Dithiocyanate de Méthylène";6317-18-6;
"4,5-Dichloro-2-octyl-2h-isothiazol-3-one (DCOIT)";64359-81-5;
"1,3-Bis (hydroxyméthyl) -5,5-diméthylimidazolidine-2,4-dione (DMDMH)";6440-58-0;229-222-8
S-Méthoprène;65733-16-6;
Oxazolidine;66204-44-2;266-235-8
"Cyclohexylhydroxydiaze 1-oxyde, sel de potassium (K-HDO)";66603-10-9;613-953-8
"Glycinate de sodium (hydroxyméthyl)";70161-44-3;274-357-8
"Dihydrochloride d'octédidine";70775-75-6;274-861-8
Imiprothrine;72963-72-5;428-790-6
"7a-Ethyldihydro-1h, 3h, 5H-oxazolo [3,4-c] oxazole (ehdo)";7747-35-5;231-810-4
"1,3-Dichloro-5-éthyl-5-méthylimidazolidine-2,4-dione (DCEMH)";89415-87-2;401-570-7
"Alachlor ESA";142363-53-9;
"Alachlore OXA";171262-17-2;690-352-7
"Acide 2-[(4-fluorophényl)(isopropyl)amino]-2-oxoéthanesulfonique";201668-32-8;
"Sel de sodium à bentazon";50723-80-3;
"Carbonate de lithium";554-13-2;209-062-5
Clofencet-potassium;82697-71-0;
"2,3,3',4,4,',5,6-Heptabromodiphényl ether";189084-68-2;
"Naproxène racémique";23981-80-8;245-969-2
"Chlorhydrate de mébévérine";2753-45-9;220-400-0
6-(Trifluorométhoxy)-1,3-benzothiazol-2-amine;1744-22-5;605-724-6
"Tetrasiloxane, 1,1,3,3,5,5,7,7-octamethyl-";1000-05-1;213-669-0
Levofloxacine;100986-85-4;600-146-0
2-[3-(3-Chlorophényl)propyl]pyridine;101200-53-7;
"Acides gras de suif hydrogéné, ester {6-[bis(méthoxyméthyl)amino]-1,3,5-triazine-2,4-diyl}bis{[(méthoxyméthyl)imino]méthylénique}";103331-97-1;
"Acides gras de suif hydrogéné, hexaesters avec le 2-({[4-({[2-hydroxy-1-(hydroxyméthyl)éthoxy]méthyl} (hydroxyméthyl)amino)-6-[(hydroxyméthyl)";103331-98-2;
"Formaldéhyde, produits de réaction avec le nonylphénol ramifié et le xylénol, éthoxylés";104376-69-4;203-213-9
Fluorotripentylstannane;20153-49-5;243-546-7
Fluoro(trihexyl)stannane;20153-50-8;243-547-2
1-Anilino-4,5-dihydroxy-8-nitro-9,10-anthraquinone;20241-76-3;243-632-4
Cyprotérone;2098-66-0;690-915-7
Léflunomide;210165-51-8;
"Acide 2,3,4,5-tétrachloro-6-(2,4,5,7-tétrabromo-6-hydroxy-3-oxo-3H-xanthén-9-yl)benzoïque";2134-15-8;
"Méthacrylate de tributylétain";2155-70-6;218-452-4
4,4'-[1,4-Phénylènedi(E)-2,1-diazènediyl]diphénol;21811-64-3;244-589-4
"Bis[phosphorodithioate de zinc et de O,O-bis(4-méthyl-2-pentanyle)]";2215-35-2;218-679-9
Kétoprophène;22161-86-0;244-759-8
"Cyclotetrasiloxane, heptaméthylphényl-";10448-09-6;233-931-8
"Stéarate de nickel(2+)";2223-95-2;218-744-1
"Acide benzènesulfonique, hydroxydinonyl-, ramifié, sel de monoammonium";223777-68-2;
Dibenzo(a,j)acridine;224-42-0;635-000-5
Dibenz(a,h)acridine;226-36-8;680-472-8
Phenkapton;2275-14-1;218-892-7
N-(4-Chlorophényl)-2-hydroxy-9H-carbazole-1-carboxamide;23077-61-4;245-419-1
2,2'-({3-Chloro-4-[(E)-(2,6-dichloro-4-nitrophényl)diazényl]phényl}imino)diéthanol;23355-64-8;245-604-7
(2E)-6-Chloro-2-(6-chloro-4-méthyl-3-oxo-1-benzothiophén-2(3H)-ylidène)-4-méthyl-1-benzothiophén-3(2H)-one;2379-74-0;219-163-6
(2E)-5-Chloro-2-(5-chloro-4,7-diméthyl-3-oxo-1-benzothiophén-2(3H)-ylidène)-4,7-diméthyl-1-benzothiophén-3(2H)-one;2379-75-1;219-164-1
"Chloroalcanes, C10-22";104948-36-9;
"1-{2-[(4-Chlorobenzyl)oxy]-2-(2,4-dichlorophényl)éthyl}-1H-imidazole nitrate (1:1)";24169-02-6;246-053-5
1-[(E)-(4-Méthyl-2-nitrophényl)diazényl]-2-naphtol;2425-85-6;219-372-2
2-[(E)-{4-[(2-Cyanoéthyl)(2-phényléthyl)amino]phényl}diazényl]-5-nitrobenzonitrile;24610-00-2;246-352-0
"Propanenitrile, 3-[[4-[(6,7-dichloro-2-benzothiazolyl) azo]phényl]éthylamino]-";25150-28-1;246-660-5
3-[{4-[(E)-(5,6-Dichloro-1,3-benzothiazol-2-yl)diazényl]phényl}(éthyl)amino]propanenitrile;25176-89-0;246-710-6
N-{2-[(E)-(2-Bromo-6-cyano-4-nitrophényl)diazényl]-5-(diéthylamino)phényl}acétamide;2537-62-4;219-807-6
"Bissulfate de disodium et de 16,17-diméthoxyanthra[9,1,2-cde]benzo[rst]pentaphène-5,10-diyle";2538-84-3;219-809-7
"2,2-diméthyl-3-(2-méthylprop-1-ényl)cyclopropanecarboxylate de 3-(but-2-ényl)-2-méthyl-4-oxocyclopent-2-ényle";25402-06-6;246-948-0
Bromocriptine;25614-03-3;247-128-5
Mométasone;105102-22-5;
Hexapentyldistannoxane;25637-27-8;247-143-7
"Adipate de bis[2-[[4-(2,2-dicyanovinyl)-3-méthylphényl]éthylamino]éthyle]";25857-05-0;247-301-5
1-[(E)-1-Naphtyldiazényl]-2-naphtol;2653-64-7;220-176-4
"Propanamide, N-[5-[bis[2-(acétyloxy)éthyl]amino]-2-[(2-chloro-4-nitrophényl)azo]phényl] -";26850-12-4;248-050-4
"9,10-anthracènedione, 1-amino-4-[(méthoxyphényl)amino]-";27341-33-9;248-417-9
"Ester 2-[4-[3-[2-(trifluorométhyl)-10H-phénothiazin-10-yl] propyl]-1-pipérazinyl]éthylique de l'acide heptanoïque";2746-81-8;220-385-0
Bis(isocyanato-1méthyl-1éthyl)-1,3benzène;2778-42-9;220-474-4
4-{5,6-Dichloro-2-[(1E)-3-(5,6-dichloro-1,3-diéthyl-1,3-dihydro-2H-benzimidazol-2-ylidène)-1-propén-1-yl]-1-éthyl-1H-3,1-benzimidazol-3-ium-3-yl}-2-butanesulfonate;28118-10-7;248-851-9
"2-naphtalénol, 1-[(2-chloro-4-nitrophényl)azo]-";2814-77-9;220-562-2
Propofol;28449-97-0;
3-[(2-{4-[(E)-(4,6-Dibromo-1,3-benzothiazol-2-yl)diazényl]phényl}éthyl)amino]propanenitrile;28824-41-1;608-257-6
"2-{[2-(acetyloxy)ethyl]({3-benzamido-4-[(E)-2-(4-nitrophenyl)diazen-1-yl]phenyl})amino}ethyl acetate";29765-00-2;249-830-7
Dasatinib;302962-49-8;801-607-0
Chlorotricyclohexylstannane;3091-32-5;221-437-5
4-[(E)-(2-Chloro-4-nitrophényl)diazényl]-N-éthyl-N-(2-phénoxyéthyl)aniline;31030-27-0;671-486-5
"2-Naphtalénol, 1-[(2,4-diméthylphényl)azo]-";3118-97-6;221-490-4
Rispéridone;106266-06-2;600-733-1
"Dithiopyrophosphate de O,O,O',O'-tétrapropyle";3244-90-4;221-817-0
"1,3,5-Triazine, 2,4-diméthoxy-6- (1-pyrenyl) -";3271-22-5;
"Propanenitrile, 3 - [[2- (acyloxy) éthyl] [4- [(5,6-dichloro-2-benzothiazolyl) azo] phényl] amino] -";33979-43-0;
"1-Hexanesulfonamide, n-éthyl-1,1,2,2,3,3,4,4,5, 5,6,6,6-tridecafluoro-n- (2-hydroxyéthyl) -";34455-03-3;
"Tert-butyl-a, a-diméthylbenzylperoxide";3457-61-2;222-389-8
Kétotifen;34580-13-7;
"2-Naphtalénol, 1 - [(2,4-dinitrophényl) azo] -";3468-63-1;222-429-4
"Trisiloxane, 1,1,1,5,5,5-hexaméthyl-3, 3-bis [(triméthylsilyl) oxy] -";3555-47-3;222-613-4
"Acide benzépropanoïque, 3,5-bis (1,1-diméthyléthyl) -4-hydroxy-, ester éthylique";36294-24-3;
"2,3,4,5-Tétrachloro-6-cyanobenzoate de méthyle, produits de réaction avec la 4-[(p-aminophényl)azo]-3-méthylaniline et le méthylate de sodium / MATCB";106276-78-2;600-734-7
"3H-indol-3-one, 5-bromo-2- (9-chloro-3-oxonaphtho [1,2-b] thien-2 (3h) -ylidène) -1,2-dihydro-";3687-67-0;
"2,7-Naphtalnenenedisulfonic acide, 4-hydroxy-3 - [[4 '- [(2-hydroxy- 1-naphtalényl) azo] -2,2'-diméthyl [1,1'-biphényl] -4-yl] azo] -, sel disodique";3701-40-4;
"9,10-Anthracenedione, 1-amino-4- (2-Benzothiazolylthio) -";3767-68-8;
"Stannane, fluorotriphényl-";379-52-2;
"1-Propanaminium, 3 - [[(Hepadecafafluorooctyl) sulfonyl] amino] -n, n, n-trithyl-, chlorure";38006-74-5;
"Nickel, bis [1- [4- (diméthylamino) phényl] -2-phényl-1,2-éthenedithiolato (2 -) - s, s '] -";38465-55-3;
"Nickelbis (4-cyclohexylbutyrat)";3906-55-6;
"4-Oxo-4-[(tributylstannyl) oxy]-2-acide-butenoïque";4027-18-3;
"Benzène, 1,1 '- (chlorophénylméthylène) bis [4-méthoxy-";40615-36-9;255-002-6
"Propanenitrile, 3 - [[4 - [(5,6-dichloro-2-benzothiazolyl) azo] phényl] méthylamino] -";41362-82-7;
2-Méthyl-2-[(2-méthyl-2-propanyl)peroxy]propane;1068-27-5;203-733-6
"Acide décanédioïque, bis (1,2,2,6,6-pentaméthyl-4-pipéridinyl) ester";41556-26-7;
"[1,1'-Biphényl] -4-ol, 3,4'-bis (1,1-diméthyléthyl) -";42479-88-9;
"Nickel, bis [2,3-bis (hydroxyimino) -n- (2-méthoxyphényl) butanamidato] -";42739-61-7;
"Acétamide, n- [2 - [(2-bromo-4,6-dinitrophényl) azo] -4-méthoxy-5 - [(phénylméthyl) -2-propénylamino] phényl] -";42852-92-6;
"Acide benzénesulfonique, 4 - [[3 - [2-hydroxy-3 - [[(4- méthoxyphényle) amino] carbonyl] -1-naphtalényl] azo] -4-méthylbenzoyl] amino] -, Salt calcique (2: 1 )";43035-18-3;256-050-0
"Phénol, 2 - [[(tributylstannyl) oxy] carbonyl] -";4342-30-7;
Fentanyl;437-38-7;
"9,10-Anthracenedione, 1-amino-4- (phénylamino) -";4395-65-7;
Beclometasone;4419-39-0;224-585-9
"Triméthyl-2,4,4 pentène-1";107-39-1;246-690-9
"Acide benzénesulfonique, 3,3 '- [(9,10-dihydro-9,10- dioxo-1,4-hanthracenediyl) diimino] bis [2,4,6-triméthyl -, salt disodique";4474-24-2;224-748-4
"Benzo [H] Benz [5,6] acridino [2,1,9,8-klmna] acridine-8,16-dione";475-71-8;
"Dioctanoate de nickel(2+)";4995-91-9;
"Propofol (phénol, 2,6-bis (1-méthyléthyl) -)";50356-15-5;
"2,3,7,8-Tétrabromodibenzo-p-dioxine (dibenzodioxines et furannes polybrominés)";50585-41-6;
"Spiro [isobenzofuran-1 (3h), 9 '- [9h] xanthen] -3-one, 3', 6'-bis (diéthylamino) -";509-34-2;208-096-8
Budésonide;51333-22-3;
"1-Naphtalenepropanol,? -EtHenyldedededecahydro- 2-hydroxy -?, 2,5,5,8a-pentaméthyl-, [1r- [1? (R), 2ß, 4aß, 8a?]] -";515-03-7;208-194-0
"9,10-Anthracenedione, 2,2 '- (1,3,4-oxadiazole-2,5-diyl) bis [1-amino-";52591-25-0;
1-(2,4-Dichlorophényl)-1-[(1R,2R)-2-(2,4-dichlorophényl)cyclopropyl]-2-(1H-imidazol-1-yl)éthanol;108004-27-9;
"Propanenitrile, 3 - [[2- (acyloxy) éthyl] [4- [(2,6-dichloro-4-nitrophényl) azo] phényl] amino] -";5261-31-4;226-070-4
"9,10-Anthracenedione, 2,2 '- [1,4-phénylènebis (1, 3,4-oxadiazole-5,2-diyl)] bis [1-amino-";52671-38-2;
"Acétamide, n- [2 - [(2-bromo-4,6-dinitrophényl) azo] -5- (diéthylamino) phényl] -";52697-38-8;258-110-1
"Acide phosphoreux (1-méthyléthylidène) di-4,1-phénylène tétrakis [(3-éthyl-3-oxétanyl) méthyl] ester";53184-75-1;
Desogestrel;54024-22-5;
"Propanedinitrile, [[4 - [[2- (4-cyclohexylphénoxy) éthyl] éthylamino] -2-méthylphényl] méthylène] -";54079-53-7;258-964-5
"Propanedinitrile, [[4 - [[2- (2-cyclohexylphénoxy) éthyl] éthylamino] -2-méthylphényl] méthylène] -";54079-60-6;
"9,10-Anthracenedione, 1-amino-4-hydroxy-2-(4-methoxyphenoxy)-";54243-60-6;
Acitrétine;55079-83-9;
"Acétamide, n- [2 - [(2-cyano-6-iodo-4-nitrophényl) azo] -5- (diéthylamino) phényl] -";55252-53-4;
"Alcènes C12-C14, produits d'hydroformylation, distn. résidus, éthoxylés propoxylés, dihydrogénophosphates, sels de sodium";113089-51-3;
"Propanenitrile, 3 - [[4 - [(2,6-dibromo-4-nitrophényl) azo] phényl] éthylamino] -";55281-26-0;259-563-8
"Éthanol, 2,2 '- [[4 - [(2,6-dibromo-4- nitrophényl) azo] phényl] imino] bis-, diacétate (ester)";55619-18-6;
"Kétoprofen, r-";56105-81-8;
"Benznenediazonium, 2-méthoxy-4-nitro-, sel avec l'acide naphtalnenenedisulfonique (2: 1)";56307-70-1;
"Acétamide, n- [2 - [(2,6-dicyano-4-nitrophényl) azo] -5- (dipropylamino) phényl] -";56532-53-7;
"Acétate de chlorhexidine";56-95-1;
Perméthrine;57608-04-5;
Clozapine;5786-21-0;
"Anthra [9,1,2-cde] benzo [RST] pentaphène-5,10-dione, diamino-";58019-27-5;
Ergotamine;113-15-5;204-023-9
"Acide benzoïque, 4- [1 - [[(2,4-dichlorophényl) amino] carbonyl] -3,3-diméthyl-2-oxobutoxy] -";58161-93-6;
Diméthylmercure;593-74-8;
"2-Naphtalenecarboxamide, 4 - [[5 - [[4- (aminocarbonyl) phényl] amino] carbonyl] -2-méthoxyphényl] azo] -n- (5 -chloro-2,4-diméthoxyphényl) -3-hydroxy-";59487-23-9;261-785-5
"Acide carbamique, (3,4-dichlorophényl) -, 2- [butyl [4- (2,2-dicyanoéthényl) -3-méthylphényl] amino] éthyle ester";59583-77-6;
"Pyridinium, 1- [2 - [[4 - [(2-chloro-4-nitrophényl) azo] phényl] éthylamino] éthyl] -, acétate";59709-10-3;261-873-3
"-Alanine, n- [4 - [(2-bromo-6-chloro-4- nitrophényl) azo] phényl] -N- (3-méthoxy-3-oxopropyl) -, ester méthylique";59709-38-5;261-874-9
Citalopram;59729-33-8;261-891-1
Perméthrine;60018-94-2;
"Triphényl bismuth";603-33-8;
"Benzénamine, 4,4 ', 4' '- méthylidynetris [n, n-diméthyl-";603-48-5;210-043-9
"Formaldéhyde, produits de réaction avec du biphényle sulfoné et du terphényle sulfoné, sels de sodium";113163-36-3;
"1-propanaminium, 3 - [[4 - [(2,4-diméthylphényl) amino] -9,10-dihydro-9,10-dioxo-1-hanthracényl] amino] -n, n, n-trithyl-, méthyl sulfate";60352-98-9;
"Acide heptanoïque, tridecafluoro-, sel d'ammonium";6130-43-4;
Mirtazapine;61337-67-5;
"3-Pyrinecarbonitrile, 5 - [(2-cyano-4-nitrophényl) azo] -2 - [(2-hydroxyéthyl) amino] -4-méthyl-6 - [[3- (2 -phénoxyéthoxy) propyl] amino] -";61799-13-1;
"Éthanol, 2 - [[4 - [(2,6-dichloro-4-nitrophényl) azo] phényl] méthylamino] -";6232-56-0;
"Phénol, 4 - [[4- (phénylazo) phényl] azo] -";6250-23-3;
"Phénol, 4 - [[4- (phénylazo) -1-naphtalényl] azo] -";6253-10-7;
"[1,1'-Biphényl] -4-ol, 3,4 ', 5-tris (1,1-diméthyléthyl) -";6257-39-2;
"Phénol, 4,4 '- (3H-1,2-benzoxathe- 3-ylidène) bis [2,6-dibromo-3-méthyl-, s, s-dioxyde, sel monosodique";62625-32-5;
2-Acétamido-2-désoxy-β-D-glucopyranosylamine;114910-04-2;
"Benzène, 1,3,5-tribromo-";626-39-1;
"Phénol, 2-méthyl-4 - [[4- (phénylazo) phényl] azo] -";6300-37-4;
"1(2H)-Quinolineéthanol, 6-[(2-chloro-4,6-dinitrophényl) azo]-3,4-dihydro-2,2,4,7-tétraméthyl-";63133-84-6;
"Acétamide, N-[5-(dipropylamino)-2-[[ 5-(éthylthio)-1,3,4-thiadiazol-2-yl]azo]phényl]-";63134-15-6;
"3-Pyridinecarbonitrile, 5-[[2-chloro-4-(méthylsulfonyl) phényl]azo]-4-méthyl-2,6-bis[[3-(2-phénoxyethoxy )propyl]amino]-";63281-10-7;
Perméthrine;63364-00-1;
"1(2H)-Quinolinepropanamide, 6-(2,2-dicyanoéthényl)-3, 4-dihydro-2,2,4,7-tetraméthyl-N-phényl-";63467-15-2;
"Propanedinitrile, [[1,2,3,4-tétrahydro-2,2, 4-triméthyl-1-[2-[[(phénylamino)carbonyl]oxy]éthyl ]-6-quinolinyl]méthylène]-";63467-19-6;
"2,7-Naphthalenedisulfonic acid, 3-[[2,2'-diméthyl-4'-[[4- [[(4-méthylphényl)sulfonyl]oxy]phényl]azo][1,1'-biphényl ]-4-yl]azo]-4-hydroxy-, disodium salt";6358-57-2;228-779-4
"Chrysoïdine-p-dodécylbenzènesulfonate Acide dodécylbenzènesulfonique, composé avec la 4-(phénylazo)benzène-1,3-diamine (1:1)";63681-54-9;
Docetaxel;114977-28-5;601-339-2
"2-Naphtalénamine, n-éthyl-1 - [[4- (phénylazo) phényl] azo] -";6368-72-5;
"Benzo[b]thiophen-3(2H)-one, 5,7-dichloro-2-(6-chloro- 4-méthyl-3-oxobenzo[b]thien-2(3H)-ylidene)-4-méthyl -";6371-23-9;
"Naphth[2,3-c]acridine-5,8,14(13H)-trione, 6,10,12-trichloro-";6373-31-5;
"3-Pyridinecarbonitrile, 5-[(2-cyano-4-nitrophényl) azo]-6-[(2-hydroxyéthyl)amino]-4-méthyl-2-[[3-(2 -phenoxyethoxy)propyl]amino]-";63833-78-3;
"3H-Pyrazol-3-one, 4-[(2-chlorophényl)azo]-2, 4-dihydro-5-méthyl-2-phényl-";6407-74-5;
"3H-Pyrazol-3-one, 4-[(2,4-diméthylphényl)azo] -2,4-dihydro-5-méthyl-2-phényl-";6407-78-9;229-043-5
"9,10-Anthracenedione, 1-(méthylamino)-4-[(3-méthylphényl)amino]-";6408-50-0;229-059-2
"9,10-Anthracenedione, 1-amino-2-bromo-4-[[4-[(1- méthyléthyl)amino]-6-phényl-1,3,5-triazin-2-yl]amino ]-";64086-95-9;
"9,10-Anthracenedione, 2-acétyl-1-amino-4-[[4-[( 1-méthyléthyl)amino]-6-phényl-1,3,5-triazin-2-yl]amino ]-";64086-96-0;
"2-Anthracenecarboxaldehyde, 1-amino-9,10-dihydro-9,10-dioxo-, 2-[(1-amino-9,10-dihydro- 9,10-dioxo-2-anthracenyl)méthylène]hydrazone";6409-68-3;
"Bleu de bromophénol";115-39-9;204-078-9
"2-Naphthalenol, 1-[(2-nitrophényl)azo]-";6410-09-9;
"2-Naphthalenol, 1-[(4-chloro-2-nitrophényl)azo]-";6410-13-5;
"2-Naphthalenecarboxamide, N-(5-chloro-2,4-diméthoxyphényl) -4-[[5-[(diéthylamino)sulfonyl]-2-méthoxyphényl ]azo]-3-hydroxy-";6410-41-9;229-107-2
"Phénol, 2-phénoxy-, dérivés trichloro.";64111-81-5;
"Naphth[2,3-c]acridine-10-carboxamide, N-[5-(benzoylamino)-9,10- dihydro-9,10-dioxo-1-anthracenyl]-5,8,13,14-tétrahydro -5,8,14-trioxo-";6417-38-5;
"1-Naphtalènesulfonic acide, 4-hydroxy-3 - [[4 '- [(1-hydroxy- 5-sulfo-2-naphtalényl) azo] -3,3'-diméthyl [1,1' -biphényl] -4- yl] azo] -, sel disodique";6420-06-0;
"Adenosine, N-benzoyl-5'-O-[bis(4-méthoxyphényl) phénylméthyl]-2'-deoxy-";64325-78-6;264-776-4
"7-Oxa-3,20-diazadispiro[5.1.11.2] heneicosan-21-one, 2,2,4,4-tetraméthyl-";64338-16-5;264-780-6
"Acides résiniques et acides colophanes hydrogénés, esters avec le pentaérythritol";64365-17-9;264-848-5
"Carbamic acid, [4-[[4-[(4-hydroxyphényl) azo]-2-méthylphényl]azo]phényl]-, méthyl ester";6465-02-7;
"Bromocrésol violet";115-40-2;204-087-8
"4,4'-[2,2-Propanediylbis(4,1-phénylèneimino)]bis(1-amino-9,10-dioxo-9,10-dihydro-2-anthracènesulfonate) de disodium";6471-01-8;
"Bis{[4-hydroxy-3,5-bis(2-méthyl-2-propanyl)benzyl]phosphonate d'éthyle} et de calcium";65140-91-2;265-512-0
Kétoconazole;65277-42-1;
"1-Naphtalénol, 4 - [(4-éthoxyphényl) azo] -";6535-42-8;
"Rosin, Hydrogéné";65997-06-0;266-041-3
"Ester de glycérol de la colophane hydrogénée et de la colophane disproportionnée";65997-13-9;266-042-9
"Cytidine, n-benzoyl-5'-o- [bis (4-méthoxyphényl) phénylméthyl] -2'-deoxy-";67219-55-0;266-605-9
"Peroxyde, (3,3,5-triméthylcyclohexylidène) bis [(1,1-diméthyléthyl)";6731-36-8;229-782-3
"Stannane, [(2-octyl-1,4-dioxo-1,4-butanediyl) bis(oxy)]bis[tributyl-";67701-37-5;
(4-Anilino-1-naphtyl){bis[4-(diméthylamino)phényl]}méthanol;6786-83-0;229-851-8
3,5-Dichloro-N-(3,4-dichlorophényl)-2-hydroxybenzamide;1154-59-2;214-576-8
"N-[3-(Diméthylamino)propyl]-1,1,2,2,3,3,4,4,5,5,6,6,7,7,7-pentadécafluoro-1-heptanesulfonamide, chlorhydrate (1:1)";67940-02-7;
"Carbamic acid, [2-[(2-chloro-4-nitrophényl) azo]-5-(diethylamino)phényl]-, 2-éthoxyethyl ester";68214-66-4;
"Acide 5-méthyl-2-({4-[(4-méthylphényl)amino]-9,10-dioxo-9,10-dihydro-1-anthracényl}amino)benzènesulfonique, ammoniate (1:1)";68227-79-2;
"Acide 1,1,2,2,3,3,4,4,5,5,6,6,7,7,7-pentadécafluoro-1-heptanesulfonique, ammoniate (1:1)";68259-07-4;
1,1,2,2,3,3,4,4,5,5,6,6,7,7,7-Pentadécafluoro-N-méthyl-1-heptanesulfonamide;68259-14-3;
1,1,2,2,3,3,4,4,5,5,6,6,6-Tridécafluoro-N-méthyl-1-hexanesulfonamide;68259-15-4;
1,1,2,2,3,3,4,4,5,5,5-Undécafluoro-N-méthyl-1-pentanesulfonamide;68298-13-5;
"Amines, alkyles de suif, éthoxylés, phosphates";68308-48-5;
"Strychnidine-10-one, 2,3-diméthoxy, composé avec (S)-mono(1-méthylheptyl)-1,2-benzènedicarboxylate (1:1)";68310-42-9;
"Alcools, C8-14, γ-ω-perfluoro";68391-08-2;269-927-8
"(Butylphényle)bis(2,6-dichlorobenzoyle)- oxyde de phosphine";117310-64-2;646-415-6
"4-Amino-5-hydroxy-6-({4'-[(4-hydroxyphényl)diazényl]-3,3'-diméthyl-4-biphénylyl}diazényl)-3-[(4-nitrophényl)diazényl]-2,7-naphtalènedisulfonate de disodium";68400-36-2;
"2-Propanone, produits de réaction avec la diphénylamine";68412-48-6;270-192-0
"Acide phosphonique, dérivés perfluoroalkyles en C6-12.";68412-68-0;
"Amines, C18-22-tert-alkyle, éthoxylées";68443-10-7;
"Hydrocarbures, C>3";68476-44-8;
"Huiles lubrifiantes raffinées usagées";68476-77-7;
"1,4-Benznenediamine, n, n'-mixed tolyl et xylyl dérivés.";68478-45-5;
"Phénol méthylstyréné";68512-30-1;700-960-7
"Propanenitrile, 3-[[2-(acétyloxy)éthyl][4- [(2-chloro-4-nitrophényl)azo]-3-méthylphényl]amino ]-";68516-64-3;
"Acides gras ramifiés en C6-19, sels de zinc";68551-44-0;271-378-4
"2-[(3,5-Dibromo-4-hydroxyphényl)(3,5-dibromo-4-oxo-2,5-cyclohexadién-1-ylidène)méthyl]benzoate d'éthyle";1176-74-5;214-645-2
"1-Pentanesulfonamide, N-éthyl-1,1,2,2,3,3,4,4,5, 5,5-undécafluoro-N-(2-hydroxyéthyl)-";68555-72-6;
"1-Heptanesulfonamide, N-Éthyl-1,1,2,2,3,3,4,4,5, 5,6,6,7,7,7-Pentadécafluoro-N-(2-Hydroxyéthyl)-";68555-73-7;
"1-Hexanesulfonamide, 1,1,2,2,3,3,4,4,5,5,6,6,6- Tridécafluoro-N-(2-Hydroxyéthyl)-N-Méthyl-";68555-75-9;
"1-Heptanesulfonamide, 1,1,2,2,3,3,4,4,5,5,6,6,7,7,7-Pentadécafluoro-N-(2-Hydroxyéthyl)-N-Méthyl-";68555-76-0;
"Éthanamine, N-éthyl-N-hydroxy-, produits de réaction avec l'hexaméthylcyclotrisiloxane, la silice et la 1,1,1-triméthyl-N-(triméthylsilyl)silanamine";68583-58-4;
"Acides résiniques et acides colophanes hydrogénés, esters avec le triéthylèneglycol";68648-53-3;271-996-4
"Acétamide, N-[2-[(2-bromo-4,6-dinitrophényl)azo]-5-[(2-cyanoéthyl)-2-propénylamino]-4-méthoxyphényl]-";68877-63-4;
"Benzèneméthanol, 3,5-bis(1,1-diméthyléthyl)-4-hydroxy-, produits de réaction avec le 1,3,5-triméthylbenzène";68910-11-2;
"Benzénamine, N-phényl-, produits de réaction avec le styrène et le 2,4,4-triméthylpentène";68921-45-9;272-940-1
"Ofloxacin hydrochloride";118120-51-7;
"Silanamine, 1,1,1-triméthyl-N-(triméthylsilyl)-, produits de réaction avec l'ammoniac, l'octaméthylcyclotétrasiloxane et la silice";68937-51-9;
"Cires de paraffine et cires d'hydrocarbures, chloro, produits de réaction avec le naphtalène";68938-42-1;
"Siloxanes et silicones, 3-cyanopropyl Me, di-Me";68938-51-2;
"Siloxanes et silicones, Me 3,3,3-trifluoropropyle, Me vinyle, à terminaison hydroxy";68952-02-3;
"1-Heptanesulfonamide, N-Éthyl-1,1,2,2,3,3,4,4,5, 5,6,6,7,7,7-Pentadécafluoro-";68957-62-0;
"Siloxanes et silicones, di-Me, produits de réaction avec Me hydrogénosiloxanes et 1,1,3,3-tétraméthyldisiloxane";69430-47-3;
"9,10-Anthracènedione, 1-Amino-4-[[3-[(Diméthylamino)Méthyl]Phényl]Amino]-, Monochlorhydrate";69695-75-6;
"Acide 3-[4-(diéthylamino)-2-éthoxyphényl]-3-(1-éthyl-2-méthyl-1H-indol-3-yl)-1,3-dihydro-1-oxo-5-isobenzofurancarboxylique, ester éthylique";69898-66-4;
"Acide 1-[4-(diéthylamino)-2-éthoxyphényl]-1-(1-éthyl-2-méthyl-1H-indol-3-yl)-1,3-dihydro-3-oxo-5-isobenzofurancarboxylique, ester éthylique";69898-67-5;
"Acide benzènesulfonique, [(9,10-dihydro-9,10-dioxo- 1,4-anthracènediyl)bis(imino-4,1-phénylèneoxy)]bis -, sel disodique";70161-19-2;
"Alcènes, C12-14, produits d'hydroformylation, distn. résidus, éthoxylés, dihydrogénophosphates, sels de sodium";119209-64-2;
"2-Naphtalènesulfonamide, N-[2-(acétyloxy)éthyl]-6- hydroxy-N-méthyl-5-[[4-(phénylazo)phényl]azo]-";70210-08-1;
"Acide 1,1,2,2,3,3,4,4,5,5,6,6,7,7,7-pentadécafluoro-1-heptanesulfonique - 2,2'-iminodiéthanol (1:1)";70225-15-9;
"Bis{3-[4-hydroxy-3,5-bis(2-méthyl-2-propanyl)phényl]propanoate} de (1,2-dioxo-1,2-éthanediyl)bis(imino-2,1-éthanediyle)";70331-94-1;274-572-7
4-[(E)-(2-Bromo-4,6-dinitrophényl)diazényl]-N-(3-méthoxypropyl)-1-naphtalénamine;70660-55-8;
Butyltricyclohexylstannan;7067-44-9;
"2-Butanone, 4-[[[1,2,3,4,4a,9,10,10a- octahydro-1,4a-diméthyl-7-(1-méthyléthyl)-1-phenanthrenyl ]méthyl](3-oxo-3-phenylpropyl)amino]-, [1R-(1?,4aß,10a?)]-";70776-86-2;
1,1,3,3,5,5-Hexaméthyltrisiloxane;70900-21-9;
"Thiol, C8-20, gamma-oméga-perfluoro-, télomères atteints d'acrylamide";70969-47-0;
"2-Naphtalènesulfonic acide, 7 - [4,6-bis [[3- (diéthylamino) propyl] amino] -1,3,5-triazin-2-yl] amino] -4-hydroxy -3 - [4 - (phénylazo) phényl] azo] -, monoacétate (sel)";71032-95-6;
"Cinerin II";121-20-0;204-454-2
"Butanamide, 2,2 '- [((3,3'-diméthoxy [1,1'- biphényl] -4,4'-diyl) bis (azo)] bis [n- (2-méthylphényl) -3-oxo-";7147-42-4;
"2-Naphtalènesulfonic acide, 5 - [[4- (4-cyclohexylphénoxy) -2-sulfophényl] azo] -6 - [(2,6-diméthylphényl) amino] -4-hydroxy-, Disodium sel";71720-89-3;
"2-Naphtalenecarboxylic acide, 4 - [(5-chloro-4-méthyl-2-sulfophényl) azo] -3-hydroxy-, sel de magnésium (1: 1)";71832-83-2;
Arméther;71939-50-9;615-698-8
Artemether;71939-51-0;
Artemether;71963-77-4;
"Acétate de [4-(diméthylamino)phényl]{bis[4-(éthylamino)-3-méthylphényl]}méthylium";72102-55-7;
"Méthylium, [4-(diméthylamino)phényl] bis[4-(éthylamino)-3-méthylphényl]-, chlorure";72102-56-8;
"Chlorure de bis[4-(diméthylamino)phényl][4-(éthylamino)-3-méthylphényl]méthylium";72102-64-8;
"3-({4-Amino-9,10-dioxo-3-[2-sulfonato-4-(2,4,4-triméthyl-2-pentanyl)phénoxy]-9,10-dihydro-1-anthracényl}amino)-2,4,6-triméthylbenzènesulfonate de disodium";72243-90-4;276-516-7
"Pyréthrines I";121-21-1;204-455-8
"Phénol, [[[3-(diméthylamino)propyl]amino]méthyl]-, isobutyléné";72318-87-7;
Felodipine;72509-76-3;
"Acide benzènesulfonique, [(9,10-dihydro-9,10-dioxo- 1,4-anthracènediyl)diimino]bis[(1,1-diméthyléthyl )-, sel de sodium";72749-91-8;
"Méthylium, bis(4-amino-3,5-diméthylphényl) (2,6-dichlorophényl)-, phosphate (1:1)";72812-39-6;
"Acétate de 2-[{4-[(E)-(2-bromo-6-cyano-4-nitrophényl)diazényl]-3-méthylphényl}(butyl)amino]éthyle";72828-63-8;
"Acétate de 2-(butyl{4-[(E)-(2,6-dicyano-4-nitrophényl)diazényl]-3-méthylphényl}amino)éthyle";72828-64-9;
"Sulfate de N,N,N-triméthyl-3-({4-[(4-méthylphényl)amino]-9,10-dioxo-9,10-dihydro-1-anthracényl}amino)propane et de méthyle";72828-93-4;276-896-4
"Chromate(1-), bis[3,5-bis(1,1-diméthyléthyl)-2-hydroxybenzoato(2-)-O1,O2]-, hydrogène";72869-85-3;
"Benzenamine, 4-[(2,6-dichloro-4-nitrophényl) azo]-N-(4-nitrophényl)-";72927-94-7;
"Pyréthrine II";121-29-9;204-462-6
"Methanesulfonamide, N-[2-[(2,6-dicyano-4-méthylphényl) azo]-5-(dipropylamino)phényl]-";72968-82-2;
"Biscarbonate de ({4-[(E)-(2,6-dichloro-4-nitrophényl)diazényl]-3-méthylphényl}imino)di-2,1-éthanediyle et de diméthyle";73003-64-2;
"Tétraphényloléthane glycidyl éther";7328-97-4;
"Pyridine, 4-(3-chloro-5-propylphényl)-";73398-86-4;
"Pyridine, 4-(4-chloro-3-propylphényl)-";73398-87-5;
"3-Pyridinecarbonitrile, 5-[(9,10-dihydro-9,10-dioxo- 1-anthracenyl)azo]-2,6-bis[(2-méthoxyéthyl)amino ]-4-méthyl-";73398-96-6;
"3-Pyridinecarbonitrile, 5-[[4-[(2,6-dichloro-4-nitrophényl) azo]-2,5-diméthoxyphényl]azo]-2,6-bis[(2 -méthoxyéthyl)amino]-4-méthyl-";73528-78-6;
"9,10-Anthracenedione, 1-[(5,7-dichloro-1,9-dihydro- 2-methyl-9-oxopyrazolo[5,1-b]quinazolin-3-yl)azo ]-";74336-60-0;
"Acide (2R,4R)-1-[N5-(diaminométhylène)-N2-{[(3R)-3-méthyl-1,2,3,4-tétrahydro-8-quinoléinyl]sulfonyl}-L-ornithyl]-4-méthyl-2-pipéridinecarboxylique";74863-84-6;
Miconazole;75319-47-0;
Argatroban;121785-71-5;687-697-0
Perméthrine;75497-64-2;
Isradipine;75695-93-1;
Leflunomide;75706-12-6;
"Benzyltriphénylphosphonium, sel avec (trifluoro-2,2,2 (trifluorométhyl)-1éthylidène)-4,4' bis(phénol)1:1";75768-65-9;278-305-5
"Acide benzénesulfonique, oxybis [(1,1,3,3-tétraméthylbutyl) -, sel dipotassium";75908-83-7;
"Bromocrésol vert";76-60-8;
"(5) -1-Méthyl-4- (1-méthylvinyl) cyclohexen";7705-14-8;
"Acide ursolique";77-52-1;
"Éthinyle estradiol";77538-56-8;
Argatroban;78238-51-4;
N-(4-Acétamidophényl)-4-[(E)-(5-carbamoyl-2-chlorophényl)diazényl]-3-hydroxy-2-naphtamide;12236-64-5;235-464-5
"Phosphate de tricrésyl (para-)";78-32-0;
"Butanamide, 2-[[3,3'-dichloro-4'-[[1- [[(2-chlorophényl)amino]carbonyl]-2-oxopropyl]azo ][1,1'-biphényl]-4-yl]azo]-N-(2,4-diméthylphényl)- 3-oxo-";78952-70-2;
Kétoconazole;79156-75-5;
"Amines, C18-22-tert-alkyl, (chlorométhyl)phosphonates (2:1)";79357-73-6;
"Acétamide, N-[4-chloro-2-[2-(2-chloro- 4-nitrophényl)azo]-5-[(2-hydroxy-3-phénoxypropyl )amino]phényl]-";79542-46-4;
Fentanyl;80832-90-2;
"Benzenesulfonamide, N-(4-amino-9,10-dihydro-3- méthoxy-9,10-dioxo-1-anthracényl)-4-méthyl-";81-68-5;201-369-2
"Benzenesulfonic acid, 2,2'-[(9,10-dihydro-5,8-dihydroxy- 9,10-dioxo-1,4-anthracènediyl)diimino]bis [5-(1,1-dimethyléthyl)-, sels de sodium";83006-67-1;280-116-8
"Acide 1,7-naphtalènedisulfonique, 6-[[2-(4-cyclohexylphénoxy)phényl]azo]-4-[[(2,4-dichlorophénoxy)acétyl]amino]-5-hydroxy-, sel disodique";83027-51-4;
"Diacétate de ({2-acétamido-3-[(2-bromo-4,6-dinitrophényl)diazényl]-5-éthoxyphényl}imino)di-2,1-éthanediyle";12239-34-8;235-475-5
"Acide 1,7-naphtalènedisulfonique, 6-[[2-(2-cyclohexylphénoxy)phényl]azo]-4-[[(2,4-dichlorophénoxy)acétyl]amino]-5-hydroxy-, sel disodique";83027-52-5;
"Acétamide, N-[2-[(2-bromo-6-cyano-4- nitrophényl)azo]-5-(dipropylamino)phényl]-";83249-47-2;
"Benzonitrile, 3-bromo-2-[[4-(diéthylamino) -2-méthylphényl]azo]-5-méthyl-";83249-49-4;
"Méthanesulfonamide, N-[2-[(2-bromo-6-cyano-4- méthylphényl)azo]-5-(diéthylamino)phényl]-";83249-53-0;
"Méthanesulfonamide, N-[2-[(2-bromo-6-cyano-4- méthylphényl)azo]-5-(dipropylamino)phényl]-";83249-54-1;
"Méthanesulfonamide, 1-chloro-N-[2,3,4-trichloro- 6-(2,4-dichlorophénoxy)phényl]-, sel de sodium";83721-47-5;
"Méthanesulfonamide, 1-chloro-N-[2,3,4,5-tétrachloro- 6-(2,4-dichlorophénoxy)phényl]-, sel de sodium";83721-48-6;
"9,10-Anthracenedione, 1-amino-4-[[3-[(diméthylamino) méthyl]phényl]amino]-, monoacétate";83968-86-9;
"1-Phénylazo-2-naphthol C.I. Solvant Jaune 14";842-07-9;212-668-2
1-[(2-méthoxyphényl)azo]-2-naphtol;1229-55-6;214-968-9
Raloxifène;84449-90-1;686-786-1
"2-Naphthalènecarboxamide, 4-[(2,4-dinitrophényl)azo]-3-hydroxy-N-phényl-";85005-63-6;
"Xanthylium, 9-(2-carboxyphényl)-3,6-bis(diéthylamino)-, sel avec l'acide mono-C10-14-alkylbenzènesulfonique (1:1)";85186-47-6;
Ofloxacine;85344-55-4;
"3-Pyridinecarbonitrile, 5-[[2-chloro-4-(phénylazo) phényl]azo]-2,6-bis[(3-méthoxypropyl)amino]-4-méthyl -";85392-21-8;
"3H-Indol-3-one, 5,7-dibromo-2-(5-bromo-7- chloro-1,3-dihydro-3-oxo-2H-indol-2-ylidène)-1,2-dihydro -";85702-64-3;
"2,9,11,13-Tétraazanonadécanethioic acid, 19-isocyanato-11-(6-isocyanatohéxyl)-10,12-dioxo-, S-[3-(triméthoxysilyl)propyl] ester";85702-90-5;402-290-8
"2-Naphtalénol, 1 - [[4- (phénylazo) phényl] azo] -";85-86-9;
"Acides résiniques et acides colophaniques fumaratés, sels de baryum";124751-15-1;
Félodipine;86189-69-7;
"Butanamide, 2- [2,4-bis (1,1-diméthylpropyl) phénoxy] -N- [4- (2-formylhydrazino) phényl] -";86551-61-3;
"Benzamide, 3,5-dibromo-n- (4-bromophényl) -2-hydroxy-";87-10-5;
Isradipine;88977-22-4;
Tropisetron;89565-68-4;
"Acide benzénesulfonique, 5-amino-2,4-diméthyl-, diazotisé, couplé avec du 2,4, 2,5 et 2,6-xylidine diazotisé et 4 - [(2,4-dihydroxyphényl) azo] acide benzénesulfonic, sels de sodium";90218-20-5;
"Sel d'acide carbonique pour disodium, produits de réaction avec de l'aniline, de la 4-nitrobenzénamine, de la p-phénylènediamine, du sulfure de sodium, du soufre et de la p-toluidine";90268-98-7;290-904-3
"2,7-Naphtalnenenedisulfonic acide, 5-amino-4-hydroxy-3 - [[6-sulfo- 4 - [(4-sulfo-1-naphtalényl) azo] -1-naphtalényl] azo] -, diazotisé, couplé à 4-nitrobenzénamine diazotisée et résorcinol, sels de sodium de potassium";90459-02-2;
"3-Pyrinecarbonitrile, 1-butyl-5 - [[4- (4-chlorobenzoyl) -2-nitrophényl] azo] -1,2-dihydro-6-hydroxy-4 -méthyl-2-oxo-oxo";90729-40-1;
Ebastine;90729-43-4;
4,4'-(1,1-Dioxydo-3H-2,1-benzoxathiole-3,3-diyl)bis(2,5-diméthylphénol);125-31-5;204-736-5
Terbinafine;91161-71-6;618-706-8
"Acide [2,6'-Bibenzothiazole]-7-sulfonique, 2'-(4-aminophényl)-6-méthyl-, diazoté, couplé à l'acide 4-aminobenzènesulfonique diazoté et au résorcinol, sels de sodium";91696-90-1;
"2-Naphthalènecarboxamide, N-(5-chloro-2,4-diméthoxyphényl)-3-hydroxy-";92-72-8;202-182-9
"2-Naphthalènecarboxamide, N-(4-chloro-2-méthylphényl)-3-hydroxy-";92-76-2;
"Acide naphtalènesulfonique, produits de réaction avec le formaldéhyde et l'acide hydroxybenzènesulfonique, sels d'ammonium";93384-84-0;
Perméthrine;93388-66-0;
"Phénol, 4-[[2-méthoxy-4-[(2-méthoxyphényl) azo]-5-méthylphényl]azo]-";93805-00-6;
"Carbamic acid, cyclohexyl-, nitrilotri-2,1-éthanediyl ester";93918-79-7;
Atovaquone;94015-53-9;
"2-Naphthalènecarboxamide, N-(2-éthoxyphényl)-3-hydroxy- 4-[(2-nitrophényl)azo]-";94199-57-2;
"4,4'-Isopropylidènediphénol, produits de reaction avec l'hexakis(méthoxyméthyl)mélamine";125328-28-1;
"Méthanesulfonamide, 1-chloro-N-(2-phénoxyphényl)-, dérivé pentachloro, sel de sodium";94248-26-7;
"Benzène, 1,2,3,4-tétrachloro-5,6-diméthoxy-";944-61-6;
Atovaquone;95233-18-4;
"Phénol, 4,4'-thiobis [2- (1,1-diméthyléthyl) -6-méthyl-";96-66-2;
Orlistat;96829-58-2;
Finastéride;98319-26-7;
4,4'-Bromo-octafluorobiphényl;10386-84-2;233-847-1
Chlorbicyclène;2550-75-6;634-787-2
Diéthoxy(1,4,5,6,7,7-hexachlorobicyclo[2.2.1]hept-5-én-2-yl)méthylsilane;18106-12-2;242-003-1
Dibromo-chlordène;18300-04-4;242-183-1
"9,10-Anthracènedione, 1,4-bis[(4-méthylphényl)amino]-, sulfonée, sels de potassium";125351-99-7;639-519-8
Fletazepam;34482-99-0;
Perfluamine;338-83-0;206-420-2
Octadécafluorodécahydronaphtalène;306-94-5;206-192-4
Destruction;67-81-2;
Énoxolone;471-53-4;206-420-2
N,N-Bis(2-hydroxyéthyl)-4-((4,4,5,5,5-pentafluoro-3-(pentafluoroéthyl)-1,2,3-tris(trifluorométhyl)pent-1-enyl)oxy)benzènesulphon;93819-97-7;
Dichloro(1,4,5,6,7,7-hexachlorobicyclo[2.2.1]hept-5-én-2-yl)méthylsilane;18291-67-3;242-164-8
"1,1,2,3,3,3-Hexafluoro-2-(Trifluorométhyl)Propane-1-Sulphonic Anhydride";93894-52-1;
"Potassium N-((heptadecafluorooctyl)sulphonyl)-N-méthylglycinate";70281-93-5;
"Acétate de 2-[(2-cyanoéthyl){4-[(E)-(6,7-dichloro-1,3-benzothiazol-2-yl)diazényl]phényl}amino]éthyle";127126-02-7;
"1-Heptanesulfonamide, N-Éthyl-1,1,2,2,3,3,4,4,5,5,6,6,7,7,7-Pentadecafluoro-N-[3-(Triméthoxysilyl)Propyl]-";68239-75-8;
"Glycine, N-éthyl-N-[(pentadécafluoroheptyl)sulfonyl]-, sel de potassium";67584-62-7;
"Glycine, N-éthyl-N- (pentadécafluoroheptyl)sulfonyl -";68957-63-1;
"Glycine, N-éthyl-N- (heptadécafluorooctyl)sulfonyl -";2991-50-6;221-061-1
"1-Heptanesulfonamide, 1,1,2,2,3,3,4,4,5,5,6,6,7,7,7-Pentadécafluoro-N-(4-Hydroxybutyl)-N-Méthyl-";68298-89-5;
"Acide Nesulfinique, 1,1,2,2,3,3,4,4,5,5,6,6,7,7,8,8,8-Heptadécafluoro-, Sel de Sodium";68555-67-9;
Tétrachloro-DDT;68631-02-7;
beta-Dihydroheptachlore;14168-01-5;
"1-Octanesulfonamide, N-éthyl-1,1,2,2,3,3,4,4,5,5,6,6,7,7,8,8,8-heptadecafluoro-N-[3-(triméthoxysilyl)propyl]-";61660-12-6;
"Propanoyl fluoride, 2,3,3,3-tétrafluoro-2-(1,1,2,3,3,3-hexafluoro-2-(1,1,2,2-tétrafluoro-2-(fluorosulfonyl)éthoxy)propoxy";4089-58-1;
Saquinavir;127779-20-8;
"1-Heptanesulfonamide, N-Butyl-1,1,2,2,3,3,4,4,5,5,6,6,7,7,7-Pentadecafluoro-N-(2-Hydroxyéthyl)-";68310-02-1;
Triéthoxy(1,4,5,6,7,7-hexachlorobicyclo[2.2.1]hept-5-én-2-yl)silane;18052-83-0;241-963-9
1,1'-Sulfanediylbis(pentafluorobenzène);1043-50-1;213-874-5
"Sodium 4-((1,3,4,5,5,5-hexafluoro-1-(pentafluoroéthyl)-2,4-bis(trifluorométhyl)-2-pentenyl)oxy)benzenesulphonate";85284-15-7;
"1-Octanesulfonamide, 1,1,2,2,3,3,4,4,5,5,6,6,7,7,8,8,8-heptadecafluoro-N-(4-hydroxybutyl)-N-méthyl-";68239-73-6;
"1,4-Méthanobenzocyclooctene, 7,8-dibromo-1,2,3,4,11,11-hexachloro-1,4,4a,5,6,7,8,9,10,10a-decahydro-";51936-55-1;
Heptadecafluoro-N,N-bis(2-hydroxyéthyl)octanesulphonamide;40630-61-3;
"Potassium N-Propyl-N-[(Tridecafluorohéxyl)Sulphonyl]Glycinate";85665-66-3;
"Diammonium 3,3,4,4,5,5,6,6,7,7,8,8,9,9,10,10,10-heptadecafluorodécyl phosphate";93857-44-4;
N-[3-(Diméthylamino)propyl]-1,1,2,2,3,3,4,4,5,5,6,6,7,7,8,8,8-heptadécafluoro-1-octanesulfonamide;13417-01-1;236-513-3
Cyproheptadine;129-03-3;204-928-9
"Sodium 4-[1,1,1,5,5,6,6,6-octafluoro-4-(1,1,2,2,2-pentafluoroéthyl)-3,4-bis(trifluorométhyl)hex-2-en-2-yl]oxybenzenesulfate";52584-45-9;
N,N-Dibutylbutan-1-amine;70729-63-4;
Trichloro(1,4,5,6,7,7-hexachlorobicyclo[2.2.1]hept-5-én-2-yl)silane;18134-58-2;242-019-9
1,2,3,4,5,6-Hexachloro-7-méthoxynaphtalène;1506-15-6;216-135-5
"Sodium 4-((1,4,4,5,5,5-hexafluoro-1,2,3-tris(trifluorométhyl)-2-pentenyl)oxy)benzènesulphonate";94042-94-1;
"1-Heptanesulfonamide, N- 3-(Diméthylamino)Propyl -1,1,2,2,3,3,4,4,5,5,6,6,7,7,7-Pentadecafluoro-";67584-54-7;
"Glycine, N-éthyl-N-[(tridécafluorohexyl)sulfonyl]-, sel de potassium";67584-53-6;
"Glycine, N-éthyl-N- (tridecafluorohexyl)sulfonyl -";68957-32-4;
"2-Propenoic acid, 2-methyl-, 2- méthyl (pentadecafluoroheptyl)sulfonyl amino ethyl ester";67939-96-2;
"2-Propenoic acid, 2- méthyl (pentadecafluoroheptyl)sulfonyl amino éthyl ester";68084-62-8;
"Hydrocarbures, C12-25, distillats d'huiles lubrifiantes usagées déshydratées";129566-94-5;
"1,1,2,2,3,3,4,4-Octafluorobutane-1-sulphonic anhydride";93894-55-4;
"1,1,2,2,3,3,4,4,5,5,6,6,6-Tridecafluorohéxane-1-sulphonyl chloride";55591-23-6;
"2-Propenoic acid, 2-  (2,2,3,3,4,4,5,5,6,6,7,7,8,8,9,9,9-heptadecafluorononyl)sulfonyl méthylamino éthyl ester";66008-69-3;
"Sodium 4-((1,3,4,4,5,5,5-heptafluoro-2-(2,2,3,3,3-pentafluoro-1-(pentafluoroéthyl)-1-(trifluorométhyl)propyl)-3-(trifluorothyl)-";94042-95-2;
1-(2-(2-Butoxyéthoxy)éthoxy)-4,4,5,5,6,6,7,7,8,8,9,9,10,11,11,11-hexadecafluoro-10-(trifluorométhyl)undecan-2-ol;94158-62-0;
"2-Propenoic acid, 2- éthyl (pentadécafluorohéptyl)sulfonyl amino éthyl ester";59071-10-2;
"1-Hexanesulfonamide, 1,1,2,2,3,3,4,4,5,5,6,6,6-tridécafluoro-N-(4-hydroxybutyl)-N-méthyl-";68239-74-7;
1-(2-(2-Butoxyéthoxy)éthoxy)-4,4,5,5,6,6,7,7,8,8,9,9,10,10,11,11,11-heptadécafluoroundecan-2-ol;94158-61-9;
"1,3-Di (trichlorométhyl) benzène";881-99-2;
"2-Propenoic acid, 2-méthyl-, 2- éthyl (tridécafluorohexyl)sulfonyl amino éthyl ester";67906-70-1;
4,4'-[2,2-Propanediylbis(4,1-phénylèneoxy)]dianiline;13080-86-9;235-985-8
"N-Propyl-N-((heptadécafluorooctyl)sulfonyl)glycine, sel de potassium";55910-10-6;
"[4,4,5,5,6,6,7,7,8,8,9,9,10,11,11,11-hexadécafluoro-2-hydroxy-10-(trifluorométhyl)undécyle] prop-2- enoate";24407-09-8;246-231-2
Décafluorobiphényl;434-90-2;
1,1'-Méthylènebis(2,4,5-trichlorobenzène);2888-15-5;220-754-6
"Fluorure de 1,1,2,2-tétrafluoro-2-({1,1,1,2,3,3-hexafluoro-3-[(trifluorovinyl)oxy]-2-propanyl}oxy)éthanesulfonyle";16090-14-5;240-249-4
"Pipéridine, 1-(3-(3,5-bis(trifluorométhyl)phényl)-2-propynyl)-4-(1,1-diméthyléthyl)-, hydrochloride";81613-60-7;
Pentachloro(2,3-dibromopropoxy)benzène;42115-16-2;
"2-Propenoic acid, 2-méthyl-, 4- methyl (tridecafluorohéxyl)sulfonyl amino butyl ester";67939-61-1;
Bis[4-(diméthylamino)phényl]{4-[méthyl(phényl)amino]-1-naphtyl}méthanol;1325-85-5;215-408-6
"p-((Undécafluorohéxènyl)oxy)benzenesulphonyl chloride";59493-82-2;
"2-Propenoic acid, 2-méthyl-, 2- méthyl (tridecafluorohexyl)sulfonyl amino éthyl ester";67584-61-6;
1,1,1,2,2,3,4,5,5,5-Décafluoro-3-(1,2,2,2-tétrafluoro-1-(trifluorométhyl)éthyl)-4-(trifluorométhyl)pentane;50285-18-2;
Heptadécafluoro-N-(2-hydroxyéthyl)-N-propyloctanesulphonamide;4236-15-1;
"4-(Méthyl((tridécafluorohéxyl)sulphonyl)amino)butyl acrylate";68227-98-5;
1,4-Bis(4-(trifluorométhyl)phénoxy)benzène;67525-36-4;
5,5'-(1,1,1,3,3,3-Hexafluoro-2,2-propanediyl)bis(2-benzofurane-1,3-dione);1107-00-2;214-170-0
"Benzène, 1,1'- 2,2,2-trifluoro-1-(trifluorométhyl)éthylidène bis 3,4-diméthyl-";65294-20-4;
Chlorane;1782-06-5;217-229-9
Tridécafluoro-N-(2-hydroxyéthyl)-N-propylhéxanesulphonamide;85665-64-1;
Bis[4-(diéthylamino)phényl][4-(éthylamino)-1-naphtyl]méthanol;1325-86-6;215-409-1
2,2'-[(2,2',3,3',5,5',6,6'-Octachloro-4,4'-biphényldiyl)bis(oxy-2,1-éthanediyloxy)]diéthanol;28031-44-9;248-790-8
"Acide 1,1,2,2,3,3,4,4,5,5,6,6,7,7,7-pentadécafluoro-, sel de sodium";68555-66-8;
1,1,1,2,2,3,4,5,5,6,6,6-Dodécafluoro-3,4-bis(trifluorométhyl)hexane;1735-48-4;217-079-4
"8-Chloro-2,2,3,3,4,4,5,5,6,6,7,7,8,8-tétradécafluorooctanoate d'ammonium";16557-94-1;240-624-2
"1-Propanaminium, 3- (carboxyméthyl) (heptadécafluorooctyl)sulfonyl amino -N,N,N-triméthyl-, hydroxyde, sel interne";68318-36-5;
"Benzènesulfonamide, N-méthyl-4-  4,4,5,5,5-pentafluoro-3-(pentafluoroéthyl)-1,2,3-tris(trifluorométhyl)-1-pentenyl oxy";69013-34-9;
"Acrylate de 2-{éthyl[(tridécafluorohexyl)sulfonyl]amino}éthyle";1893-52-3;217-581-3
"Ammonium 8-chlorohexadécafluoro-7-méthyloctanoate";3658-57-9;
Flophemesyldiéthylamine;55485-74-0;
"Glycine, N-éthyl-N- (pentadécafluoroheptyl)sulfonyl -, éthyl ester";68957-54-0;
"Acide 2-(2,4,5,7-tétrabromo-3,6-dihydroxyxanthén-9-yl)benzoïque, sel de plomb";1326-05-2;215-415-4
"1,1'-Biphényl, 2,2',3,3',5,5',6,6'-octafluoro-";3883-86-1;
"3-(2,2-Dichlorovinyl)-2,2-diméthylcyclopropanecarboxylic anhydride";56860-12-9;
"Endrin Ketone";53494-70-5;
2-Bromo-1-[Chloro-(4-Fluorophényl)Méthyl]-4-(Trifluorométhyl)Benzène;85118-22-5;
"4-[Méthyl(1,1,2,2,3,3,4,4,5,5,6,6,7,7,7-Pentadécafluoroheptylsulfonyl)Amino]Butyl Prop-2-Énoate";68227-97-4;
"Acide 4,4,5,5,6,6,7,7,8,8,9,9,10,10,11,11,11-heptadécafluoroundécanoïque";34598-33-9;
(Allyloxy)pentachlorobenzène;42115-15-1;
"Acide 2-propénoïque, 2-méthyl-, 4- méthyl (undécafluoropentyl)sulfonyl amino butyl ester";67906-40-5;
2,3,5-Trifluoro-4-(1,1,2,2,2-Pentafluoroéthyl)-2,3,4,5-Tétrakis(Trifluorométhyl)Oxolane;69661-30-9;
"Acide 2-propénoïque, 2-méthyl-, 2- éthyl (pentadécafluoroheptyl)sulfonyl amino éthyl ester";67939-36-0;
N-(4-Chlorophényl)-2-hydroxy-9H-carbazole-3-carboxamide;132-61-6;205-068-7
1,2,3,4,5-Pentachloro-6-(Chlorométhylsulfanyl)Benzène;62601-17-6;
2-Carboxyéthyl-[3-[[4,4,5,5,6,6,7,7,8,8,9,9,10,11,11,11-Hexadécafluoro-2-Hydroxy-10-;73353-25-0;
1,1'-(2,2-Propanediyl)bis[4-(1,1,2,2-tétrafluoroéthoxy)benzène];1544-19-0;216-279-9
1-[2,5-Bis(2,2,2-Trifluoroéthoxy)Phényl]-2,2,2-Trichloroéthanone;76784-42-4;278-550-8
1-(Aziridin-1-Yl)-4,4,5,5,6,6,7,7,8,8,9,9,10,10,11,11,11-Heptadécafluoroundécan-2-Ol;94159-85-0;
"Bromure de décafluorobenzhydryle";5736-49-2;
9-(3-Chloropropyl)-6-Fluoro-2-(Trifluorométhyl)-9H-Thioxanthène;53542-48-6;
(1R,4R)-2-(2,2,3,3,4,4,4-Heptafluorobutanoyl)-4,7,7-Triméthylbicyclo[2.2.1]Heptan-3-One;51800-99-8;
Méthoxyméthyl-Bis[(4,7,7-Triméthyl-3-Bicyclo[2.2.1]Heptanyl)Oxy]Silicon;94349-23-2;
"Phosphite de tris(dichloropropyle)";26604-52-4;247-844-8
"CI Soufre Orange 1";1326-49-4;215-426-4
"Chlorure de 3,3,3-tris(4-chlorophényl)propanoyle";2172-49-8;218-525-0
1-Éthénoxy-4,4,5,5,6,6,7,7,8,8,9,9,10,10,11,11,11-Heptadécafluoroundécan-2-Ol;94159-86-1;
"2-Propenoic acid, 2- méthyl (tridecafluorohéxyl)sulfonyl amino éthyl ester";67584-57-0;
"1-Heptanesulfonamide, 1,1,2,2,3,3,4,4,5,5,6,6,7,7,7-pentadecafluoro-N-(phénylméthyl)-";68298-10-2;
"1-Pentanesulfonyl fluoride, 1,1,2,2,3,3,4,4,5,5,5-undecafluoro-";375-81-5;
[4-(Trifluorométhoxy)Phényl]-[4-(Trifluorométhyl)Phényl]Méthanone;34367-37-8;
[4-(Trifluorométhoxy)Phényl]-[2-(Trifluorométhyl)Phényl]Méthanone;87996-57-4;
"Méthanesulfonamide, 1-chloro-N-[4,5-dichloro-2-(2,4-dichlorophénoxy)phényl]-, sel de sodium";83721-46-4;
1,1,1,2-Tétrachloro-3-(2,3,3,3-tétrachloropropoxy)propane;127-90-2;204-870-4
1,2,3,4-Tétrabromo-5-Méthyl-6-Prop-2-Énoxybenzène;83929-68-4;
"1-Heptanesulfonamide, 1,1,2,2,3,3,4,4,5,5,6,6,7,7,7-Pentadécafluoro-N-2-Propényl-";67584-49-0;
"2-Propenoic acid, 2-méthyl-, 2- éthyl (undécafluoropentyl)sulfonyl amino éthyl ester";67906-73-4;
"Sodium 2-[(1,1,2,2,3,3,4,4,5,5,6,6,7,7,8,8,8-heptadécafluorooctylsulfonylamino)méthyl]benzènesulfonate";51032-47-4;
"Glycine, N-éthyl-N-[(undécafluoropentyl)sulfonyl]-, sel de potassium";67584-52-5;
"Glycine, N-éthyl-N- (undécafluoropentyl)sulfonyl -";68957-31-3;
"1-Hexanesulfonamide, N- 3-(Diméthylamino)Propyl -1,1,2,2,3,3,4,4,5,5,6,6,6-Tridécafluoro-";50598-28-2;
2-Bromo-4'-fluoro-4-(trifluorométhyl)benzophénone;85721-09-1;
Bis(2-Hydroxyéthyl)-Méthyl-[4,4,5,5,6,6,7,7,8,8,9,9,10,10,11,11,12,12,13,13,14,15,15,15-Tétracosafluoro-2-Hydroxy-14-(Uorométhy)P;94159-76-9;
"Fluorure de 2,2,3,3,4,4,5,5,6,6,7,7,8,8,9,10,10,10-octadécafluoro-9-(trifluorométhyl)décanoyle";15720-98-6;239-814-8
Perfluorobenzophénone;853-39-4;
N-(5-Chloro-2-méthylphényl)-3-hydroxy-2-naphtamide;135-63-7;205-207-1
2,2'-{2,2-Propanediylbis[(2,6-dibromo-4,1-phénylène)oxyméthylène]}dioxirane;3072-84-2;221-346-0
"Benzène, 1,4-bis (trichlorométhyl) -";68-36-0;
Chlorfensulfide;2274-74-0;
1,1,1,2,2,3,3,4,4,5,5,6,6,7,7,8,8-Heptadécafluorooctane;335-65-9;
Bis(2,4-dichlorophényl)peroxyanhydride;133-14-2;205-094-9
FRIEDELIN;559-74-0;
"Iodure de 4,4,5,5,6,6,7,7,8,8,9,9,10,10,11,11,12,12,13,13,14,14,15,15,15-pentacosafluoro-2-hydroxy-N,N-bis(2-hydroxyéthyl)-N-méthyl-1-pentadécanaminium";93776-16-0;
"Bis(2,4,5-trichlorophényl) disulfide";3808-87-5;
1,1'-Méthylenebis(2,4-dichlorobenzène);84604-89-7;
1,1'-Méthylenebis(2,6-dichlorobenzène);84604-90-0;
"N-Phényl bêta-naphthylamine";135-88-6;205-223-9
"Peroxyde de 1,4-phénylènebis(1-méthyléthylidène) bis(1,1-diméthyléthyl)";2781-00-2;220-479-1
1,3-Bis{2-[(2-méthyl-2-propanyl)peroxy]-2-propanyl}benzène;2212-81-9;218-664-7
"Magnésium 1,2,3,4,5,6,7,8,13,13,14,14-dodécachloro-1,4,4a,4b,5,8,8a,12b-octahydro-11-sulphonato-1,4:5,8-diméthanotrenylène";84297-66-5;
2,3,4,5,6-Pentabromostyrène;53097-59-9;
1-[4-(Trifluorométhoxy)Phényl]Sulfonyl-4-(Trifluorométhyl)Benzène;94108-54-0;
Perfluoro-n-butylcyclohexane;374-60-7;
"Carbonate de bis(2,4-dichlorophényle)";26496-99-1;247-748-6
"1-Pentanesulfonamide, 1,1,2,2,3,3,4,4,5,5,5-undécafluoro-N-(4-hydroxybutyl)-N-méthyl-";68239-72-5;
"1-Propanaminium, N,N,N-triméthyl-3-[[(pentadécafluoroheptyl)sulfonyl]amino]-, iodure";67584-58-1;
"N-Éthyl-N-[(heptadécafluorooctyl)sulfonyl]glycinate d'éthyle";1869-77-8;217-486-7
[2-Chloro-5-(Trifluorométhyl)Phényl]-(4-Fluorophényl)Méthanone;85721-08-0;
6-Chloro-3-(4-chlorophényl)-2,4-bis(2-fluorophényl)-3,4-dihydroquinazolin-4-ol;77549-03-2;
2-[3,3,4,4,5,5,6,6,7,7,8,8,9,9,10,10,10-heptadécafluorodécyl(2-hydroxyéthyl)amino]éthanol;27607-36-9;248-562-8
1,1'-Sulfonylbis[4-(trifluorométhoxy)benzène];1735-37-1;217-078-9
"1-Octanesulfonamide, N-[3-(diméthylamino)propyl]-1,1,2,2,3,3,4,4,5,5,6,6,7,7,8,8,8-heptadécafluoro -, monochlorhydrate";67939-88-2;
"Octanoyl fluoride, pentadécafluoro-";335-66-0;
"3H-Pyrazol-3-one, 2-(4-chlorophényl)-4-  4-chloro-2-(trifluorométhyl)phényl azo -2,4-dihydro-5-méthyl-";67923-41-5;
1,3-Dichloro-9-méthyl-6-(trifluorométhyl)phenanthrène;94133-66-1;
"Ethanol, 2,2 -[(1-méthyléthylidène)bis[(2,6-dibromo-4,1-phénylène)oxy]]bis-";4162-45-2;
"1-Naphthalènesulfonic acid, 6-diazo-5,6-dihydro-5-oxo-, 1,1'-(thiodi-1,2-naphthalènediyl) ester";68901-25-7;
"Argatroban monohydrate";141396-28-3;687-500-8
2,3-Dichloro-1,1,1,2,3,4,5,5,5-Nonafluoro-4-(Trifluorométhyl)Pentane;85720-79-2;
"Heptane, 1-bromo-1,1,2,2,3,3,4,4,5,5,6,6,7,7,7-pentadécafluoro-";375-88-2;
1,1'-(4-Chloro-1-butènylidène)bis(4-fluorobenzène);3311-94-2;
"4-(Méthyl((undécafluoropentyl)sulphonyl)amino)butyl acrylate";68227-99-6;
"1-Heptanesulfonamide, N-Éthyl-1,1,2,2,3,3,4,4,5,5,6,6,7,7,7-Pentadécafluoro-N-2-Propényl-";67906-41-6;
"1-Heptanesulfonyl Fluoride, 1,1,2,2,3,3,4,4,5,5,6,6,7,7,7-Pentadécafluoro-";335-71-7;
"3,5,5-Triméthylhéxyl 2,4,5-trichlorophénoxyacétate";74592-66-8;
Tetrabromo-2-Chlorotoluene;39569-21-6;
1,2,3,4,5-Pentachloro-6-(méthylsulfanyl)benzène;1825-19-0;217-363-8
1,9,10,11,12,12-Hexachloro-5-méthyl-4,6-dioxatricyclo[7.2.1.02,8]dodéc-10-ène;2592-62-3;
"Benzo[b]thiophène-3(2H)-one, 4,7-dichloro-2-(4,7-dichloro- 3-oxobenzo[b]thien-2(3H)-ylidène)-";14295-43-3;238-222-7
"Pentafluorophényl-tert-butylméthylsilyl chloride";73000-03-0;
"Acide 2-propénoïque, 2-méthyl-, 2- méthyl (undécafluoropentyl)sulfonyl amino éthyl ester";67584-60-5;
"Fluorure de 2,2,3,3,4,4,5,5,6,6,7,8,8,8-tétradécafluoro-7-(trifluorométhyl)octanoyle";15742-62-8;239-834-7
3-Chloro-1-(4-Fluorophényl)-5-(Trifluorométhyl)Indane;85118-26-9;
1,4-Dichloro-2-(trichlorométhyl)benzène;10541-71-6;234-120-1
1,2-Dichloro-4-(trichlorométhyl)benzène;13014-24-9;235-869-7
"Benzène, 1,2-dichloro-4-(trichlorométhyl)";31904-18-4;250-861-3
"Benzène, 1,2-Dichloro-3-(trichlorométhyl)";84613-97-8;
(2-Carboxyéthyl)-3-((4,4,5,5,6,6,7,7,8,8,9,9,10,10,11,11,11-heptadécafluoro-2-hydroxyundécyl)amino)propyldiméthylamnium;93776-14-8;
2,4-Dichloro-1-(trichlorométhyl)benzène;13014-18-1;235-868-1
Tétracyclohexylstannane;1449-55-4;215-910-5
Érythrodiol;545-48-2;
1,1'-(4-Iodobutylidène)bis(4-fluorobenzène);51787-79-2;
"1-Hexanesulfonamide, 1,1,2,2,3,3,4,4,5,5,6,6,6-tridécafluoro-N-2-propényl-";67584-48-9;
1,2,3-Triméthyl-5-(2-méthyl-2-propanyl)-4,6-dinitrobenzène;145-39-1;205-651-6
"Docetaxel hydrate";148408-66-6;642-361-2
Éosine;15086-94-9;239-138-3
Efavirenz;154598-52-4;620-492-6
Efavirenz;154635-17-3;
Clemastine;15686-51-8;
Everolimus;159351-69-6;621-003-9
"Méthanesulfonate de 4-[(4-hydroxy-9,10-dioxo-9,10-dihydro-1-anthracényl)amino]phényle";1594-08-7;216-475-4
"Phénylcarbamate de 2-[(2-cyanoéthyl){4-[(E)-(4-nitrophényl)diazényl]phényl}amino]éthyle";15958-27-7;240-090-0
1-{[4-(Phénylsulfonyl)phényl]amino}-9,10-anthraquinone;15958-61-9;240-092-1
"Acetamide, N-[5-[[2-(acetyloxy)éthyl] (phénylméthyl)amino]-2-[(2-chloro-4,6-dinitrophényl )azo]-4-méthoxyphenyl]-";16421-40-2;240-470-6
"Acetamide, N-[5-[[2-(acetyloxy)éthyl] (phenylmethyl)amino]-2-[(2,4-dinitrophényl)azo]-4 -methoxyphényl]-";16421-41-3;240-471-1
Dutastéride;164656-23-9;638-758-5
Étonogestrel;165050-21-5;
"Iodure de 3-{[(heptadécafluorooctyl)sulfonyl]amino}-N,N,N-triméthyl-1-propanaminium";1652-63-7;216-716-3
3-(Éthyl{3-méthyl-4-[(E)-(6-nitro-1,3-benzothiazol-2-yl)diazényl]phényl}amino)propanenitrile;16586-42-8;240-639-4
5,10,15,20-Tétra(4-pyridinyl)porphine;16834-13-2;240-858-5
Argatroban;169554-65-8;
"Acide 1,1,2,2,3,3,4,4,5,5,6,6,7,7,8,8,9,9,9-nonadécafluoro-1-nonanesulfonique, ammoniate (1:1)";17202-41-4;241-247-6
Argatroban;172902-92-0;
Kétoprofène;172964-50-0;244-759-8
"3-(3-Chloro-10,11-dihydro-5H-dibenzo[b,f]azépin-5-yl)-N,N-diméthyl-1-propanamine, chlorhydrate (1:1)";17321-77-6;241-344-3
Télithromycine;173838-31-8;
2,2'-({4-[(E)-(2-Bromo-6-chloro-4-nitrophényl)diazényl]-3-chlorophényl}imino)diéthanol;17464-91-4;241-481-9
Élétriptan;177834-92-3;639-688-8
"Bleu de tetrazolium";1871-22-3;217-488-8
Telithromycine;191114-48-4;682-750-4
3-{5,6-Dichloro-3-éthyl-2-[3-(3-éthyl-1,3-benzoxazol-3-ium-2-yl)-2-propén-1-ylidène]-2,3-dihydro-1H-benzimidazol-1-yl}-1-propanesulfonate;19163-98-5;242-853-3
"C.I. Direct Black 38";1937-37-7;217-710-3
3-[{4-[(5-Nitro-1,3-thiazol-2-yl)diazényl]phényl}(2-phényléthyl)amino]propanenitrile;19745-44-9;243-266-5
4-[(E)-{2-Méthoxy-4-[(E)-(4-nitrophényl)diazényl]phényl}diazényl]phénol;19800-42-1;243-325-5
"Fluorure de tributylétain";1983-10-4;217-847-9
4,4'-méthylènebis(2-éthylaniline);19900-65-3;243-420-1
Emproarbe;85785-20-2;
"3,5-Bis (trifluorométhyl) benzylamine";85068-29-7;
3-Bromo-3-buten-1-ol;76334-36-6;
cis-1,4-Dibenzyloxy-2-butène;68972-96-3;
Isoprothiolane;50512-35-1;
"1,6-Octadiène, 7-méthyl-";42152-47-6;404-210-7
"Hexasodium 2,2 '- (vinylènebis ((3-sulphonato-4,1-phénylène) imino (6-phénoxy-1,3,5-triazine-4,2-diyl) imino)) bis (benzène-1,4 -Disulfonate)";41267-43-0;
"(1,1'-Biphényl) -4-carbonitrile, 4'-hexyl-";41122-70-7;
(4-Hydroxyphényl)(2,3,4-trihydroxyphényl)méthanone;31127-54-5;608-581-8
2-{[2-(Dibromométhyl)phénoxy]méthyl}oxirane;30171-80-3;250-080-8
"Acide propanoïque, 3-(dodécylthio)-, 2,2-bis[[3-(dodécylthio)-1-oxopropoxy]méthyl]-1,3-propanediyl ester";29598-76-3;249-720-9
1-Isopropylnaphtalène;29253-36-9;249-535-3
4,4',4''-(éthan-1,1,1-triyl)triphénol;27955-94-8;405-800-7
"2,2'-(biphényl-4,4'-diyldiéthylène-2,1-diyl)dibenzènesulfonate de disodium";27344-41-8;248-421-0
"Acide benzène dodécyl sulfonique";27176-87-0;248-289-4
Tris(isopropylphényl)phosphate;26967-76-0;248-147-1
Iprobenfos;26087-47-8;247-449-0
"Méthyl m-tolyl carbinol";25675-28-9;642-535-8
3-(1-Dodécén-1-yl)dihydro-2,5-furanedione;25377-73-5;246-917-1
2,3,3,4,4,5-Hexaméthyl-2-hexanethiol;25103-58-6;246-619-1
Butachlore;23184-66-9;245-477-8
2-Acétylbenzothiophène;22720-75-8;245-177-7
(3E)-4-(3-Chlorophényl)-3-butén-2-one;20766-36-3;639-359-9
"2-Éthylhexanoate de sodium";19766-89-3;243-283-8
Isoxathion;18854-01-8;242-624-8
2,4,6-Tris(1-phényléthyl)phénol;18254-13-2;242-128-1
N-(cyclohexylthio)phtalimide;17796-82-6;241-774-1
4-Pentylphénol;14938-35-3;239-015-4
(3-Phénoxyphényl)méthanol;13826-35-2;237-525-1
"Dechlorane plus";13560-89-9;236-948-9
2,3-Pyrazinedicarbonitrile;13481-25-9;626-631-7
5,6,7,8-Tétrahydroquinoline;10500-57-9;234-030-2
"Disodium téréphthalate";10028-70-3;233-075-5
"PEG-1 Sulfate de Phenyle Phenyl PEG-1, Sel de Sodium";9014-90-8;
"Triton X-100";9002-93-1;
"Acrylate de sodium";7446-81-3;231-209-7
"Pentaerythritol tetra (2-éthylhexanoate)";7299-99-2;230-743-8
"4,4 '- (1,3-Diméthylbutylidène) bisphénol";6807-17-6;401-720-1
"Benzène, 1,1 '- (1,1-diméthyl-3-méthylène-1,3-propanediyl) bis-";6362-80-7;228-846-8
"Dinoseb, éther méthylique";6099-79-2;
"Méthacrylate de sodium";5536-61-8;
"Phtalimide n- (4-bromobutyl)";5394-18-3;
"Thiourea s, s-dioxyde";4189-44-0;
Crotonaldéhyde;4170-30-3;231-209-7
"Phénol, 2,6-bis (1,1-diméthyléthyl) -4-éthyl-";4130-42-1;
2-Ethényl-1,3-dioxolane;3984-22-3;
Fenobucarbe;3766-81-2;
"Citrate d'ammonium dibasique";3012-65-5;221-146-3
"Phénol, 2,4-bis(1-phényléthyl)-";2769-94-0;220-460-8
Triméthoxyvinylsilane;2768-02-7;220-449-8
4,4'-[1,3-Phénylènebis(oxy)]dianiline;2479-46-1;628-902-5
"Chlorhydrate d'auramine";2465-27-2;219-567-2
4-Méthyl-2-(2-méthyl-2-propanyl)phénol;2409-55-4;219-314-6
1-[(4-Méthylphényl)sulfonyl]-1H-imidazole;2232-08-8;218-771-9
5H-Dibenzo[a,d][7]annulén-5-one;2222-33-5;218-737-3
3,4,5,6-Tétrachlorophtalonitrile;1953-99-7;217-783-1
Éthylcyclohexane;1678-91-7;216-835-0
2-(2,4-Dinitrobenzyl)pyridine;1151-97-9;214-567-9
Simétryne;1014-70-6;213-801-7
"2- [4- [2- [4- (2-hydroxyéthoxy) phényl] propan-2-yl] phénoxy] éthanol";901-44-0;212-985-6
3-Nitrofluoranthène;892-21-7;
"Disulfure de diphényle";882-33-7;
"1H-Imidazole, 5-méthyl-2-phényl-";827-43-0;
"Stéarate de sodium";822-16-2;
"Sodium myristate";822-12-8;
"1,2-Bis (2-chlorophényl) -hydrazine";782-74-1;
"Éthyle 3-éthoxypropionate";763-69-9;212-112-9
4-Méthyl-1-pentène;691-37-2;211-720-1
"Acétyl cétène";674-82-8;211-617-1
"P-tolyl sulfonate de sodium";657-84-1;211-522-5
"Acide trithiocyanurique";638-16-4;211-322-8
"Furfural acétone";623-15-4;
"4-Méthyl-n- (4-méthylphényl) aniline";620-93-9;
Bisphénol-F;620-92-8;210-258-2
3-Nitrobenzonitrile;619-24-9;210-587-7
"Phénol, 4- (1-méthyl-1-phényléthyl) -";599-64-4;209-968-0
2,7-Diméthylnaphtalène;582-16-1;
2,6-Dimethylnaphthalene;581-42-0;
"Acide butanédioïque, ester sulfo-, 1,4-bis (2-éthylhexyle), sel de sodium";577-11-7;209-406-4
1,2-Diméthylnaphtalène;573-98-8;
3-Nitroanisole;555-03-3;
"Acide tétradécanoïque";544-63-8;
"Éther isopentyle";544-01-4;208-857-4
"Éthyle trichloroacétate";515-84-4;208-212-7
1,8-Diaminonaphtalène;479-27-6;207-529-8
Benzopinacole;464-72-2;
"2,2,2-Trifluoroéthyl méthacrylate";352-87-4;206-525-3
3-Chloro-4-fluoronitrobenzène;350-30-1;
4-Bromo-1,2-difluorobenzène;348-61-8;
"Acide décanoïque";334-48-5;206-376-4
"Acide glyocylique";298-12-4;206-058-5
"Phosphorodithioate de O,O-diéthyle";298-06-6;206-055-9
"Acide oxalique";144-62-7;205-634-3
"Oléate de sodium";143-19-1;205-591-0
"Alcool nonylique normal";143-08-8;205-583-7
"Acide dodécanoïque";143-07-7;205-582-1
Limonène;138-86-3;205-341-0
N,N-Diméthyl-1-octadécanamine;124-28-7;204-694-8
N-Méthylformamide;123-39-7;204-624-6
Myrcène;123-35-3;204-622-5
Benzylidène;122-57-6;204-555-1
(2E)-2-Benzylidèneheptanal;122-40-7;204-541-5
2-Amino-2-éthyl-1,3-propanediol;115-70-8;204-101-2
Pyrodone;113-48-4;204-029-1
Octane-1-thiol;111-88-6;203-918-1
1-Chlorooctane;111-85-3;203-915-5
1-Heptanol;111-70-6;203-897-9
"Acide thiodipropionique";111-17-1;203-841-3
"Acide heptanoique";111-14-8;203-838-7
"Glycéryl monooléate";111-03-5;203-827-7
1,3-Dibromopropane;109-64-8;203-690-3
"Dioxyde de vinlylcyclohexène";106-87-6;
p-Anisidine;104-94-9;203-254-2
"Éther de benzyle";103-50-4;203-118-2
Dibutylaminoéthanol;102-81-8;203-058-7
N-Ethylmorpholine;100-74-3;202-885-0
2-Vinylpyridine;100-69-6;202-879-8
"Cyclohexanone oxime";100-64-1;202-874-0
4-Vinylcyclohexène;100-40-3;202-848-9
"Benzène, 1-chlorométhyl-4-nitro-";100-14-1;202-822-7
1-Isopropyl-4-méthylcyclohexane;99-82-1;202-790-4
"Acide phénylarsonique";98-05-5;
2,4-Di-tert-butylphénol;96-76-4;202-532-0
"Oxyde de Styrène";96-09-3;202-476-7
"2- (4-Morpholinyldithio) benzothiazole";95-32-9;
"Triéthylène glycol BIS (2-éthylbutyrate)";95-08-9;
"Diéthanolamide d'acide oléique";93-83-4;202-281-7
Méthyleugénol;93-15-2;202-223-0
Thiodiphénylamine;92-84-2;202-196-5
M-terphényl;92-06-8;
Guaiacol;90-05-1;201-964-7
"Phtalate de dicyclohexyle";84-61-7;201-545-9
"Cyclohexanol, 4,4 '- (1-méthyléthylidène) bis-";80-04-6;201-244-2
"Acide hydroxyacétique";79-14-1;201-180-5
2-Bromopropane;75-26-3;200-855-1
"Éthyl mercaptan";75-08-1;200-837-3
Di-méthionine;59-51-8;
"Acide palmitique";57-10-3;200-312-9
"Tri-BDE 28";41318-75-6;
"Acide acétique";64-19-7;200-580-7
Acétylène;74-86-2;200-816-9
Bromotrifluorométhane;75-63-8;200-887-6
2,2'-Diméthyl-1-propanol;75-84-3;
"Phosphate de tri-o-tolyle";78-30-8;201-103-5
"2,6-Diisocyanate de toluylène";91-08-7;202-039-0
gamma-Butyrolactone;96-48-0;202-509-5
"D-Lactate d'éthyle";7699-00-5;
"L-Lactate d'éthyle";687-47-8;211-694-1
"Lactate d'éthyle";97-64-3;202-598-0
"Alcool furfurylique";98-00-0;202-626-1
Phénylhydrazine;100-63-0;202-873-5
"Succinate de diméthyle";106-65-0;203-419-9
"Diméthyl-2,4 pentane";108-08-7;203-548-0
2,6-Diméthylpyridine;108-48-5;203-587-3
Cyclohexanol;108-93-0;203-630-6
"Pentoxyde d'antimoine";1314-60-9;215-237-7
"Butyl mercaptan";109-79-5;203-705-3
Diméthoxyméthane;109-87-5;203-174-2
"Acétate d'isoamyle";123-92-2;204-662-3
"Acétate de 3-pentyle";620-11-1;
"Acétate de tert-pentyle";625-16-1;
"Acétate de 1-méthylbutyle";626-38-0;210-946-8
"Acétate de 2- (ou 3)-méthylbutyle";84145-37-9;282-263-3
"Adipate de diméthyle";627-93-0;211-020-6
"Esters dibasiques";95481-62-2;
"Glutarate de diméthyle";1119-40-0;214-277-2
"Pentachlorophénolate de sodium";131-52-2;205-025-2
"Pentachlorophenate de potassium";7778-73-6;231-911-3
"Cyano-2 acrylate de méthyle";137-05-3;205-275-2
"2-Cyanoacrylate d'éthyle";7085-85-0;230-391-5
"Acétate de benzyle";140-11-4;205-399-7
Halothane;151-67-7;205-796-5
"Cyanamide de calcium";156-62-7;205-861-8
"Pentadécafluorooctanoate de potassium";2395-00-8;219-248-8
"Pentadecafluorooctanoate de sodium";335-95-5;206-404-5
"Pentadecafluorooctanoate d'argent";335-93-3;206-402-4
Bromochlorodifluorométhane;353-59-3;206-537-9
2,2,3-Trimethylbutane;464-06-2;207-346-3
3-Methylhexane;589-34-4;209-643-3
Isoheptane;31394-54-4;250-610-8
"Difluorure de cobalt";10026-17-2;233-061-9
"carbonate de cobalt";513-79-1;208-169-4
"Acétate de baryum";543-80-6;208-849-0
"Dichlorure de baryum";10361-37-2;233-788-1
"Oxyde de baryum";1304-28-5;215-127-9
"Péroxyde de baryum";1304-29-6;215-128-4
"Hydroxyde de baryum anhydre";17194-00-2;241-234-5
"Polysulfure de baryum";50864-67-0;256-814-3
"Sulfure de baryum";21109-95-5;244-214-4
"Chlorate de baryum";13477-00-4;236-760-7
"Perchlorate de baryum";13465-95-7;236-710-4
"Nitrate de baryum";10022-31-8;233-020-5
"Sulfate de baryum";7727-43-7;231-784-4
"Phosphate de tri-m-tolyle";563-04-2;209-241-8
"2,4-Diisocyanate de toluylène";584-84-9;209-544-5
3-Methylbutan-2-ol;598-75-4;209-950-2
"Chlorure de lithium";7447-41-8;231-212-3
"Hydrure de lithium";7580-67-8;231-484-3
"Hydroxyde de lithium";1310-65-2;215-183-4
"Stéarate de lithium";4485-12-5;224-772-5
"Isomères Warfarine";5543-57-7;226-907-3
"Isomère Warfarine R";5543-58-8;226-908-9
Anatase;1317-70-0;215-280-1
"Oxyde de titane (IV)";12188-41-9;
Rutile;1317-80-2;215-282-2
"Oxyde de béryllium";1304-56-9;215-133-1
"Chlorure de béryllium";7787-47-5;
"Fluorure de béryllium";7787-49-7;
"Hydroxyde de beryllium";13327-32-7;236-368-6
"Nitrate de bérylium";13597-99-4;237-062-5
"Sulfate de béryllium tétrahydraté";7787-56-6;
"Thiocyanate de cuivre";1111-67-7;214-183-1
"Dinitrate de cuivre";3251-23-8;221-838-5
"Fluorure de sodium";7681-49-4;231-667-8
"Fluorure de potassium";7789-23-3;232-151-5
"Difluorure de baryum";7787-32-8;232-108-0
"Fluorure de lithium";7789-24-4;232-152-0
N,N-Dimethylisopropylamine;996-35-0;213-635-5
"Bromure d'éthidium";1239-45-8;214-984-6
Borax;1303-96-4;603-411-9
"Trioxyde de nickel";1314-06-3;215-217-8
4-(3-Phénylpropyl)pyridine;2057-49-0;218-159-1
"Isocyanurate de triglycidyle";2451-62-9;219-514-3
"Dichloroisocyanurate de potassium";2244-21-5;218-828-8
N-éthyl-2-pyrrolidone;2687-91-4;220-250-6
"o-Chlorobenzylidène malononitrile";2698-41-1;220-278-9
"Chlorate de potassium";3811-04-9;223-289-7
(S)-Limonène;5989-54-8;227-815-6
"Acide oxalique dihydraté";6153-56-6;205-634-3
"Anhydride sélénieux";7446-08-4;231-194-7
"Oxydichlorure de sélénium";7791-23-3;
"Fumarate de diméthyle";624-49-7;210-849-0
"Chlorure de Cuivre";7558-89-6;231-842-9
"Acide Perchlorique";7601-90-3;231-512-4
"Chlorure de plomb";7758-95-4;231-845-5
"Chromate de plomb";7758-97-6;231-846-0
"Nitrate de plomb";10099-74-8;233-245-9
"Tribromure d'Arsenic";7784-33-0;
"Chromate de Potassium";7789-00-6;232-140-5
"Hydrure d'antimoine";7803-52-3;231-146-5
"Fibres de cellulose";9004-34-6;232-674-9
"Protoxyde d'azote";10024-97-2;233-032-0
"Sélénite de sodium";10102-18-8;233-267-9
"Séléniate de sodium";13410-01-0;236-501-8
"Tétraoxyde d'azote";10544-72-6;234-126-4
"Chromate de zinc et de potassium";11103-86-9;234-329-8
"Oxyde de chromate de zinc monohydraté";15930-94-6;
"Jaune de chromate de zinc et de potassium";37300-23-5;
Chrysotile;132207-32-0;
"Amiante, Crocidolite";12001-28-4;601-649-8
Amosite;12172-73-5;601-801-3
"Dioxyde de nickel (noir)";12035-36-8;234-823-3
"Tétraborate de sodium pentahydraté";12179-04-3;215-540-4
"Ferricyanure de potassium";13746-66-2;237-323-3
"Hexacyanoferrate (4-) de potassium";14459-95-1;680-418-3
"Silice cristalline, cristobalite";14464-46-1;238-455-4
"Silice cristalline, quartz";14808-60-7;238-878-4
"Silice cristalline, tridymite";15468-32-3;239-487-1
Chloralose;15879-93-3;240-016-7
Décaborane;17702-41-9;241-711-8
Diborane;19287-45-7;242-940-6
Pentaborane;19624-22-7;243-194-4
"Phosphore blanc";12185-10-3;601-810-2
"Dioxyde de titane";13463-67-7;236-675-5
Dinitrophénol;25550-58-7;247-096-2
"Composés de L'Ion Ammonium Quateraire, alkyl (C8-C18) Benzyldiméthyles, chlorure";63449-41-2;2364-151-6
"Naphta Léger (PÉTROLE), Hydrodésulfuré";64742-73-0;665-178-6
"Abamectine B1B";65195-56-4;265-611-9
Actinolite;77536-66-4;
"Fibres de verre à usage spécial";65997-17-3;266-046-0
"Brai de goudron de houille à haute température, traité thermiquement";121575-60-8;310-162-7
"Brai de houille à basse température";90669-57-1;
"Pentachlorure de phosphore";10026-13-8;233-060-3
"Méthyl isoamyl cétone";110-12-3;203-737-8
5-Méthyl-3-heptanone;541-85-5;208-793-7
1,1,1-Triméthyléthane;463-82-1;207-343-7
Méthoxyméthane;115-10-6;204-065-8
"Anhydride phosphorique";1314-56-3;215-236-1
"Pentasulfure de Phosphore";1314-80-3;215-242-4
N-Nitrosopipéridine;100-75-4;202-886-6
N-Méthyl-N'-Nitro-N-Nitrosoguanidine;70-25-7;200-730-1
N-Nitrosoethyl-n-butylamine;4549-44-4;
N'-Nitrosoanabasine;37620-20-5;
"4-(Methylnitrosamino)-1-(3-pyridyl)-1- butanone";64091-91-4;
"Oxyde d'aluminium";1344-28-1;215-691-6
"Chlorure d'aluminium";1327-41-9;215-477-2
"Aluminate de sodium";1302-42-7;215-100-1
"Hydroxyde d'aluminium";21645-51-2;244-492-7
"Carbonate d'argent";534-16-7;208-590-3
"Docosanoate d'argent";2489-05-6;219-641-4
"Nitrate d'argent";7761-88-8;231-853-9
"Chlorure d'argent";7783-90-6;232-033-3
"Bromure d'argent";7785-23-1;232-076-8
"Oxyde d'argent";20667-12-3;243-957-1
"Iodure d'argent";7783-96-2;232-038-0
"Thiosulfate d'argent";23149-52-2;245-458-4
"Sulfure d'argent";21548-73-2;244-438-2
"Doré alliage";69029-47-6;273-793-6
"Alcools Fluorotélomériques";678-39-7;
"Acrylates Fluorotélomériques";27905-45-9;248-722-7
"Diesters d'acide polyfluoroalkyl phosphorique";678-41-1;
"Silanes Polyfluorés";3102-79-2;671-486-5
"Acides phosphoniques per et poly fluorés";40143-78-0;
"Iodures Polyfluorées";2043-53-0;218-053-5
"Iodures Perfluorées";507-63-1;
"Éther monoéthylique du propylène-1,2 glycol";1569-02-4;216-374-5
Butyl-parabène;94-26-8;202-318-7
Isopropyl-parabène;4191-73-5;224-069-3
Benzyl-parabène;94-18-8;202-311-9
Dinotéfurane;165252-70-0;605-399-0
Nitenpyrame;150824-47-8;634-900-5
"Tétraoxysulfate de pentaplomb";12065-90-6;235-067-7
"Phosphonate d'oxyde de plomb";12141-20-7;235-252-2
"Stéarate de plomb dibasique";12578-12-0;235-702-8
"Cyanamidate de plomb";20837-86-9;244-073-9
"Acides gras en C18-18, sels de plomb";91031-62-8;292-966-7
"Complexe de cuivre de salicylate de plomb resorcylate";68411-07-4;614-455-3
"Scories, de la fusion de plomb-zinc";93763-87-2;297-907-9
"Sulfate de plomb tribasique";12202-17-4;235-380-9
"Disulfure de diméthyle";624-92-0;210-871-0
Perchlorate;14797-73-0;623-712-9
Plombdiéthyl;24952-65-6;
Acidefénofibrique;42017-89-0;255-626-9
Diphénylétaincation;53675-52-8;
"2-Naphthylammonium Chloride";612-52-2;
"2-Naphthylammonium Acetate";553-00-4;
4-Nitrobiphényl;92-93-3;
"Dihydrogénoarsénate d'ammonium";13462-93-6;236-667-1
"Arsénite de potassium";13464-35-2;236-680-2
"Arsénite de trisodium";13464-37-4;236-681-8
"Arsénate de trisodium";13464-38-5;236-682-3
"Arsénate de zinc (2:3)";13464-44-3;236-683-9
"Arsénate de strontium (2:3)";13464-68-1;236-684-4
"Arsénate de baryum (2:3)";13477-04-8;236-762-8
"Arsénate de nickel(2+) (2:3)";13477-70-8;236-771-7
"Arsénate de lithium";13478-14-3;236-773-8
"Arsénate de triargent(1+)";13510-44-6;236-841-7
"Metaarsénate de sodium";15120-17-9;239-171-3
"Arséniate de cuivre monobasique";16509-22-1;240-574-1
"Hexafluoroarsenate de potassium";17029-22-0;241-102-7
"Hexafluoroarséniate d'hydrogène";17068-85-8;241-128-9
N2-[4-(Oxoarsino)phényl]-1,3,5-triazine-2,4,6-triamine;21840-08-4;244-612-8
"Arséniure d'aluminium";22831-42-1;245-255-0
"Arsénate de triammonium";24719-13-9;246-428-3
"Diarséniate de tricobalt";24719-19-5;246-429-9
Roxarsone;121-19-7;204-453-7
Néoarshénamine;457-60-3;
"4,4'-(1,2-Diarsènediyl)bis(2-aminophénol), dichlorhydrate";139-93-5;205-386-6
Oxophénarsine;306-12-7;206-178-8
"Tritylium hexafluoroarsenate";437-15-0;
"Chlorhydrate d'oxophénarsine";538-03-4;
"Tris [(8?, 9r) -6'-méthoxycinchonan-9-ol] bis (arsenate)";549-59-7;
Sulfarsphénamine;618-82-6;
"Oxyde de phénarsine";637-03-6;
"Arséniure de gallium";1303-00-0;215-114-8
"Arséniure d'indium";1303-11-3;215-115-3
"Trisulfure d'arsenic";1303-33-9;215-117-4
"Triséléniure d'arsenic";1303-36-2;215-119-5
"Arsénite de triéthyle";3141-12-6;221-543-1
"2,6-Diméthyl-4- (1-naphthyl) pyrylium hexafluoroarsenate";84282-36-0;
"2,6-Diméthyl-4-phénylpyrylium hexafluoroarsenate";84304-15-4;
"4-Cyclohexyl-2,6-diméthylpyrylium hexafluoroarsenate";84304-16-5;
"Vanadium (4+) Diarsénate (1: 1)";99035-51-5;
"Tris [(8?) - 6'-méthoxycinchonan-9 (r) -ol] arsenite";94138-87-1;
"Acide arséneux - (14S)-strychnidin-10-one (1:1)";100258-44-4;309-388-9
"Boues de raffinage électrolytique de cuivre, décuivrée, riche en arsenic";100995-81-1;309-772-6
"Arseniate de magnesium, dopé au manganèse";102110-21-4;310-019-9
"Boues obtenues par la purification des effluents de torréfaction concentrés de minerai de cuivre-plomb.Principalement composé d'oxyde d'arsenic (As2O3).";102110-62-3;310-063-9
"Triarsénide de zinc de gallium";98106-56-0;
"Hexafluoroarsenate de sodium";12005-86-6;624-772-9
"Arséniate de sodium dibasique heptahydraté";10048-95-0;677-900-0
"Trihydrate de cacodale de sodium";6131-99-3;
"Oxyde d'arsenic antimoine";64475-90-7;
"Bromure d'arsenic";64973-06-4;
"Acide silicique (H4SIO4), sel de zinc (1: 2), arsenic et dopé au manganèse";68611-46-1;
"Arséniure de cobalt";65453-05-6;
"Tris (pentane-2,4-dionato-o, o ') silicium hexafluoroarsenate";67251-38-1;
"Arséniure de cobalt";27016-73-5;248-168-6
"Arséniure de Nickel";27016-75-7;248-169-1
"Diarsénite tricalcique";27152-57-4;248-266-9
"Diarréside de tristratium";39297-24-0;
"Triphénylsulfonium hexafluoroarsenate (1-)";57900-42-2;
"Slimes et boues, raffinage de cuivre";67712-00-9;
"Hexafluoroarsenate de 3-méthyl-4-(pyrrolidine-1-yl)benzènediazonium";27569-09-1;248-532-4
"Arsénate d'antimoine(3+)";28980-47-4;249-347-1
"Acide arsenic, sel de cuivre(2+)";29871-13-4;249-916-4
"Arséniure de zirconium";60909-47-9;
"Arséniure de trimange";61219-26-9;
"Hexafluoroarseniate de lithium";29935-35-1;249-963-0
"Disodium 3,6-bis [(o-arsonophényl) azo] -4,5-dihydroxynaphtalène-2,7-disulfonate";62337-00-2;
"Diphényliodonium hexafluoroarsénate";62613-15-4;
"Arséniate de cuivre d'ammonium";32680-29-8;251-151-6
"Arséniure d'europium";32775-46-5;
"4- (Ethylamino) -2-méthylbenzenediazonium hexafluoroarsenate";63217-32-3;
"4- (Diéthylamino) -2-éthoxybenznediazonium hexafluoroarsenate";63217-33-4;
"Bis (pentane-2,4-dionato-o, o ') bore (1+) hexafluoroarsenate (1-)";68892-01-3;
"Oxyde d'antimoine (SB2O3), mélangé avec de l'oxyde d'arsenic (AS2O3)";68951-38-2;
"Alliage de plomb, base, scories";69011-59-2;
"Plomb, antimonial, scories";69029-51-2;273-795-7
"Poussière de combustion, affinage du plomb";69029-67-0;273-809-1
"Arséniure de disilver";70333-07-2;
"Triarsénide de thallium";84057-85-2;
"Diarséniate triplomb";3687-31-8;222-979-5
"Disodium 4 - [(o-arsonophényl) azo] -3-hydroxynaphtalène-2,7-disulfonate";3688-92-4;
"Acide diphényldiarsénique";4519-32-8;
"Poussière de conduite, arsenic-contg.";8028-73-7;
"Arsenite de plomb";10031-13-7;233-083-9
"Arsénate de fer (3+)";10102-49-5;233-274-7|
"Arsenate de fer (2+) (2:3)";10102-50-8;233-275-2
"Arséniate de magnesium";10103-50-1;233-285-7
"Orthoarseniate de cuivre (ii)";10103-61-4;233-286-2
"Arseniate de calcium";10103-62-5;"231-904-5;233-287-8"
"Acide arsénique - strychnidin-10-one (1:1)";10476-82-1;233-970-0
"Arsénite de cuivre";12005-75-3;234-472-6
Arsinidynedysprosium;12005-81-1;234-473-1
"Arséniure de fer";12005-88-8;234-474-7
"Arséniure de gadolinium";12005-89-9;234-475-2
"Arséniure d'holmium";12005-92-4;234-476-8
"Arséniure de lutétium";12005-94-6;234-477-3
"Arséniure de manganèse";12005-95-7;234-478-9
"Arséniure de terbium";12006-08-5;234-479-4
"Arséniure de thallium";12006-09-6;234-481-5
"Arséniure de thulium";12006-10-9;234-482-0
"Arséniure d'ytterbium";12006-12-1;234-483-6
"Diarséniure de fer";12006-21-2;234-485-7
"Arséniure de zinc";12006-40-5;234-486-2
"Acide arsenique, sel de sodium";7631-89-2;
"Acide arsénique";7778-39-4;231-901-9
"Arsenite du Trisilver";7784-08-9;
"Chlorure d'Arsenic";7784-34-1;232-059-5
Trifluoroarsine;7784-35-2;
Pentafluoroarsorane;7784-36-3;
"Hydrogénarsénate de mercure";7784-37-4;
"Hydrogénarsénate de manganèse";7784-38-5;
"Dihydroghénoarsénate de potassium";7784-41-0;
"Arséniate d'Ammonium";7784-44-3;
"Triiodure d'arsenic";7784-45-4;
Pentahydroxyarsorane;7786-36-9;
"Arséniure de fer III";12044-16-5;
"Phosphure d'arséniure de gallium";12044-20-1;234-948-3
"Arséniure de tripotassium";12044-21-2;
"Arséniure de lithium";12044-22-3;
"Arséniure de trisodium";12044-25-6;
"Arsiniure de praséodyme";12044-28-9;
"Diarséniure de trimagnésium";12044-49-4;
"Tritellurure de diarsenic";12044-54-1;
"Diarséniure de zinc";12044-55-2;
"Diarséniure de nickel";12068-61-0;
"Arséniure de chrome";12254-85-2;235-499-6
"Arséniure d'erbium";12254-88-5;235-501-5
"Arséniure de lanthane";12255-04-8;235-502-0
"Arséniure de niobium";12255-08-2;235-503-6
"Arséniure de néodyme";12255-09-3;235-504-1
"Arséniure d'antimoine";12255-36-6;235-505-7
"Arséniure de samarium";12255-39-9;235-506-2
"Arséniure d'yttrium";12255-48-0;235-507-8
"Diarséniure de baryum (2:1)";12255-50-4;235-508-3
"Diarséniure de tricalcium";12255-53-7;235-509-9
"Arséniure de germanium";12271-72-6;235-547-6
"Argent - arsine (3:1)";12417-99-1;235-652-7
"Sulfure d'arsenic";12612-21-4;235-720-6
Amiante;77536-68-6;
Anthophyllite;77536-67-5;
"Phosphate de cadmium tribasique";13477-17-3;236-764-9
"Acide silicique - cadmium (1:1)";13477-19-5;236-764-9
"Sulphite de cadmium";13477-23-1;236-767-5
"Cyanure de cadmium et de potassium (4:1:2)";14402-75-6;238-371-8
"Tétrafluoroborate de cadmium";14486-19-2;238-490-5
"Dibutyldithiocarbamate de cadmium";14566-86-0;238-609-0
"Bis[(2Z)-4-oxo-2-pentén-2-olate] de cadmium";14689-45-3;238-730-9
"Dihydroxyde de tris(éthylènediamine)cadmium";14874-24-9;238-945-8
"Diicosanoate de cadmium";14923-81-0;238-994-5
"Di(1-pipéridinecarbodithioate) de cadmium";14949-59-8;239-025-9
"Bis(diméthylcarbamodithioate) de cadmium";14949-60-1;239-026-4
"Acide laurique, sel de barium, cadmium";15337-60-7;239-371-0
"Cyanure de palladium(2+) et de sodium (4:1:2)";15682-87-8;239-765-2
"2,2',2'',2'''-(1,2-Éthanediyldinitrilo)tetraacétate de cadmium et de potassium (1:1:2)";15708-29-9;239-801-7
"Diacrylate de cadmium";15743-19-8;239-835-2
"Tellurite de cadmium";15851-44-2;239-963-9
"Tellurate de cadmium";15852-14-9;239-973-3
"Bis(2-hydroxypropanoate) de cadmium";16039-55-7;240-181-5
"Bis[dioxo(oxydo)vanadium] de cadmium";16056-72-7;240-203-3
"5-oxo-L-Proline, sel de cadmium";16105-06-9;240-269-3
"Phosphate de cadmium";13847-17-1;237-581-7
"Tétroxyde de cadmium-molybdène";13972-68-4;237-752-6
"Disulphamate de cadmium";14017-36-8;237-832-0
"Hydrogénophosphate de cadmium";14067-62-0;237-920-9
"Bis(diéthylcarbamodithioate) de cadmium";14239-68-0;238-113-4
"Chromate de cadmium";14312-00-6;238-252-0
"Propionate de cadmium";16986-83-7;241-066-2
"Hexafluorosilicate(2-) de cadmium";17010-21-8;241-084-0
"Cyanure de cadmium et de or(1+) - 1,2-éthanediamine (4:1:2:2)";18974-20-4;242-708-4
"Diphénolate de cadmium";18991-05-4;242-727-8
"Bis(dipentylcarbamodithioate) de cadmium";19010-65-2;242-747-7
"Disalicylate de cadmium";19010-79-8;242-749-8
"Méthacrylate de cadmium";24345-60-6;246-183-2
"Cadmium didocosanoate";34303-23-6;
"Complexes cadmium, benzoate p-tert-butylbenzoate";68478-53-5;
"Pyrochlore, bismuth cadmium ruthenium";68479-13-0;
"Succinate de cadmium";141-00-4;205-446-1
"Cyanure de cadmium";542-83-6;
Diméthylcadmium;506-82-1;
"Carbonate de cadmium";513-78-0;208-168-9
"Oxalate de cadmium";814-88-0;
"Dithiocyanate de cadmium";865-38-3;
"Tétrastéarate de baryum et de cadmium";1191-79-3;214-740-9
"Séléniure de cadmium";1306-24-7;215-148-3
"Tellurure de cadmium";1306-25-8;215-149-9
"Bis(4-méthylbenzoate) de cadmium";2420-97-5;219-345-5
"Bis(2-éthylhexanoate) de cadmium";2420-98-6;219-346-0
"Dioctanoate de cadmium";2191-10-8;218-585-8
"Stéarate de cadmium";2223-93-0;218-743-6
"Didécanoate de cadmium";2847-16-7;220-650-0
"Dibenzoate de cadmium";3026-22-0;221-187-7
"Phosphate de dichlorocadmium;2,3-dihydroxypropyl 2-(triméthylazaniumyl)éthyle";71861-27-3;
"Zircon, orange de cadmium";99749-34-5;
"Chlorure phosphate de cadmium (1:1:2)";100402-53-7;309-489-8
"Poussière de cheminée, haut fourneau au plomb de cuivre, enrichi en cadmium-indium";100656-55-1;309-645-5
"Acide dodécanoïque, sel de cadmium";101012-89-9;220-017-9
"Acide stéarique, sel de cadmium";101012-93-5;218-743-6
"Acide 12-hydroxyoctadecanoïque, sel de cadmium";101012-94-6;309-795-1
"Oxyde de cadmium (CdO), soln.massive avec oxyde de calcium et oxyde de titane (TiO2), dopé au praseodymium";101356-99-4;309-896-0
"Sélénide de Cadmium (CdSe), soln. massive avec sulfure de cadmium, sélénide de zinc et sulfure de zinc, dopé au cuivre et à l'aluminium";101357-00-0;309-897-6
"Sélénide de Cadmium (CdSe), soln. massive avec sulfure de cadmium, sélénide de zinc et sulfure de zinc, dopé au cuivre et au manganèse";101357-01-1;309-898-1
"Sélénide de Cadmium (CdSe), soln massive avec sulfure de cadmium, sélénide de zinc et sulfure de zinc, dopé à l’europium";101357-02-2;309-899-7
"Sélénide de Cadmium (CdSe), soln massive avec sulfure de cadmium, sélénide de zinc et sulfure de zinc, dopé à l’or et au manganèse";101357-03-3;309-900-0
"Sélénide de Cadmium (CdSe), soln massive avec sulfure de cadmium, sélénide de zinc et sulfure de zinc, manganèse et  dopé à l'argent";101357-04-4;309-901-6
"Oxyde de cadmium (CdO), solution solide. avec oxyde de magnésium, oxyde de tungstène (WO3) et oxyde de zinc";102110-30-5;310-029-3
"Acide silicique, sel de zirconium, pigment de cadmium encapsulé";102184-95-2;310-077-5
"Acide nonanoïque, ramifié, sel de cadmium";93686-40-9;
"Cadmium tétrapentyl bis(phosphate)";94232-49-2;
"Phtalate d'isooctyle de cadmium (1:2:2)";94247-16-2;
"Phtalate de cadmium (1-éthylhexyle) (1:2:2)";94275-93-1;
"Phtalate d'octyle de cadmium (1:2:2)";94275-94-2;
"Acide carbonique, sel de cadmium";93820-02-1;
"Résidus de lixiviation, contenant du cadmium. poussière de cheminée";94551-70-9;
"Bis(2-éthylhexyl mercaptoacétate -O',S)cadmium";93858-50-5;
"Bis(o-nonylphénolate) de cadmium";93894-07-6;
"Bis(p-nonylphénolate) de cadmium";93894-08-7;
"Cadmium bis[p-(1,1,3,3-tétraméthylbutyl)phénolate]";93894-09-8;
"Cadmium (Z)-hexadéc-9-énoate";93894-10-1;
"Cadmium isohexadécanoate";95892-12-9;
"Cadmium diisobutyl dimaléate";97259-82-0;
"Cadmium isodécanoate";93965-24-3;
"Cadmium bis(isoundécanoate)";93965-30-1;
"Cadmium diméthylhexanoate";93983-65-4;
"Sufate de cadmium octahydrate";7790-84-3;
"Chlorure de cadmium";654054-66-7;
"Acétate de cadmium dihydrate";5743-04-4;
"Chlorure de cadmium hémipentahydrate";7790-78-5;
"Chlorure de cadmium monohydrate";35658-65-2;
"Perchlorate de cadmium hexahydrate";10326-28-0;
"(S) -Dichloro [2 - [[(2,3-dihydroxypropoxy) hydroxyphosphinyl] oxy] triéthylméthylammoniumato] cadmium";64681-08-9;
"Cadmium 3,5,5-triméthylhexanoate";36211-44-6;
"Cadmium bis (4-cyclohexylbutyrate)";55700-14-6;
"Époxyoctadécanoate de cadmium";26264-48-2;247-560-4
"Cadmium (2+) (R) -12-hydroxyoctadécanoate";38517-19-0;
"Divalérate de cadmium";56982-42-4;
"Toluate de cadmium";27476-27-3;248-480-2
"Sulfoséléniure de cadmium rouge";58339-34-7;
"Bis(propane-1,2-diyldiamine-N,N')cadmium(2+) bis[bis(cyano-C)aurate(1-)]";67906-19-8;
"Cadmium dilinoléate";67939-62-2;
"Tétrapotassium [[[nitrilotris(méthylène)]tris[phosphonato]](6-)-N,O,O'',O'''']cadmate(6-)";67989-93-9;
"Cadmium m-toluate";68092-45-5;
"Acides gras, C10-18, sels de cadmium";68131-58-8;
"Acides gras, C12-18, sels de cadmium";68131-59-9;
"2,2'-(1,2-Éthanediyldiimino)diacétate de cadmium";29977-13-7;249-987-1
"Bis(6-méthylheptanoate) de cadmium";30304-32-6;250-118-3
"[N,N-bis(carboxyméthyl)glycinato(3-)-N,O,O',O'']cadmate(1-) de potassium";49784-42-1;
Bis[N,N-bis(carboxyméthyl)glycinato(3-)]tricadmium;50648-02-7;
"Acides naphténiques, sels de cadmium";61789-34-2;
"Dodécylbenzènesulfonate de cadmium";31017-44-4;250-433-6
"Bis[2-(2-méthyl-2-propanyl)benzoate] de cadmium";31215-94-8;250-515-1
"Acide borique, sel de cadmium";51222-60-7;
"Néodécanoate de cadmium";61951-96-0;
"Bis(heptadécanoate de cadmium)";62149-56-8;
"Tétrachlorocadmate de benzyltriphénylphosphonium";68214-25-5;
"Hydrogène pentapotassique [[[éthylènebis[nitrilobis(méthylène)]]tétrakis[phosphonato]](8-)]cadmate(6-)";68309-98-8;
"Sulfure de cadmium (CdS), solution solide. au sulfure de zinc, dopé au cuivre et au plomb";68332-81-0;
"O-toluate de cadmium";52337-78-7;
"Pentadécanoate de cadmium";63400-09-9;
"Acides gras, C14-18, sels de cadmium";68409-82-5;
"[R-(R*,R*)]-tartrate de cadmium";34100-40-8;
Bis(5-oxo-L-prolinato-N1,O2)cadmium;85958-86-7;
"Acides gras ramifiés en C8-10, sels de cadmium";92257-06-2;
"Résidus de lixiviation, poussière de combustion du raffinage du zinc, cadmium-thallium ppt.";92257-11-9;
"Acides gras, coco, sels de cadmium";72869-63-7;
"Isononanoate de cadmium";84696-56-0;
Bis(5-oxo-DL-prolinato-N1,O2)cadmium;85994-31-6;
"Acides gras, C9-13-néo-, sels de cadmium";92704-12-6;
"Acides gras, huile d'olive, sels de cadmium";92704-15-9;
"Acides gras, huile d'arachide, sels de cadmium";92704-19-3;
"Acides gras, huile de colza, sels de cadmium";92704-24-0;
"Acides gras, C14-18 et C18-insaturés, ramifiés et linéaires, hydrogénés, sels de cadmium";92797-28-9;
"Zircon, jaune de cadmium";72968-34-4;277-135-9
"Acide benzènesulfonique, dérivés mono-alkyles en C10-13, sels de cadmium";90194-35-7;
"Acide benzoïque, sel de cadmium, basique";90218-85-2;
"Acide décanoïque, ramifié, sels de cadmium";90342-19-1;
"Acide hexanoïque, 2-éthyl-, sel de cadmium, basique";90411-62-4;
"Sulfure de cadmium (CdS), solution solide. avec du sulfure de zinc, de l'aluminium et du cobalt et du cuivre et dopé à l'argent";68784-10-1;
"Chlorure de baryum cadmium calcium fluorure phosphate, dopé à l'antimoine et au manganèse";68784-55-4;
"Isooctadécanoate de cadmium";84878-36-4;
"Tert-décanoate de cadmium";84878-37-5;
"Bis(nonylphénolate) de cadmium";84878-48-8;
"Bis(octylphénolate) de cadmium";84878-51-3;
"Acides gras, tallol, sels de cadmium";68855-80-1;
"Acides gras, C8-18 et C18-insaturés, sels de cadmium";68876-84-6;
"Sulfure de cadmium (CdS), dopé à l'aluminium et au cuivre";68876-98-2;
"Sulfure de cadmium (CdS), dopé à l'aluminium et à l'argent";68876-99-3;
"Sulfure de cadmium (CdS), dopé au chlorure de cuivre";68877-00-9;
"Sulfure de cadmium (CdS), dopé au chlorure d'argent";68877-01-0;
"Sulfure de cadmium (CdS), dopé au cuivre et au plomb";68891-87-2;
"Acide propanoïque, sel de cadmium, basique";90529-78-5;
"Jaune de cadmium zinc lithopone";90604-89-0;
"Jaune de cadmium lithopone";90604-90-3;
"Acides gras, suif hydrogéné, sels de cadmium";68953-39-9;
"Acides résiniques et acides colophaniques, sels de cadmium";68956-81-0;
"Hydrogène [4-[(5-chloro-4-méthyl-2-sulphophényl)azo]-3-hydroxynaphthalène-2-carboxylato(3-)]cadmate(1-)";68966-97-2;
"Poussière de combustion, fabrication de plomb, riche en cadmium";85117-02-8;
"Déchets solides, électrolyse du cadmium, riches en thallium";85117-20-0;
"Cadmium, scories";69011-69-4;273-707-7
"Eaux usées, sulfate de cadmium électrolytique, acide";69012-21-1;273-721-3
"Poussière de combustion, raffinage du cadmium";69012-57-3;
"Calcinats, résidus de cadmium";69029-63-6;
"Résidus de lixiviation, raffinage du cadmium";69029-70-5;
"Résidus, raffinage du cadmium";69029-77-2;
"Boues de raffinage du cadmium, oxydées";69029-90-9;
"Boues , puisard de cadmium";69029-91-0;
"Cadmium(2+) 12-hydroxyoctadécanoate";69121-20-6;
"Résidus de lixiviation, tourteau de cadmium";91053-44-0;293-309-7
"Résidus de lixiviation, minerai de zinc-calcine, cadmium-cuivre ppt.";91053-46-2;
"Cadmium potassium 1-(hydroxyéthylidène)bisphosphonate(1:2:1)";69190-99-4;
"Acides gras, C12-18, sels de baryum et de cadmium";70084-75-2;
"Acides gras, huile de ricin hydrogénée, sels de cadmium";91697-35-7;
"Séléniure de cadmium (CdSe), solution solide. au sulfure de cadmium";71243-75-9;
"Acide (R)-12-hydroxyoléique, sel de cadmium de baryum";71411-66-0;
"Acides gras ramifiés en C9-11, sels de cadmium";85586-15-8;
"Didodécanoate de cadmium";2605-44-9;220-017-9
"Cadmium 4-(1,1-diméthyléthyl)benzoate";4167-05-9;
"Cinnamate de cadmium";4390-97-0;
"Diformiate de cadmium";4464-23-7;
"Sébacate de cadmium";4476-04-4;
"Cadmium nonan-1-oate";5112-16-3;
"Cadmium dipalmitate";6427-86-7;
"Cadmium dianthranilate";7058-55-1;
"Cadmium zinc sulfure jaune";8048-07-5;
"Sulfate de cadmium";31119-53-6;233-331-6
"Myristate de cadmium";10196-67-5;233-489-6
"Dioléate de Cadmium";10468-30-1;233-954-3
"Séléniure sulfure de cadmium (1:1:2)";11112-63-3;
"Trioxide de cadmium titane";12014-14-1;234-593-4
"Diphosphure de tricadmium";12014-28-7;234-595-5
"Antimonide de cadmium (2:3)";12014-29-8;234-596-0
"Bromure de cadmium";7789-42-6;
"Fluorure de cadmium";7790-79-6;
"Iodure de cadmium";7790-80-9;
"Iodate de cadmium";7790-81-0;
"Dinitrite de cadmium";7790-83-2;
"Cadmium wolframate";7790-85-4;
"Hexaoxyde de dibore et de tricadmium";13701-66-1;237-225-0
"Hexakis(cyano-κC)ferrate(4-) de dicadmium";13755-33-4;237-341-1
"Sélénite de cadmium";13814-59-0;237-480-8
"Sélénate de cadmium";13814-62-5;237-481-3
"Diricinoléate de cadmium";13832-25-2;237-544-5
"Trioxyde de cadmium-zirconium";12139-23-0;235-251-7
"Chlorophosphate de Cadmium";12185-64-7;235-353-1
"Niobate de dicadmium";12187-14-3;235-357-3
"Sulfure dicadmium sélénide";12214-12-9;235-392-4
"Bis[dioxo(oxydo)tantale] de cadmium";12292-07-8;235-561-2
"Sulfure de cadmium-zinc";12442-27-2;235-672-6
"Sulfure de séléniure de cadmium";12626-36-7;235-724-8
"Cadmium sulfoséléniure orange";12656-57-4;235-758-3
"Di -? - oxo-di-n-butylstanniohydroxyborane / hydrogène dibutytine borate C8H19BO3SN (DBB)";75113-37-0;401-040-5
"Polysulfure d'ammonium";9080-17-5;232-989-1
"Sulfure d'ammonium";12135-76-1;235-223-4
"Hydrosulfure d'ammonium";12124-99-1;235-184-3
"Huile de goudron basse température, alcaline ; résidus d'extraction (charbon), goudron de houille à basse température alcalin";122384-78-5;310-191-5
"Acides de goudron, charbon, brut";65996-85-2;266-019-3
"Distillats (goudron de houille), supérieur";65996-91-0;266-026-1
"Huile de créosote";61789-28-4;263-047-8
"Oil Creosote, fraction d'acénaphtène";90640-84-9;292-605-3
"Créosote de Bois";8021-39-4;
"Distillats (goudron de houille), huiles de naphtalène";84650-04-4;283-484-8
(2-Éthylhexanato)(phényl)mercure;13302-00-6;236-326-7
"Néodécanoate de phénylmercure";26545-49-3;247-783-7
"Octanoate de phénylmercure";13864-38-5;
"Propionate de phénylmercure";103-27-5;203-094-3
O-nitrobenzaldéhyde;552-89-6;209-025-3
"Poudre d'écorce de savon (Quillaja saponaria) et ses dérivés contenant des saponines";68990-67-0;273-620-4
"λ2-Plumbane - acide sulfurique (1:1)";15739-80-7;239-831-0
"Bromobenzylbromotoluène, masse de réaction d'isomères";99688-47-8;402-210-1
"4-Nonylphénol, éthoxylé";26027-38-3;500-045-0
"Phosphate de l'éther de polyéthylèneglycol et du nonylphénol branché";68412-53-3;
"Éther mono(p-nonylphényl) de polyéthylène glycol ramifié";127087-87-0;932-098-4
"Isononylphénol éthoxylé";37205-87-1;
"Alkylphénol en C9 ramifié éthoxylé";68412-54-4;500-209-1
"N-{[(4-Méthoxybenzyl)oxy]carbonyl}-L-sérinate de pentachlorophényle";23234-97-1;245-508-5
"Bis(pentachlorophénolate) de zinc";2917-32-0;220-847-1
"S-Benzyl-N-[(benzyloxy)carbonyl]cystéinate de pentachlorophényle";13673-54-6;237-157-1
"5-Oxoprolinate de pentachlorophényle";28990-85-4;249-360-2
"Laurate de pentachlorophényle";3772-94-9;
"N2-[(Benzyloxy)carbonyl]glutaminate de pentachlorophényle";13673-51-3;237-155-0
"N-[(Benzyloxy)carbonyl]isoleucinate de pentachlorophényle";13673-53-5;237-156-6
"Tris (aziridinyl) phosphinoxyde";545-55-1;
"Bromoacétate de butyle";18991-98-5;242-729-9
"Bromoacétate de propyle";35223-80-4;
"Bromoacétate d'éthyle";105-36-2;203-290-9
"Bromoacétate de Méthyle";96-32-2;202-499-2
"Diffulminer de Mercure";628-86-4;
"Oxycyanure de mercure";1335-31-5;215-629-8
"Propane sultone";1120-71-4;214-317-9
"2,4-Di-Tert-Butyl-6- (5-Chlorobenzotriazol-2-Yl) Phénol (UV-327)";3864-99-1;
"2- (2H-Benzotriazol-2-Yl) -4- (Tert-Butyl) -6- (Sec-Butyl) Phénol (UV-350)";36437-37-3;
"Acide perfluorononane-1-oïque et ses sels de sodium";21049-39-8;218-276-8
"Sel d'Ammonium de l'acide Heptadécafluorononanoïque";4149-60-4;
"1,2-Benzenedicarboxylique, décylage mixte et hexyle et diestrs octyle";68648-93-1;
"1,2-Benzenedicarboxylique, DI-C6-10-Alkyl Esters";68515-51-5;271-094-0
"1,2-Benzenedicarboxylique, ester dihexyle, ramifié et linéaire";68515-50-4;
"Péroxoborate de sodium";7632-04-4;
"Disodium 3,3 '- [[1,1'-biphényl] -4,4'-diylbis (azo)] bis (4-aminonaphthalène-1-sulfonate) (c.i. rouge direct 28)";573-58-0;
"4-Nonylphénol, ramifié et linéaire, éthoxylé";7311-27-5;
"4-Nonylphénol, ramifié et linéaire, éthoxylé";34166-38-6;
"4-Nonylphénol, ramifié et linéaire, éthoxylé";27942-27-4;248-743-1
"4-Nonylphénol, ramifié et linéaire, éthoxylé";9016-45-6;
"4-Nonylphénol, ramifié et linéaire, éthoxylé";14409-72-4;604-395-6
"1,2-Benzenedicarboxylique, ester dipentyle, ramifié et linéaire";84777-06-0;
3-Éthyl-2-méthyl-2-(3-méthylbutyl)-1,3-oxazolidine;143860-04-2;421-150-7
[Phthalato(2-)]dioxotriplomb;69011-06-9;273-688-5
"Acide acétique, sel de plomb, basique";51404-69-4;257-175-3
"Anhydride de l'acide trans-dicarboxylique-1,2 cyclohexane";14166-21-3;238-009-9
"Anhydride hexahydrophtalique, cis-";13149-00-3;236-086-3
"Cyclohexane-1,2-dicarboxylic anhydride";85-42-7;201-604-9
"Phtalate de diisopentyle";605-50-5;210-088-4
(3aR,7aS)-5-Méthylhexahydro-2-benzofurane-1,3-dione;19438-60-9;243-072-0
"Anhydride méthylhexahydrophtalique";25550-51-0;247-094-1
"Anhydride hexahydro-1-méthylphtalique";48122-14-1;
"Anhydride hexahydro-3-méthylphtalique";57110-29-9;
"Tétrafluoroborate de plomb";13814-96-5;237-486-0
"Sulfate de plomb(2+) - oxo-λ2-plumbane (1:1:1)";12036-76-9;234-853-7
"Trioxyde de plomb et de titane";12060-00-3;235-038-9
"Oxyde de plomb, de titane et de zirconium";12626-81-2;235-727-4
"Acide méthoxyacétique";625-45-6;210-894-6
N-méthylacétamide;79-16-3;201-182-6
N-pentyl-isopentylphtalate;776297-69-9;
o-Aminoazotoluène;97-56-3;
"Acide pentacosafluorotridécanoïque";72629-94-8;
"Pyrochlore, Antimony plomb jaune";8012-00-8;232-382-1
"Acide silicite (H2SI2O5), sel de baryum (1: 1), dopé au plomb";68784-75-8;272-271-5
"Silcate de plomb";11120-22-2;234-363-3
"Acide sulfureux, sel de plomb, dibasic";62229-08-7;263-467-1
"1,3,5-Tris [(2s et 2r) -2,3-époxypropyl] -1,3,5-triazine-2,4,6- (1h, 3h, 5h) -Trione (? -Tgic)";59653-74-6;423-400-0
"4,4'-Bis (diméthylamino) -4 '' - (méthylamino) alcool trityle";561-41-1;209-218-2
Tétraméthyldiamonnzophénone;90-94-8;
"[4- [4,4'-Bis (diméthylamino) benzhydrylidène] cyclohexa-2,5-dien-1-ylidène] chlorure de diméthylammonium (C.I. Violet de base 3)";548-62-9;208-953-6
"Chlorure de 4-{(4-anilino-1-naphtyl)[4-(diméthylamino)phényl]méthylène}-N,N-diméthyl-2,5-cyclohexadién-1-iminium";2580-56-5;219-943-6
"Oxyde de bore";1303-86-2;215-125-8
"Méthanesulfonate de plomb(II)";17570-76-2;401-750-5
"Phtalate de bis(2-méthoxyéthyle)";117-82-8;204-212-6
"Chromate de chrome (III)";24613-89-6;246-356-2
"Formaldéhyde, produits de réaction oligomères avec l'aniline";25214-70-4;500-036-1
"Azoture de plomb";13424-46-9;236-542-1
"Dipicrate de plomb";6477-64-1;
"Styphnate de plomb";15245-44-0;239-290-0
"Chromate de pentazinc octahydroxyde";49663-84-5;256-418-0
Phénolphthaleïne;77-09-8;201-004-7
"1,2-Benznedicarboxylic acide, esters alkyles ramifiés et linéaires en ramification di-C7-11";68515-42-4;
"Chromate de strontium";7789-06-2;232-142-6
"Acide chromique";7738-94-5;
"Acide chromique";13530-68-2;236-881-5
"Diacetate de Cobalt";71-48-7;200-755-8
"Heptaoxyde de tétrabore et de disodium, hydrate";12267-73-1;235-541-3
"Orange de molybdène";12656-85-8;235-759-9
"Dioxo(dioxydo)chrome de plomb(2+)";1344-37-2;215-693-7
"Arsénate de triéthyle";15606-95-8;427-700-2
"Acide Nonacafluorodécanoïque, Sel de Sodium";3830-45-3;
"Nonadécafluorodécanoate d'ammonium";3108-42-7;221-470-5
20-[4-(2,4,4-Triméthyl-2-pentanyl)phénoxy]-3,6,9,12,15,18-hexaoxaicosan-1-ol;2497-59-8;219-682-8
2,5-Dinitrotoluene;619-15-8;
"Acide methylarsonique";124-58-3;
"Perchlorate de potassium";7778-74-7;231-912-9
"Perchlorate de sodium";7601-89-0;231-511-9
"Perchlorate de lithium";7791-03-9;232-237-2
"Chlordane technique";12789-03-6;
"Tétrachlorure d'uranium";10026-10-5;233-057-7
"Perfluorobutane sulfonic acide (PFBS)";375-73-5;206-793-1
2,8-Dichlorodibenzofuran;5409-83-6;
Cis-chlordane;5103-71-9;
"Arséniate de plomb";10102-48-4;
"Arsénite de potassium";10124-50-2;
1-Naphthylacétamide;86-86-2;
Acequinocyl;57960-19-7;
Amétoctradine;865318-97-4;
Aminopyralide;150114-71-9;604-721-7
Amisulbrom;348635-87-0;
Benzovindiflupyr;1072957-71-1;691-719-4
Bixafen;581809-46-3;
"Bromoxynil Butyrate";3861-41-4;
Chlorantraniliprole;500008-45-7;
Cyflumétofène;400882-07-7;
Cyprosulfamide;221667-31-8;485-320-2
"Phosphonate de disodium";13708-85-5;237-249-1
Émamectin;155569-91-8;605-015-1
Fenpyrazamine;473798-59-3;
Fenpyroximate;134098-61-6;603-792-1
Flonicamide;158062-67-0;605-127-0
Fluopyram;658066-35-4;
Fluxapyroxad;907204-31-3;
Forchlorfenuron;68157-60-8;
"Gamma Cyhalothrine";76703-62-3;435-840-0
"Gibberelline A4 A7";8030-53-3;
Halauxifen-Méthyl;943831-98-9;
"Huile de Girofle";8000-34-8;
"Huile de Menthe Verte";8008-79-5;
Ipconazole;125225-28-7;603-038-1
Iprovalicarbe;140923-17-7;604-209-3
Isofétamide;875915-78-9;
Isopyrazam;881685-58-1;632-619-2
Mandipropamide;374726-62-2;
Penthiopyrade;183675-82-3;606-001-8
"Orthophosphate ferrique (III)";10045-86-0;233-149-7
Piclorame-isoctyle;26952-20-5;608-024-9
"Piclorame, sel de potassium";2545-60-0;219-829-6
Pinoxadène;243973-20-8;635-361-9
"Dihydrogénophosphite de potassium";13977-65-6;604-162-9
"Bis(3,5-dioxo-4-propionylcyclohexanecarboxylate) de calcium";127277-53-6;603-193-5
Pyriofénone;688046-61-9;
Sedaxane;874967-67-6;
Spinetoram;935545-74-7;
Spirodiclofen;148477-71-8;604-636-5
Spirotétramat;203313-25-1;606-523-6
Sulfoxaflor;946578-00-3;
Thiencarbazone-méthyle;317815-83-1;635-659-9
valifenalate;283159-90-0;608-192-3
"Acétal diéthylique";105-57-7;203-310-6
Acétamide;60-35-5;200-473-5
"Acétate de sec-butyle";105-46-4;203-300-1
"Acétate de Calcium";62-54-4;200-540-9
"Acétate Cobalteux Tétrahydrate";6147-53-1;
"Acétate de Cyclohexyle";622-45-7;
"Acétate de dinosèbe";2813-95-8;220-560-1
"Acétate d'hexyle secondaire";108-84-9;203-621-7
"Acétate de mercure(II)";1600-27-7;216-491-1
"Acétate de Tert-Butyle";540-88-5;208-760-7
"Acétoacétate de méthyle";105-45-3;203-299-8
"Acide anthranilique";118-92-3;204-287-5
"Acide Citrique, Monohydrate";5949-29-1;
"Acide Crotonique";3724-65-0;
"Acide fluoroacétique";144-49-0;205-631-7
"Acide fluoroborique";16872-11-0;240-898-3
"Acide fumarique";110-17-8;203-743-0
"Acide gallique";149-91-7;205-749-9
"Acide glutarique";110-94-1;203-817-2
"Acide hexanoïque";142-62-1;205-550-7
"Acide Lactique";598-82-3;
"Acide L-Aspartique";56-84-8;200-291-6
"Acide malonique";141-82-2;205-503-0
"Acide oléique";112-80-1;
"Acide Phtalique";88-99-3;201-873-2
"Acide Picrique";88-89-1;201-865-9
"Acide Pivalique";75-98-9;200-922-5
"Acide p-toluènesulfonique";104-15-4;203-180-0
"Acide Pyrogallique";87-66-1;201-762-9
"Acide Salicylique";69-72-7;200-712-3
"Acide sorbique";110-44-1;203-768-7
"Acide Stéarique";57-11-4;200-313-4
"Acide sulfanilique";121-57-3;204-482-5
"Acide tartrique";133-37-9;205-105-7
"Acrylate de décyle";2156-96-9;218-462-9
"Acrylate de 2-Éthylbutyle";3953-10-4;
"Acrylate d'hexyle";2499-95-8;219-698-5
"Acrylate de 2-Hydroxypropyle";999-61-1;
"Alcool isooctylique";26952-21-6;248-133-5
"Alcool Phényl Éthylique";60-12-8;200-456-2
"Alcool Polyvinylique";9002-89-5;
1-Undécanol;30207-98-8;250-092-3
Allylamine;107-11-9;203-463-9
Aminocarbe;2032-59-9;217-990-7
O-Aminophenol;95-55-6;202-431-1
2-Aminopyridine;504-29-0;207-988-4
"Anhydride succinique";108-30-5;203-570-0
"Anhydride tétrachlorophtalique";117-08-8;204-171-4
"Anhydride Tétrahydrophtalique";85-43-8;201-605-4
Anisole;100-66-3;202-876-1
Argon;7440-37-1;
"Arsénite Ferrique";63989-69-5;
"Fibres minérales naturelles Attapulgite";12174-11-7;601-805-5
Azote;7727-37-9;
Bensulide;741-58-2;
"Benzoate de benzyle";120-51-4;204-402-9
"Benzoate de diéthylènebenzyle";120-55-8;204-407-6
"Benzoate de Méthyle";93-58-3;202-259-7
Benzoïne;119-53-9;204-331-3
Benzonitrile;100-47-0;202-855-7
Benzophénone;119-61-9;204-337-6
Benzotriazole;95-14-7;202-394-1
Benzylamine;100-46-9;202-854-1
Benzyldiméthylamine;103-83-3;203-149-1
"Bisulfite d'ammonium";10192-30-0;233-469-7
"Borate de triméthyle";121-43-7;204-468-9
"Bromate de Potassium";7758-01-2;231-829-8
"Bromate de Sodium";7789-38-0;232-160-4
2-Bromo-2-Nitropropane-1,3-Diol;52-51-7;200-143-0
4-Bromoaniline;106-40-1;203-393-9
Bromoéthane;74-96-4;200-825-8
"Bromure d'Acétyle";506-96-7;208-061-7
"Bromure de benzyle";100-39-0;202-847-3
"Tribromure de bore";10294-33-4;233-657-9
"Brucine, Anhydrique";357-57-3;
"Butane 1,3-Diamine";590-88-5;
1,3-Butanediol;107-88-0;203-529-7
2,3-Butanedione;431-03-8;207-069-8
Butane;106-97-8;203-448-7
Butyronitrile;109-74-0;203-700-6
Carbadox;6804-07-5;
"Carbonate de Béryllium";66104-24-3;
"Carbonate de Calcium";471-34-1;207-439-9
"Carbonate de diéthyle";105-58-8;203-311-1
"Carbonate de Magnesium";546-93-0;208-915-9
Carbone;7440-44-0;931-328-0
"Tétracarbonyle de cobalt";10210-68-1;233-514-0
"Carbure de Calcium";75-20-7;200-848-3
"Carbure de Silicium (Non Fibreux)";409-21-2;206-991-8
"Carbure de titane";12070-08-5;235-120-4
Cétène;463-51-4;
"Chloroacétate d'éthyle";105-39-5;203-294-0
"Chloracétate de Méthyle";96-34-4;202-501-1
Chloramine-T;127-65-1;204-854-7
Chloranile;118-75-2;204-274-4
"Chlorure de (E)-[(4-chloro-2-méthylphényl)imino]-N,N-diméthylméthanaminium";19750-95-9;243-269-1
1-Chloro-3,4-Dinitrobenzène;610-40-2;
"Chlorhydrate d'aniline";142-04-1;205-519-8
3-Chloro-2-Méthyl-1-Propène;563-47-3;209-251-2
"Chloro-1 Nitro-1 Propane";600-25-9;
"Aldéhyde chloroacétique";107-20-0;203-472-8
Chloracétamide;79-07-2;201-174-2
Chloroacétonitrile;107-14-2;203-467-0
2-Chlorobenzaldéhyde;89-98-5;201-956-3
"Chloroformiate de Benzyle";501-53-1;207-925-0
"Chloroformiate d'Éthyle";541-41-3;208-778-5
"Chloroformiate d'isopropyle";108-23-6;203-563-2
Chloropentafluoroéthane;76-15-3;
Ortho-Chlorostyrène;2039-87-4;218-026-8
Chlorotrifluoroéthane;75-88-7;
Chlorotrifluoroéthylène;79-38-9;201-201-8
chlorotrifluoromethane;75-72-9;
"Chlorure de baryum, dihydrate";10326-27-9;600-412-6
"Chlorure de benzethonium";121-54-0;204-479-9
"Chlorure de Benzoyle";98-88-4;202-710-8
"Chlorure de Monochloroacétyle";79-04-9;201-171-6
"Trichlorure de chrome(III) hexahydraté";10060-12-5;629-714-6
"Trichlorure de chrome (III)";10025-73-7;233-038-3
"Chlorure de chromyle";14977-61-8;239-056-8
"Chlorure de 2,2-Dichloroacétyle";79-36-7;201-199-9
"Chlorure d'étain dihydrate";10025-69-1;600-045-1
"Chlorhydrate de Guanidine";50-01-1;200-002-3
"Chlorure d'Hydroxylamine";5470-11-1;226-798-2
"Chlorure d'Isobutyle";513-36-0;208-157-9
"Chlorure de Magnesium";7786-30-3;232-094-6
"Chlorure de méthanesulfonyle";124-63-0;204-706-1
"Chlorure Stanneux (Anhydre)";7772-99-8;231-868-0
"Chlorure de Tétraméthylammonium";75-57-0;200-880-8
"Chlorure de Thiophosphoryle";3982-91-0;223-622-6
"Trihydroxyde de chrome(3+)";1308-14-1;215-158-8
"Ciment de Portland";65997-15-1;
"Cire de Paraffine";8002-74-2;232-315-6
Cismethrine;35764-59-1;200-675-3
"Citrate de Sodium, Anhydre";68-04-2;200-675-3
"Citrate de Sodium Dihydrate";6132-04-3;
"Citrate de Sodium Pentahydrate";6858-44-2;
"Citrate de Triéthyle";77-93-0;201-070-7
Colophane;8050-09-7;232-475-7
Coumarine;91-64-5;202-086-7
Crufomate;299-86-5;206-083-1
3-Hydroxypropanenitrile;109-78-4;203-704-8
"Cyanure d'Iode";506-78-5;
1,3-Cyclohexadiene;592-57-4;
Cyclohexanethiol;1569-69-3;216-378-7
Cycloheximide;66-81-9;
Cyclopentadiène;542-92-7;208-835-4
"Cyclopentadiényle tricarbonyle de Manganèse";12079-65-1;
Cyclopentanone;120-92-3;204-435-9
"Acide hydrazinoacétique";143-10-2;205-584-2
Démeton-Méthyl;8022-00-2;
Desflurane;57041-67-5;
Dextrose;50-99-7;
"Bisacrylate de 2,2-diméthyl-1,3-propanediyle";2223-82-7;218-741-5
Diallylamine;124-02-7;204-671-2
2,6-Diaminotoluène;823-40-5;212-513-9
"Dianhydride Pyromellitique";89-32-7;201-898-9
Dibromodifluorométhane;75-61-6;
"Dichlorhydrate de Benzène-1,4-Diamine";624-18-0;
1,3-Dichloro-2-Nitrobenzène;601-88-7;210-009-3
Dichloroacétylène;7572-29-4;
1,1-Dichloropropane;78-99-9;
Dichlorosilane;4109-96-0;223-888-3
Dichlorotétrafluoroéthane;76-14-2;
"Dichloro-2,2 trifluoro-1,1,1 éthane";306-83-2;206-190-3
"Difluorure d'Oxygene";7783-41-7;
Diisobutylamine;110-96-3;203-819-3
1,5-Diisocyanatonaphtalène;3173-72-6;221-641-4
"Éther diméthylique de l'hydroquinone";150-78-7;205-771-9
N,N-Diméthyl-P-Toluidine;99-97-8;202-805-4
"Dinitrate d'Éthylène Glycol";628-96-6;211-063-0
2,4-Dinitroaniline;97-02-9;
"Dinitrobenzène (para-)";100-25-4;202-833-7
"Dinitrobenzène (mélange d'isomères)";25154-54-5;246-673-6
"Dinonylphénol (mélange d'isomères)";1323-65-5;215-356-4
"Dioxathion (Melange d'Isomeres)";78-34-2;
"Dioxyde de chrome";12018-01-8;234-630-4
N,N'-Diphényl-P-Phénylènediamine;74-31-7;200-806-4
2,2'-Dipyridyl;366-18-7;206-674-4
"Distillats Naphteniques Legers (Petrole)";64741-97-5;265-098-1
"Distillats Paraffiniques Lourds (Petrole)";64741-88-4;265-090-8
Disulfiram;97-77-8;202-607-8
"Disulfure d'allyle et de propyle";2179-59-1;218-550-7
Sésone;136-78-7;205-259-5
"Dodécanethiol normal";112-55-0;203-984-1
D-Sorbitol;50-70-4;
Enflurane;13838-16-9;237-553-4
2,3-Époxy-1-Propanol;556-52-5;209-128-3
Éthane;74-84-0;200-814-8
"Ether Allylique";557-40-4;
"Éther de butyle normal et de glycidyle";2426-08-6;219-376-4
1-(2-Butoxyéthoxy)butane;112-48-1;203-976-8
"Éther de diéthylèneglycol et de diéthyle";112-36-7;203-963-7
"Éther diglycidique";2238-07-5;218-802-6
"Ether diglycidique du 1,4-butanédiol";2425-79-8;219-371-7
"Éther Diglycidique Du Déethylèneglycol";4206-61-5;
1,3-bis(2,3-époxypropoxy)-2,2-diméthylpropane;17557-23-2;241-536-7
"Ether diglycidique du resorcinol";101-90-6;202-987-5
Étoglucide;1954-28-5;217-784-7
"Éther propylique normal";111-43-3;203-869-6
N-Éthylaniline;103-69-5;203-135-5
"Éthylate de sodium";141-52-6;205-487-5
Fensulfothion;115-90-2;
"Pentacarbonyle de fer";13463-40-6;236-670-8
Ferrocène;102-54-5;203-039-3
Fluoroacétamide;640-19-7;
"Fluorure d'ammonium";12125-01-8;235-185-9
"Fluorure de Carbonyle";353-50-4;206-534-2
"Fluorure d'Étain";7783-47-3;231-999-3
"Fluorure de Perchloryle";7616-94-6;231-526-0
"Fluorure de Vinyle";75-02-5;200-832-6
"Formiate de Butyle";592-84-7;
"Formate d'éthyle";109-94-4;203-721-0
"Hydrure de Germanium";7782-65-2;
"Isopropylidène glycérol";100-79-8;202-888-7
Glycolonitrile;107-16-4;203-469-1
"Graphite (Naturel)";7782-42-5;231-955-3
Gypse;13397-24-5;603-783-2
Hélium;7440-59-7;
2-Heptanol;543-49-7;208-844-3
1-Hexadécanethiol;2917-26-2;220-846-6
Hexafluoroacétone;684-16-2;
"Hexafluorosilicate de potassium";16871-90-2;240-896-2
"Fluorosilicate de sodium";16893-85-9;240-934-8
2,5-Hexanediol;2935-44-6;220-910-3
Hexane-1-thiol;111-31-9;203-857-0
2-Hexanol;626-93-7;
"Hexylamine normal";111-26-2;203-851-8
"Huile de Castor";8001-79-4;
Hydrogène;1333-74-0;215-605-7
"Hydroxyde de calcium";1305-62-0;215-137-3
"Hydroxyde de lithium monohydraté";1310-66-3;603-454-3
Hydroxylamine;7803-49-8;232-259-2
"Hydroxysulfate de chrome";12336-95-7;235-595-8
Diisopropanolamine;110-97-4;203-820-9
"Iodure d'Éthane";75-03-6;200-833-1
"Iodure d'hydrogène";10034-85-2;233-109-9
Isobutane;75-28-5;200-857-2
Isobutanolamine;124-68-5;204-709-8
isobutylamine;78-81-9;
"Isocyanate de cyclohexyle";3173-53-3;221-639-3
"Isocyanate de phényle";103-71-9;203-137-6
Isoflurane;26675-46-7;247-897-7
Isoheptane;591-76-4;
Isoniazide;54-85-3;
N-Isopropylaniline;768-52-5;
"Isothiocyanate d'Allyle";57-06-7;200-309-2
Krypton;7439-90-9;
Malonitrile;109-77-3;203-703-2
"Mercaptan Méthylique Perchloré";594-42-3;209-840-4
"Métabisulfite de potassium";16731-55-8;240-795-3
Méthacrylaldéhyde;78-85-3;201-150-1
Méthane;74-82-8;200-812-7
4-Méthoxy-4-méthyl-2-pentanone;107-70-0;203-512-4
"Éther monométhylique d'hydroquinone";150-76-5;205-769-8
4-(Méthylamino)phénol;150-75-4;205-768-2
3-Méthyl-2-Butanone;563-80-4;209-264-3
1-Méthylcyclohexanol;590-67-0;
2-Méthylcyclohexanol;583-59-5;209-512-0
3-Méthylcyclohexanol;591-23-1;
4-Méthylcyclohexanol;589-91-3;
Méthylcyclohexanol;25639-42-3;247-152-6
2-Méthylheptane;592-27-8;
"Méthyl Hydrazine";60-34-4;200-471-4
3-Méthylpentane;96-14-0;202-481-4
2-Méthyl-2-Propanethiol;75-66-1;200-890-2
Trans-Beta-Méthylstyrène;873-66-5;
"Méthyl Vinyl Cétone";78-94-4;201-160-6
"Molybdate de Sodium";7631-95-0;231-551-7
4-Nitrophénol;25154-55-6;200-659-6
Monosilane;7803-62-5;232-263-4
"Naphténate de Cobalt";61789-51-3;263-064-0
"Naphténate de cuivre";1338-02-9;215-657-0
"Naphténate de Plomb";61790-14-5;
Naphtalènediamine-1,5;2243-62-1;218-817-8
1-Naphtalénamine;134-32-7;205-138-7
A-Naphtylthiourée;86-88-4;
Néon;7440-01-9;
Ninhydrine;485-47-2;
"Nitrate de calcium";10124-37-5;233-332-1
"Nitrate de cobalt, hexahydrate";10026-22-9;600-049-3
"Nitrate de Guanidine";506-93-4;208-060-1
"Nitrate de magnésium";10377-60-3;231-104-6
"Dinitrate de mercure (II)";10045-94-0;233-152-3
"Nitrate de Phénylmercure";55-68-5;
"Nitrate de Proyle Normal";627-13-4;
"Nitrate de Zinc";7779-88-6;231-943-8
"Nitrite d'isoamyle";110-46-3;203-770-8
"Nitrite de Potassium";7758-09-0;231-832-4
p-Nitroaniline;100-01-6;202-810-1
2-Nitroanisole;91-23-6;
Nitroéthane;79-24-3;201-188-9
Nitroglycérine;55-63-0;200-240-8
2-Nitronaphthalène;581-89-5;
"Nitro-1 propane";108-03-2;203-544-9
M-Nitrotoluène;99-08-1;202-728-6
1,7-Octadiene;3710-30-3;223-054-9
2,4,4-Triméthylpentane-2-thiol;141-59-3;205-490-1
"Acide Sulfurique Fumant";8014-95-7;
"Oxalate d'ammonium";1113-38-8;214-202-3
"Oxyde de calcium";1305-78-8;215-138-9
"oxyde de cobalt(III)";1308-04-9;215-156-7
"Oxyde ferreux";1345-25-1;215-721-8
"Oxyde de Glycidyle Et d'Isopropyle";4016-14-2;223-672-9
"Éther de phényle et de glycidyle";122-60-1;204-557-2
"Oxyde de glycidyle et de tolyle";2210-79-9;218-645-3
"Oxyde de magnésium";1309-48-4;215-171-9
"Monoxyde de potassium";12136-45-7;235-227-6
"Oxyde stanneux";21651-19-4;244-499-5
Paraformaldéhyde;30525-89-4;608-494-5
Paraldéhyde;123-63-7;204-639-8
"Pentafluorure d'Antimoine";7783-70-2;
"Pentafluorure de Brome";7789-30-2;
Pentane-1-thiol;110-66-7;203-789-1
Perfluoroisobutylène;382-21-8;
Perlite;93763-70-3;
"Péroxyde de dilauroyle";105-74-8;203-326-3
"Petrolatum (Blanc)";8009-03-8;232-373-2
Phénylacetate;122-79-2;204-575-0
N-Phenyl-1-Naphthylamine;90-30-2;201-983-0
Phénylphosphine;638-21-1;
Phorone;504-20-1;
"Phosphate d'Aluminium";7784-30-7;232-056-9
"Acide di(2-éthylhexyl)phosphorique";298-07-7;206-056-4
"Phosphate de Trisodium (Anhydre)";7601-54-9;231-509-8
"Phosphite de triphényle";101-02-0;202-908-4
Pindone;83-26-1;
"Plâtre de Paris";26499-65-0;607-950-0
Polydiméthylsiloxane;9016-00-6;
Polyéthylène;9002-88-4;
"Polyéthylène glycol solide";25322-68-3;500-038-2
Polystyrène;9003-53-6;
Hafnium;7440-58-6;231-166-4
Propane;74-98-6;200-827-9
"Propionate de Butyle";590-01-2;209-669-5
"Propionate de Méthyl";554-12-1;209-060-4
"Propionate de sodium";137-40-6;205-290-4
Propionitrile;107-12-0;203-464-4
Propylamine;107-10-8;203-462-3
"Propylene Diamine";78-90-0;201-155-9
Propyne;74-99-7;200-828-4
"Pyrophosphate de Potassium";7320-34-5;230-785-7
"Pyrophosphate de Sodium";7722-88-5;231-767-1
Pyrrolidine;123-75-1;204-648-7
Pyrrolidinone;616-45-5;210-483-1
Radon;10043-92-2;233-146-0
"Rhodamine Wt";37299-86-8;
Rhodium;7440-16-6;231-125-0
Riboflavine;83-88-5;201-507-1
"Salicylate de méthyle";119-36-8;204-317-7
"Bis(éthyl-2 hexyl) sébacate";122-62-3;204-558-8
"Sébacate de dibutyle";109-43-3;203-672-5
"Sel trisodique de l'acide nitriloacétique monohydrate";18662-53-8;606-091-9
"Sesquicarbonate de Sodium Dihydrate";6106-20-3;
sevoflurane;28523-86-6;643-089-7
"Silicate de Méthyle";681-84-5;211-656-4
Silicium;7440-21-3;231-130-8
Soufre;7704-34-9;231-722-6
"Stéarate de calcium";1592-23-0;216-472-8
"Stéarate de Magnésium";557-04-0;
Succinonitrile;110-61-2;203-783-9
"Succinonitrile de Tétraméthyle";3333-52-6;
Sucrose;57-50-1;
"Sulfate de béryllium";13510-49-1;236-842-2
"Sulfate de cobalt (ii), heptahydrate";10026-24-1;600-050-9
"Sulfate de Cuivre (Ii) Pentahydrate";7758-99-8;
"Sulfate de Magnésium";7487-88-9;231-298-2
"Sulfate de manganèse[II], monohydrate";10034-96-5;600-072-9
"Sulfate de Nicotine";65-30-5;200-606-7
"Sulfate de P-(Methylamino)Phénol";55-55-0;200-237-1
"Sulfate de Strychnine";60-41-3;
"Sulfate de Zinc (Heptahydrate)";7446-20-0;
"Sulfure de potassium";1312-73-8;215-197-0
"Sulfure de sodium (anhydre)";1313-82-2;215-211-5
Sulprofos;35400-43-2;
"Talc (non fibreux)";14807-96-6;238-877-9
"Tartrate de Nicotine";65-31-6;200-607-2
O-Terphényl;84-15-1;
"Terphenyles Hydrogenes (Hydrogenes A 40%)";61788-32-7;262-967-7
"Terre À Diatomées (Non Calcinée)";61790-53-2;
1,1,1,2-Tétrachloro-2,2-Difluoroéthane;76-11-9;
1,1,2,2-Tétrachloro-1,2-Difluoroéthane;76-12-0;200-935-6
Tétrafluorométhane;75-73-0;200-896-5
"Tétrafluorure de Silicium";7783-61-1;232-015-5
"Tétrafluorure de Soufre";7783-60-0;
Tétranitrométhane;509-14-8;
"Tétroxyde de manganèse";1317-35-7;215-266-5
"Tétroxyde d'osnium";20816-12-0;244-058-7
Thioacétamide;62-55-5;200-541-4
"Thiocyanate de Potassium";333-20-0;206-370-1
"Thiocyanate de Sodium";540-72-7;208-754-4
"Triamide Hexaméthylphosphorique";680-31-9;
"Méthylcyclopentadiényle tricarbonyle de Manganèse";12108-13-3;235-166-5
"Trichlorure d'antimoine";10025-91-9;233-047-2
"Trichlorure de bore";10294-34-5;233-658-4
"Trichlorure d'indium";10025-82-8;233-043-0
"Trichlorure de rhodium, trihydrate";13569-65-8;682-140-8
Triéthoxysilane;998-30-1;213-650-7
Triflumizole;68694-11-1;
Trifluorométhane;75-46-7;200-872-4
"Trifluorure d'Azote";7783-54-2;232-007-1
"Trifluorure de Chlore";7790-91-2;
Triisopropanolamine;122-20-3;204-528-4
"Triméthylbenzène (mélange d'isomères)";25551-13-7;247-099-9
(1E)-N-Hydroxyéthanimine;107-40-4;203-488-5
"Trinitrate de Chrome(Iii) Nonahydraté";7789-02-8;
"Trioxyde de fer";1309-37-1;215-168-2
"Trioxyde de sélénium";13768-86-0;237-385-1
"Oxyde de vanadium(III)";1314-34-7;215-230-9
"Triphosphate Pentasodique";7758-29-4;231-838-7
2-Vinyltoluène;611-15-4;
3-Vinyltoluène;100-80-1;202-889-2
4-Vinyltoluène;622-97-9;210-762-8
Vinyltoluène;25013-15-4;246-562-2
Xenon;7440-63-3;
"Diméthyl-3,5 phénol";108-68-9;203-606-5
Xylènol;1300-71-6;215-089-3
"Xylidine (mélange d'isomères)";1300-73-8;215-091-4
"Chlorure d'Aluminium (Anhydre)";7446-70-0;231-208-1
2-Amino-9,10-anthraquinone;117-79-3;204-208-4
"2,4,6-Trinitrophénolate d'ammonium";131-74-8;205-038-3
"Hydroxy(dioxo)vanadium, ammoniate (1:1)";11115-67-6;234-351-8
"Chromate de baryum";10294-40-3;233-660-5
"Acide Benzènesulfonique";98-11-3;202-638-7
1-Chloro-3-bromopropane;109-70-6;203-697-1
Bromoacétone;598-31-2;
1-Tert-Butoxy-2-Propanol;57018-52-7;406-180-0
1-(2-Butoxypropoxy)-2-propanol;24083-03-2;246-011-6
"N-Butyl Chloroformate";592-34-7;209-750-5
"Chromate de butyle tertiaire";1189-85-1;
"Bromure de Calcium";7789-41-5;232-164-6
"Molybdate de Calcium";7789-82-4;232-192-9
"polysulfures de calcium";1344-81-6;215-709-2
"Hydroxyde de Césium";21351-79-1;244-344-1
Chlorethoxyfos;54593-83-8;
"2-Chloropropionic Acid";598-78-7;209-952-3
N,N'-Diacetylbenzidine;613-35-4;
2,4-Diaminoanisole;615-05-4;
3,3'-Diaminobenzidine;91-95-2;
o-Dianisidine;119-90-4;204-355-4
1,1-Dichloro-1-Nitroéthane;594-72-9;
"Carburant Diesel No 2";68476-34-6;270-676-1
N,N-Diéthylaniline;91-66-7;202-088-8
"Succinate de diéthyle";123-25-1;204-612-0
"2',4' -Diméthylacetoacétanilide";97-36-9;202-576-0
4-Diméthylaminoazobenzène;60-11-7;
Dinitolmide;148-01-6;205-706-4
Diphosgène;503-38-8;
"Disodium Hydrogen Phosphate";7558-79-4;231-448-7
"Acide 2,2'-disulfanediyldibenzoïque";119-80-2;204-352-8
1-Dodécanamine;124-22-1;204-690-6
n-Ethyl-n-benzylaniline;92-59-1;202-169-8
"Acide Fluorosulfonique";7789-21-1;232-149-4
Fructose;57-48-7;
n-Heptanethiol;1639-09-4;216-678-8
Hydroxyéthylcellulose;9004-62-0;
"Hydrogénosulfate d'hydroxylammonium";10046-00-1;233-154-4
"Isobutyl Chloroformate";543-27-1;208-840-1
"Nitrite d'Isobutyle";542-56-3;
"Acide Lactique";50-21-5;200-018-0
"Bis(diméthyldithiocarbamate) de plomb";19010-66-3;242-748-2
Malonaldéhyde;542-78-9;
Méthoxyflurane;76-38-0;
Méthylchlorosilane;993-00-0;213-600-4
N-Méthylolacrylamide;924-42-5;213-103-2
Méthyl-3a,4,7,7a-tétrahydro-2-benzofurane-1,3-dione;26590-20-5;247-830-1
1,5-Naphthalènediol;83-56-7;201-487-4
"Acide 3-(3-éthylcyclopentyl)propanoïque";1338-24-5;215-662-8
1,4-Naphtoquinone;130-15-4;204-977-6
"Acide néodécanoïque";26896-20-8;248-093-9
"Acide 4-Nitrobenzoïque";62-23-7;200-526-2
"Nitrate de Cellulose";9004-70-0;
2-Nitro-P-Phenylènediamine;5307-14-2;226-164-5
4-Nitro-O-Phenylènediamine;99-56-9;
"Chlorure de nitrosyle";2696-92-6;220-273-1
1-Nonanéthiol;1455-21-6;215-936-7
Nonoxynol-9;26571-11-9;247-816-5
1-Octadécanethiol;2885-00-9;220-744-1
"Pentaerythritol Tetranitrate";78-11-5;201-084-3
Perfluorobutyléthylène;19430-93-4;243-053-7
"Sels Sodiques d'Acides Sulfoniques de Petrole";68608-26-4;271-781-5
"Acide phénylacétique";103-82-2;203-148-6
"Chloroformiate de phényle";1885-14-9;217-547-8
Iso-Phthalonitrile;626-17-5;210-933-7
"Polyacrylate de Sodium";9003-04-7;
"Chlorure de Polyvinyle";9002-86-2;
"Carbonate de Potassium";584-08-7;209-529-3
"Phosphate de Potassium Monobasique";7778-77-0;231-913-4
"Bisulfate de Potassium";7646-93-7;231-594-1
1-Propanethiol;107-03-9;203-455-5
"Chloroformiate de n-propyle";109-61-5;203-687-7
"Propylène Glycol Diacétate";623-84-7;210-817-6
"2-Propylèneglycol1-Éthyl Ether Acétate";54839-24-6;259-370-9
"Acide sébacique ";111-20-6;203-845-5
"Hexafluorure de Sélénium";7783-79-1;
"Hydrogénosulfure de sodium";16721-80-5;240-778-0
"Iodure de Sodium";7681-82-5;231-679-3
"Oxyde de sodium";1313-59-3;215-208-9
"Péroxyde de sodium";1313-60-6;215-209-4
"Tétrahydroborate de sodium";16940-66-2;241-004-4
"Thiosulfate de Sodium Anhydre";7772-98-7;231-867-5
Amidon;9005-25-8;
"Dichlorure de soufre";10545-99-0;234-129-0
"Chlorure de téréphtaloyle";100-20-9;202-829-5
2-Tert-Butylphenol;88-18-6;201-807-2
"Acide Sulfocyanique";463-56-9;
"Dioxyde d'étain";18282-10-5;242-159-0
"Sulfate de Diamino-2,5 Toluene (1:1)";615-50-9;210-431-8
"Acide Trifluoroacétique";76-05-1;200-929-3
"Phosphite de triméthyle";121-45-9;204-471-5
Triphénylamine;603-34-9;
1-Undecanéthiol;5332-52-5;
"Huile Minérale Blanche";8042-47-5;232-455-8
2,3-Xylidine;87-59-2;201-755-0
2,5-xylidine;95-78-3;
Xylidine-3,5;108-69-0;203-607-0
"sulfate de béryllium tétrahydraté";77787-56-6;
"Carbonate de béryllium";13106-47-3;236-030-8
"Phosphate de béryllium";35089-00-0;
"Cobalt(III) acétate";917-69-1;
"Dihydroxyde de cobalt(2+)";21041-93-0;244-166-4
"Iodure de potassium";7681-11-0;231-659-4
"Iodure de césium";7789-17-5;232-145-2
"Iodate de potassium";7758-05-6;231-831-9
"Métapériodate de sodium";7790-28-5;232-197-6
"Acide Iodique";7782-68-5;231-962-1
"Iodure de calcium";10102-68-8;233-276-8
"Iodure de cuivre(I)";7681-65-4;231-674-6
"Dichlorure de manganèse";7773-01-5;231-869-6
"Sulfate de manganèse(II)";7785-87-7;232-089-9
"Acétate de strontium";543-94-2;208-854-8
"Chlorure de strontium";10476-85-4;233-971-6
"Fluorure de strontium";7783-48-4;232-000-3
"Hydroxyde de strontium";18480-07-4;242-367-1
"Nitrate de strontium";10042-76-9;233-131-9
"Oxyde de strontium";1314-11-0;215-219-9
"Péroxyde de strontium";1314-18-7;215-224-6
"Phosphate de strontium";7446-28-8;
"Sulfure de strontium";1314-96-1;215-249-2
1,6-Dinitropyrène;42397-64-8;
1,8-Dinitropyrène;42397-65-9;
2-Nitrofluorène;607-57-8;
4-Chloro-o-phénylènediamine;95-83-0;
4-NITROPYRENE;57835-92-4;
5-METHYLCHRYSENE;3697-24-3;
5-NITROACENAPHTHENE;602-87-9;
6-NITROCHRYSENE;7496-02-8;
"Acide arsénieux";13464-58-9;
"Chromate de calcium";13765-19-0;237-366-8
Cupferron;135-20-6;205-183-2
"Diéthanolamine  ";11-42-2;
"3,3'-(4,4'-Biphényldiyldi-2,1-diazènediyl)bis(5-amino-4-hydroxy-2,7-naphtalènedisulfonate) de tétrasodium";2602-46-2;220-012-1
"Direct Brown 95 (technical grade)";16071-86-6;240-221-1
"Phosphate de plomb";7446-27-7;
"Subacétate de plomb";1335-32-6;215-630-3
"Monoxyde de manganèse";1344-43-0;215-695-8
"Sulfate de manganèse (II)";7787-87-7;
"Potassium permanganate";7724-64-7;
"Di(2,4-cyclopentadiénide) de nickel(2+)";1271-28-9;215-039-0
p-Nitrosodiphénylamine;156-10-5;427-700-2
"Sodium hydroxide";1310-73-2;
"Trioxyde de soufre";7446-71-9;
"Chromate de lithium";14307-35-8;238-244-7
"Sulfate de nickel hexahydraté";10101-97-0;600-152-3
"Sulfure de nickel";11113-75-0;234-349-7
"Dinitrate de nickel hexahydraté";13478-00-7;603-868-4
"Carbonate de nickel basique";12607-70-4;235-715-9
"Bisulfate d'ammonium";7803-63-6;232-265-5
Tribénuron;106040-48-6;600-714-8
Cléthodim;110429-62-4;619-396-7
"Comonomère diglycidyle éther de tétraméthyl bisphénol F";113693-69-9;
4-Hydroxybenzophénone;1137-42-4;214-507-1
Déméthyldanofloxacine;119478-55-6;638-813-3
"Palmitate d'ascorbyle";137-66-6;205-305-4
Profoxydime;139001-49-3;604-105-8
"Phosphate de tylosine";1405-53-4;215-779-4
"Tartrate de tylosine";1405-54-5;215-781-5
Patuline;149-29-1;205-735-2
Tepraloxydim;149979-41-9;604-715-4
"1,2-Cyclohexanedicarboxylate de bis(7-méthyloctyle)";166412-78-8;431-890-2
Zéaralénone;5975-78-0;
4-Méthyl-3,5-dinitroaniline;19406-51-0;621-857-2
Monensin;22373-78-0;244-941-7
Phenthoate;2597-03-7;219-997-0
"Hydrogénocarbonate de potassium";298-14-6;206-059-0
"Ochratoxine A";303-47-9;206-143-7
Diclofop;40843-25-2;
Coumestrol;479-13-0;
lycopène;502-65-8;
(S)-(+)-Ibuprofène;51146-56-6;
(R)-(-)-Ibuprofène;51146-57-7;
"GLDA Na4 (sel tétrasodique de l'acide N-N diacétique glutamique)";51981-21-6;257-573-7
2-isopropylthioxanthone;5495-84-1;226-827-9
"Amitrole (Aminotriazole)";61-82-6;
"Diméthyl polysiloxane (E 900)";63148-62-9;
"Polymères d'oxyde d'éthylène condensés sur les alcools gras (alcool d'alkyl (C9-C11) éthoxylés";68439-46-3;614-482-0
Chlorméquat;7003-89-6;
Chlorfluazuron;71422-67-8;
Fomésafène;72178-02-2;
Germanium;7440-56-4;231-164-3
"Acétylcitrate de tributyle (ATBC)";77-90-7;201-067-0
"lécithine de tournesol (E 322)";8060-28-4;232-504-3
1,3-Diméthylimidazolidine-2-one;80-73-9;201-304-8
Isofenphos-méthyle;99675-03-3;
"Octaborate de disodium tétrahydraté";12008-41-2;234-541-0
"Octaborate disodique tétrahydraté";12280-03-4;602-894-3
"Valproate de sodium";1069-66-5;213-961-8
Cylindrospermopsine;143545-90-8;802-929-4
(3Z)-3-Benzylidène-1,7,7-triméthylbicyclo[2.2.1]heptan-2-one;15087-24-8;239-139-9
N,N-Diméthylsulfamide;3984-14-3;
"Trisulfure d'antimoine";1345-04-6;215-713-4
"Pentachlorure d'antimoine";7647-18-9;231-601-8
"Chlorure d'oxyde d'antimoine";12182-69-3;235-347-9
"Tribromure d'antimoine";7789-61-9;232-179-8
"Trifluorure d'antimoine";7783-56-4;232-009-2
Bêta-cyperméthrine;65731-84-2;265-898-0
Théta-cyperméthrine;71697-59-1;
Zêta-cyperméthrine;97955-44-7;619-306-6
BZ;6581-06-2;
Allyltrichlorosilane;107-37-9;203-485-9
Amyltrichlorosilane;107-72-2;203-515-0
"Isocyanate d'éthyle";109-90-0;203-717-9
Octadécyltrichlorosilane;112-04-9;203-930-7
Tétrafluoroéthène;116-14-3;204-126-9
"Phosphate de Sodium";12058-85-4;
"Phosphure de strontium";12504-13-1;
"Pentafluorure de chlore";13637-63-3;237-123-6
"Chlorure de brome";13863-41-7;237-601-4
Trichloro(propyl)silane;141-57-1;205-489-6
"Phosphorodichloridate d'éthyle";1498-51-7;216-099-0
Trichloro(chlorométhyl)silane;1558-25-4;216-316-9
1,1,1,2,2,3,3,4,4-Nonafluoro-4-méthoxybutane;163702-07-6;605-339-3
1,1,1,2,2,3,3,4,4-Nonafluoro-4-méthoxybutane;163702-08-7;605-340-9
Dichloro(diéthyl)silane;1719-53-5;217-005-0
"Phosphure de potassium";20770-41-6;244-021-5
Dichlorophényltrichlorosilane;27137-85-5;248-254-3
"Chlorure de triméthylacétyle";3282-30-2;221-921-6
"Agent GF";329-99-7;
Dodécyltrichlorosilane;4484-72-4;
Octyltrichlorosilane;5283-66-9;226-112-1
Nonyltrichlorosilane;5283-67-0;
"Lewisite 1, including mixtures with Lewisite 2 (CAS No. 40334-69-8) and Lewisite 3 (CAS No. 40334-70-1)";40334-69-8;
"Lewisite 1, including mixtures with Lewisite 2 (CAS No. 40334-69-8) and Lewisite 3 (CAS No. 40334-70-1)";40334-70-1;
"Jet Fuel (JP-8)";70892-10-3;
Butyltrichlorosilane;7521-80-4;
"hexafluorure de Tellure";7783-80-4;
"Trifluorure de brome";7787-71-5;
Isobutyronitrile;78-82-0;201-147-5
Hexyltrichlorosilane;928-65-4;
2-Chloro-N-(2-chloroéthyl)-N-méthyléthanamine;51-75-2;
Méthyldichloroarsine;593-89-5;
"Phényl dichloroarsine";696-28-6;
"Chloroformiate d'allyle";2937-50-0;220-916-6
"Carbonochloridate de sec-butyle";17462-58-7;241-475-6
2-Éthylhéxylchloroformate;24468-13-1;246-278-9
2-Chloro-N,N-bis(2-chloroéthyl)éthanamine;555-77-1;
Adamsite;578-94-9;
"Carbonochloridothioate de S-éthyle";2941-64-2;220-928-1
Abrine;1393-62-0;
"Poly(butyral de vinyle)";27360-07-2;608-089-3
"Acide acétique, ester de 2-propényle";591-87-7;
"Acétate de lithium";546-89-4;208-914-3
"Acide acétique, sel de manganèse(2+), tétrahydraté";6156-78-1;
"Acide acétique, sel de manganèse(II) (2:1)";638-38-0;211-334-3
"Acétone thiosemicarbazide";1752-30-3;217-137-9
Acétone-d6;666-52-4;
(2H3)Acétonitrile;2206-26-0;218-616-5
1-Hydroxyacétone;116-09-6;204-124-8
"Acétylcitrate de triéthyle";77-89-4;201-066-5
"Acétylaminofluorène, 2-";53-96-3;
2-Acétylaminofluorénone;3096-50-2;668-194-5
"N,N'-Méthylènebisacrylamide - acrylamide (1:1)";25034-58-6;
"Chlorure d'Acryloyle";814-68-6;212-399-0
"Acide hexanedioïque, polymère";68609-57-4;
"Disodium Laureth-9 Sulfosuccinate";39354-45-5;
"Alamine 336";68814-95-9;272-347-8
2,2'-Disulfanediyldipyridine;2127-03-9;218-343-1
"Composés d'ammonium quaternaire, tri(C8-10)-alkylméthyl-, chlorures)";63393-96-4;264-120-7
Alizarine;72-48-0;200-782-5
"Carmin d'alizarine";130-22-3;204-981-8
"Alcanes, C4-C12";68333-81-3;269-792-5
Alkylamines;63231-48-1;
"Chlorure d'alkyldiméthylbenzyl ammonium (C12-C18)";68391-01-5;
Allène;463-49-0;207-335-3
3-[(2-Chloroéthyl)sulfanyl]-1-propène;19155-35-2;
"Bromure d'allyle";106-95-6;203-446-6
Allyl(bromo)magnésium;1730-25-2;217-046-4
2-[(1S)-4-Méthyl-3-cyclohexén-1-yl]-2-propanol;10482-56-1;233-986-8
"Acide DL-mandélique";611-72-3;
"Aluminum acétate";7360-44-3;
"Carbure d'aluminium";1299-86-1;215-076-2
"Trichlorure d'aluminium hexahydraté";7784-13-6;
"Aluminum grey LB";12218-95-0;235-404-8
"Hexafluorosilicate d'aluminium";17099-70-6;241-170-8
"Oxyde d'aluminium hydraté";1333-84-2;603-739-2
"Sulfate d'aluminium et de potassium, dodécahydraté";7784-24-9;
"Tris(dihydrogénophosphate) d'aluminium";13530-50-2;236-875-2
"Aluminum yellow 4A";10343-58-5;233-748-3
"Isopropylate d'aluminium(III)";555-31-7;209-090-8
"Nitrate d'aluminium";13473-90-0;236-751-8
"Nitrate d'aluminium(III) nonahydraté";7784-27-2;
"Silicate d'aluminum (III)";1302-76-7;215-106-4
"Acide amino-1,3-naphtalènedisulfonique, 7-";86-65-7;
3-Amino-1-propanol;156-87-6;205-864-4
1-Amino-2-méthyl-2-propanol;2854-16-2;803-530-8
"Amino-4,6-dinitrotoluène, 2-";35572-78-2;
"Aminoacétaldéhyde diéthyl acétal";645-36-3;
2,2-Diméthoxyéthanamine;22483-09-6;245-026-5
"Acide p-aminobenzoique";150-13-0;205-753-0
4-[Diéthoxy(méthyl)silyl]-1-butanamine;3037-72-7;221-236-2
"Aminoéthoxy)éthanol, 2-(2-";929-06-6;213-195-4
"Diphénylborinate de 2-aminoéthyle";524-95-8;
3-Heptylamine;28292-42-4;248-940-2
"Sulfate de guanylurée";591-01-5;
"Aminophénol, m-";591-27-5;209-711-2
4-Aminopropiophénone;70-69-9;
3-[Diéthoxy(méthyl)silyl]-1-propanamine;3179-76-8;221-660-8
2-Aminopyrazine;5049-61-6;
"Amiton oxalate";3734-97-2;
O,O-diéthyl-S-(2-diéthylaminoéthyl)thiophosphate;78-53-5;
(2H3)Ammoniac;13550-49-7;236-926-9
"Fluorure d'aluminium et d'ammonium";7784-19-2;
"Benzoate d'ammonium";1863-63-4;217-468-9
"Bromure d'ammonium";12124-97-9;235-183-8
"Carbamate d'ammonium";1111-78-0;214-185-2
"Chromate d'ammonium";7788-98-9;
"Citrate d'ammonium";7632-50-0;
"Sulfate ferreux d'ammonium hexahydraté";7783-85-9;
"Fluoroborate d'ammonium";13826-83-0;237-531-4
"Hexachlorohydrate d'ammonium (III)";29796-57-4;623-642-9
"Hexafluorosilicate de diammonium";16919-19-0;240-968-3
Azane;37541-72-3;
"Iodure d'ammonium";12027-06-4;234-717-7
"Lactate d'ammonium";515-98-0;
"Sulfonate de lignine d'ammonium";8061-53-8;
"Heptamolybdate d'ammonium tétrahydraté";12054-85-2;
"Monomolybdate d'ammonium";13106-76-8;236-031-3
"Molybdophosphate d'ammonium";12026-66-3;234-714-0
"Sulfate d'ammonium et de nickel anhydre";15699-18-0;239-793-5
"Oxalate d'ammonium monohydraté";5972-73-6;
"Oxalate d'ammonium";6009-70-7;
"Pentaborate d'ammonium";12007-89-5;234-521-1
"Permanganate d'ammonium";13446-10-1;
"Polyacrylate d'ammonium";9003-03-6;
"Sulfite d'ammonium";10196-04-0;233-484-9
"Sulfite d'ammonium monohydraté";7783-11-1;
"Tartrate d'Ammonium";14307-43-8;238-245-2
"Tartrate d'ammonnium";3164-29-2;221-618-9
"Tungstate d'ammonium";11120-25-5;234-364-9
"Vanadate d'ammonium";7803-55-6;232-261-3
"Bromure de tétraéthylammonium";71-91-0;200-769-4
"Bromure de tétraméthylammonium";64-20-0;
1-Pentylamine;110-58-7;203-780-2
"4,8-Diamino-1,5-dihydroxy-9,10-dioxo-9,10-dihydro-2,6-anthracènedisulfonate de disodium";2861-02-1;220-678-3
"Hydroxyde d'antimoine";39349-74-1;
"Pentasulfure d'antimoine";1315-04-4;215-255-5
"Tartrate de potassium et d'antimoine";28300-74-5;608-190-2
"Antimycin A";1397-94-0;634-284-8
"Antioxidant G-16";61373-87-3;
"acide nitrique;trichlorhydrate";8007-56-5;
Ascarite;81133-20-2;
Ascaridole;512-85-6;
"Homopolymère d'aziridine";9002-98-6;
"Sulfonate de diphénylamine de baryum";6211-24-1;
"Hydrogénophosphate de baryum";10048-98-3;233-159-1
"Hydroxyde de baryum octahydraté";12230-71-6;602-490-7
"Métaborate de baryum";13701-59-2;237-222-4
"Nitrite de baryum";13465-94-6;236-709-9
"Permanganate de baryum";7787-36-2;
"Phosphate de barium";13466-20-1;236-715-1
"Stéarate de baryum";6865-35-6;
Benzamide;55-21-0;
"Benzénamine, sulfate (2:1)";542-16-5;
Benzène-d6;1076-43-3;214-061-8
"Chlorure d'acide benzènesulfonique";98-09-9;202-636-6
"Acide benzènesulfonique, 4-chloro";98-66-8;202-690-0
"Acide 5-chloro-2-hydroxybenzènesulfonique";2051-65-2;
4,11,17,20,25,28-Hexaoxa-1,14-diazatricyclo[12.8.8.05,10]triaconta-5,7,9-triène;31250-18-7;250-532-4
"Oxime de benjoin";441-38-3;
Benzothiazole;95-16-9;202-396-2
Phénylacétonitrile;140-29-4;205-410-5
"Chlorure de N-benzyl N,N-diméthyl N-octadécyl ammonium";122-19-0;204-527-9
"Chlorure de benzylmagnésium";6921-34-2;230-039-0
(1S,2R,4R,5R,6E)-5-Chloro-6-{[(méthylcarbamoyl)oxy]imino}bicyclo[2.2.1]heptane-2-carbonitrile;15271-41-7;
Diépoxybutane;1464-53-5;215-979-1
4-Biphénylol;92-69-3;202-179-2
"Phénylphénate de sodium (ortho-)";132-27-4;205-055-6
1,4-Diisopropylbenzène;100-18-5;202-826-9
"Éther dibutylique du diéthylène glycol";112-73-2;204-001-9
"Bis(2-chloréthylthioéthyl) éther";63918-89-8;
"Bis(2-chloroethoxy)éthane, 1,2-";112-26-5;203-952-7
"Bis(2-chloroéthylthio)éthane, 1,2-";3563-36-8;
Bis(2-chloroéthylthio)méthane;63869-13-6;
1,4-Bis[(2-chloroéthyl)sulfanyl]butane;142868-93-7;
1,5-Bis[(2-chloroéthyl)sulfanyl]pentane;142868-94-8;
"Bis(2-chloroéhylthio)-n-propane, 1,3-";63905-10-2;
Bis(2-chloroéthylthiométhyl)éther;63918-90-1;
"Phosphate de bis(2-éthylhexyle) et de phényle";16368-97-1;240-424-5
"Diéthanolamine de l'acide laurique";120-40-1;204-393-1
"Bis(2-méthylstyryl)benzène, 4-";13280-61-0;236-285-5
"Sulfure de bis(3-tert-butyl-4-hydroxy-6-méthylphényl)";96-69-5;202-525-2
Bis(chlorométhyl)cétone;534-07-6;208-585-6
3,3-Bis(chlorométhyl)oxétane;78-71-7;
3,6-Bis(diméthylamino)acridine;494-38-2;
1,3-Bis(trifluorométhyl)benzène;402-31-3;206-939-4
1,3-Bis(tris(hydroxyméthyl)méthylamino)propane;64431-96-5;
"Pimélate de bis[(benzo-15-couronne-5)-15-ylméthyl]";69271-98-3;
"Bisbuténylène tétrahydrofurfural";126-15-8;204-773-7
Bismuth;7440-69-9;231-177-4
"Acétate de bismuth";22306-37-2;244-904-5
"Germanate bismuth";12233-73-7;235-458-2
"Hydroxyde de bismuth";10361-43-0;233-790-2
"Iodure de bismuth";7787-64-6;
"Nitrate de bismuth";10361-44-1;233-791-8
"Trioxyde de bismuth";1304-76-3;215-134-7
"Oxychlorure de bismuth";7787-59-9;232-122-7
"Nitrate  de bismuth pentahydraté";10035-06-0;600-076-0
Bitoscanate;4044-65-9;
"Borane diméthylsulfure";13292-87-0;236-313-6
"Borane - tétrahydrofurane (1:1)";14044-65-6;237-881-8
Borate;14213-97-9;
"Borate de tri-n-butyle";688-74-4;211-706-5
"Carbure de bore";12069-32-8;235-111-5
"Trifluorure de bore dihydraté";13319-75-0;603-716-7
"Éthoxyéthane - trifluoroborane (1:1)";109-63-7;203-689-8
"Trifluorure de bore-éther diméthylique";353-42-4;206-532-1
"Toxine botulique-A";93384-43-1;
"Toxine botulique-B";93384-44-2;
"Toxine botulique F";107231-15-2;
1-Dodécanol;9002-92-0;500-002-6
Érioglaucine;2650-18-2;220-168-0
3-Bromo-1-chloro-5,5-diméthyl-2,4-imidazolidinedione;126-06-7;204-766-9
"Bromo-2-chloro-1,1,2-trifluoroéthane, 1-";354-06-3;
1-Bromo-3-chloro-5,5-diméthyl-2,4-imidazolidinedione;16079-88-2;240-230-0
1-Bromo-3-méthylbutane;107-82-4;203-522-9
2-Bromo-1,1-diéthoxyéthane;2032-35-1;217-989-1
1-Bromo-3-méthoxybenzène;2398-37-0;219-264-5
1-Bromo-3-chlorobenzène;108-37-2;203-575-8
1-Bromo-4-chlorobenzène;106-39-8;203-392-3
(1S,2R)-2-Bromocyclohexanol;16536-57-5;
1-Bromodécane;112-29-8;203-955-3
1-Bromododécane;143-15-7;205-587-9
2-Bromoéthanol;540-51-2;208-748-1
Bromoéthylmagnésium;925-90-6;213-127-3
"Bromo-1 hexane";111-25-1;203-850-2
2-Bromomesitylène;576-83-0;
"Bromomethyl-1,3-dioxolane, 2-";4360-63-8;
Bromonaphthalène;90-11-9;201-965-2
Bromonitrométhane;563-70-2;
"Bromure d'octyle normal";111-83-1;203-912-9
1-Bromopyrène;1714-29-0;626-844-5
N-Bromosuccinimide;128-08-5;204-877-2
"Bleu de bromothymol";76-59-5;
Bromotrifluoroéthylène;598-73-2;
Bromo(triméthyl)silane;2857-97-8;220-672-0
"Bromure de tétrabutylammonium";1643-19-2;216-699-2
"1,4-Dinitrate de butanediol";3457-91-8;
"Acide butanephosphonique";3321-64-0;
"Butyrate de butyle";109-21-7;203-656-8
"Butanol, sel d'aluminium 2-";2269-22-9;218-871-2
1-Butanol-d10;34193-38-9;
"Thiocyanate de 2-(2-butoxyéthoxy)éthyle";112-56-1;203-985-7
"Butoxypolypropylène glycol";9003-13-8;500-003-1
"Chlorure de 3,3-diméthylbutyryle";1694-31-1;216-904-5
"Bromo-1 butane";109-65-9;203-691-9
"Isocyanate de tert-butyle";1609-86-5;216-544-9
"Lévulinate de butyle";2052-15-5;218-143-4
"Butyllithium normal";109-72-8;203-698-7
2-Méthyl-2-[(2H3)méthyloxy]propane;29366-08-3;686-114-7
"Butyl-2-méthylcyclopropane, T-1-";38851-70-6;
Butylcyclohexane;1678-93-9;216-837-1
p-tert-Butylcyclohexanone;98-53-3;202-678-5
"Carbonate de butylène";4437-85-8;403-780-4
sec-Butyllithium;598-30-1;209-927-7
4-tert-Butylcatéchol;98-29-3;202-653-9
"Butyrate de sodium";156-54-7;205-857-6
"Versamid 125";68410-23-1;614-452-7
"Tétrahydrate de cadmium";10022-68-1;233-710-6
"Dichlorure de calcium dihydraté";10035-04-8;600-075-5
"Chlorure de calcium hexahydraté";7774-34-7;
"Chlorure de calcium, hydrate (2:1:1)";22691-02-7;607-129-7
"Calcium hydride";7789-78-8;232-189-2
"Phosphate d'hydroxyde de calcium";12167-74-7;235-330-6
"Calcium métasilicate";10101-39-0;233-250-6
"Monohydrogénophosphate de calcium dihydraté";7789-77-7;
"Dinitrite de calcium";13780-06-8;237-424-2
"Oxalate de calcium";563-72-4;
"Oxalate de calcium, monohydraté";5794-28-5;
"Phosphate de calcium";10103-46-5;231-840-8
"Sulfure de Calcium";20548-54-3;243-873-5
"Trifluorométhanesulfonate de calcium";55120-75-7;
"Nitrate de Calcium";13477-34-4;603-865-8
"Acide camphorsulfonique, (1R)-(-)-10-";35963-20-3;252-817-9
Cantharidine;56-25-7;
"Chlorure d'octanoyle";111-64-8;203-891-6
CAPSO;73463-39-5;
"Chlorure de carbachol";51-83-2;
Tirpate;26419-73-8;
"Carbéthoxyéthylidine (triphénylphosphorane)";5717-37-3;
5,5'-Carbonylbis(2-benzofurane-1,3-dione);2421-28-5;219-348-1
"Nitrate de ammonium et de cérium(4+) (6:2:1)";16774-21-3;240-827-6
"Sulfate cérique d'ammonium";7637-03-8;
"Acétate de cérium";537-00-8;208-654-0
"Chlorure de cérium";7790-86-5;232-227-8
"Fluorure de cérium";7758-88-5;231-841-3
"Trihydroxyde de cérium";15785-09-8;239-881-3
"Nitrate de cérium hexahydrate";10294-41-4;600-370-9
"Oxalate de cérium(3+) (3:2)";139-42-4;205-362-5
"Sulfate cérique";13590-82-4;237-029-5
"Trioxyde de Cérium";1345-13-7;215-718-1
"Trisulfate de dicérium";13454-94-9;236-644-6
"Cerium(IV) hydroxide";12014-56-1;234-599-7
"Nitrate de cérium(IV)";13093-17-9;236-007-2
"Nitrate de Cérium(III)";10108-73-3;233-297-2
"Carbonate de césium";534-17-8;208-591-9
"Chlorure de césium";7647-17-8;231-600-2
"Fluorure de césium";13400-13-0;236-487-3
"Métaborate de césium";92141-86-1;
"Nitrate de césium";7789-18-6;232-146-8
"Nitrate de césium";13454-83-6;
"Oxyde de dicésium";20281-00-9;243-679-0
Chloramphénicol;56-75-7;200-287-4
"Polyoléfines chlorées";68410-99-1;
Chlorhydrine;96-24-2;202-492-4
4-Chloro-1-butanol;928-51-8;
4-Chloro-2-nitrophénol;89-64-5;201-927-5
2-Chloro-4-nitrophénol;619-08-9;210-578-8
"Chloroacétaldéhyde diméthyl acétal";97-97-2;202-624-0
2-Chlorobenzotrifluoride;88-16-4;
"4-Chlorobutyryl chloride";4635-59-0;225-059-1
trans-2-Chlorocyclohexanol;6628-80-4;
Chlorocyclohexène;930-65-4;
"Chlorodécane, 1-";1002-69-3;213-691-0
Chlorodiéthylaluminum;96-10-6;202-477-2
"Chlorure de 2-chloroéthanesulfonyle";1622-32-8;216-594-1
"Chloroéthyl chloroformate";627-11-2;210-982-4
"2-Chloroéthyl phényl sulfide";5535-49-9;
1-Chloro-2-[(chlorométhyl)sulfanyl]éthane;2625-76-5;
Chloroforme-d;865-49-6;212-742-4
"3-Acide chloroperoxybenzoïque";937-14-4;213-322-3
"2-Chlorophényl thiourée";5344-82-1;
"Mélange chloropicrine/bromure de méthyle";8004-09-9;
3-Chloropropanol;627-30-5;210-992-9
3-Chloropropionitrile;542-76-7;
2-Chloropropylène;557-98-2;
3-Chloropropyl-n-octylsulfoxide;3569-57-1;
"Méthylphosphonochloridate d'isopropyle";1445-76-7;
Chlorosoman;7040-57-5;
"Chlorotrifluoroéthène, homopolymère";9002-83-9;
Chlorthiophos;21923-23-9;244-663-6
"Toxine cholérique";9012-63-9;
Chromate;13907-45-4;
"Triacétate de chrome (III)";1066-30-4;213-909-4
"Sulfate chromique";10101-53-8;233-253-2
"Dioxo(dioxydo)chrome de fer(2+)";1308-31-2;215-159-3
"Nitrate de chrome";10103-47-6;
"Perchlorate de chrome(3+), hydrate (3:1:3)";13537-21-8;236-905-4
"Hydroxyde d'acétate de chrome(III)";39430-51-8;254-447-3
"Fluorure de chrome(III)";7788-97-8;232-137-9
"Trinitrate de chrome(III)";13548-38-4;236-921-1
Hydroxy(oxo)chrome;20770-05-2;244-018-9
"Sulfate de chrome(III)potassium (1:1:2), dodécahydraté";7788-99-0;
"Dihydroxyde de chrome(2+)";12626-43-6;235-725-3
"Hydrocarbonyle de Cobalt";16842-03-8;
"Nitrite de cobalt";32486-57-0;
"Cobalt tetraphenylporphine";14172-90-8;238-018-8
"Chlorure de cobalt(II) hexahydraté";7791-13-1;
"Diperchlorate de cobalt(2+)";13478-33-6;629-574-6
"Sulfate de cobalt(II) hydraté";60459-08-7;
Fluomine;62207-76-5;
"Bromure de cobalt(II)";7789-43-7;232-166-7
Colchicine;64-86-8;200-598-5
Glycyl-L-cystéinyl-L-cystéinyl-L-séryl-L-α-aspartyl-L-prolyl-N5-(diaminométhylène)-L-ornithyl-L-cystéinyl-L-alanyl-L-tryptophyl-N5-(diaminométhylène)-L-ornithyl-L-cystéinamide;156467-85-5;689-006-8
"Sulfure de cuivre (I)";22205-45-4;244-842-9
"Acétate de cuivre(II) monohydraté";6046-93-1;
"Dichlorure de cuivre dihydraté";10125-13-0;600-176-4
"Oxalate de cuivre(II)";814-91-5;
"Diperchlorate de cuivre";17031-32-2;
"Sulfure de cuivre (II)";1317-40-4;215-271-2
"Crésyl violet acétate";10510-54-0;
1-(4-sec-Butylphénoxy)-3-(2,2,3,3-tétrafluoropropoxy)-2-propanol;308362-88-1;
"Méthylcarbamate de 3-(1-méthyléthyl)phénol";64-00-6;
"Dinitrate de cuivre";19004-19-4;606-197-5
"Nitrite de cuivre(1+)";14984-71-5;239-068-3
"Acide cyanique";420-05-3;
Cyanoacétamide;107-91-5;203-531-8
Cyanophos;2636-26-2;220-130-3
"Fluorure cyanurique";675-14-9;
"Acide cyclohexanediamine-1,2 tétraacétique (trans-)";13291-61-7;236-308-9
1,2-Cyclohexanediamine;694-83-7;211-776-7
"Hydrogénométhylphosphonate de cyclohexyle";1932-60-1;631-573-0
"Acide 3-(cyclohexylamino)-1-propanesulfonique";1135-40-6;214-492-1
2-Cyclohexyléthanol;4442-79-9;224-672-1
1,5-Cyclooctadiène;111-78-4;203-907-1
Cyclooctane;292-64-8;206-031-8
1,3,5,7-Cyclooctatétraène;629-20-9;
cis-Cyclooctène;931-87-3;213-243-4
Cyclopropane;75-19-4;
Cyclotol;8065-53-0;
"Cytidine monophosphate";63-37-6;200-556-6
"Carbonate d'aluminium et de sodium (2:1:1)";12011-76-6;
"Décafluoro-1,1,1,2,3,4,4,5,5,5 pentane";138495-42-8;420-640-8
Décanal;112-31-2;203-957-4
Décahydronaphthalène-cis;493-01-6;
Décahydronaphthalène-trans;493-02-7;
"Décène, 1-, homopolymère, hydrogéné";68037-01-4;500-183-1
Deuterium;7782-39-0;231-952-7
"Chlorure de deutérium";7698-05-7;
"Di(éthylène glycol) diacrylate";4074-88-8;
"Diacétate de dibutylétain";1067-33-0;213-928-8
Diacétoxyscirpénol;2270-40-8;218-873-3
"Péroxyde de diacétyle";110-22-5;203-748-8
"Diallyldiméthylammonium chloride";7398-69-8;230-993-8
"Polymère de chlorure de diallyldiméthylammonium";26062-79-3;607-855-4
"Diamino-6-(2'-méthylimidazol-1-yl)éthyl-s-triazine, 2,4-";38668-46-1;254-074-6
Diaminodiphénylsulfone;80-08-0;201-248-4
3,3-Diaminodipropylamine;56-18-8;200-261-2
2,6-Pyridinediamine;141-86-6;205-507-2
"Dimolybdate d'ammonium anhydre";27546-07-2;248-517-2
Diamant;7782-40-3;231-953-2
"Chlorhydrate de dianisidine";20325-40-0;243-737-5
"Diazabicyclo(5.4.0)undec-7-ene, 1,8-";6674-22-2;229-713-7
"Acide diazoacétique, ester éthylique";623-73-4;
Oxanthrène;262-12-4;205-974-2
2,6-Dibromo-4-nitrophénol;99-28-5;
1,6-Dibromohexane;629-03-8;211-067-2
2,6-Dibromophénol;608-33-3;
"Dibromo-1,2 tétrafluoro-1,1,2,2 éthane";124-73-2;204-711-9
"Dibutyl butylphosphonate";78-46-6;
"Phosphonate de dibutyle";1809-19-4;217-316-1
"Dibutylboron triflate";60669-69-4;
N,N'-Dibutylhexaméthylènediamine;4835-11-4;
Éthiénocarbe;58270-08-9;
Chloroflurazole;3615-21-2;
Dichloroamine;3400-09-7;
1,1-Dichlorocyclohexane;2108-92-1;
trans-1,2-Dichlorocyclohexane;822-86-6;
"Acétate de 1,2-Dichloroéthanol";10140-87-1;233-398-1
Dichloroéthylaluminum;563-43-9;209-248-6
Dichloroéthylbenzène;1331-29-9;
1,2-Dichlorohexane;2162-92-7;
Dichloro(2H2)méthane;1665-00-5;216-776-0
Dichloro(méthyl)phénylsilane;149-74-6;205-746-2
Dichlorométhylphosphine;676-83-5;211-631-8
1,8-Dichlorooctane;2162-99-4;218-490-1
1,2-Dichloropropène;563-54-2;
"Dichloropropène, 1,2-(cis- isomère)";6923-20-2;
1,2-Dichloro-1,1,2,2-tétrafluoroéthane;1320-37-2;215-300-9
Icosahydrodibenzo[b,k][1,4,7,10,13,16]hexaoxacyclooctadécine;16069-36-6;240-216-4
Cyclohexylcyclohexane;92-51-3;
Dicyclohexylcarbodiimide;538-75-0;208-704-1
"Chlorure de didécyldiméthylammonium";7173-51-5;230-525-2
"Carburants diesel";68334-30-5;269-822-7
"carburant n° 4";68476-31-3;270-673-5
"Mazout résiduel";68476-33-5;270-675-6
"Résine DiethDowex 50-X8";69011-20-7;
Diéthoxydiméthylsilane;78-62-6;201-127-6
"[(Méthylsulfanyl)méthyl]phosphonate de diéthyle";28460-01-7;628-299-9
"Diéthyl chlorophosphate";814-49-3;212-396-4
"Diéthyl éthylphosphonate";78-38-6;201-111-9
"Diéthyl mercure";627-44-1;
"Diéthyl méthylphosphonate";683-08-9;
"Diéthyl oxalate";95-92-1;202-464-1
"Diéthyl phosphite";762-04-9;212-091-6
"Pyrocarbonate de diéthyle";1609-47-8;216-542-8
"Diéthyl tartrate";87-91-2;201-783-3
"Diéthyl télluride";627-54-3;
"Diéthyl trichlorométhylphosphonate";866-23-9;
1-(Diéthylamino)acétone;1620-14-0;216-583-1
Diéthylaminopropylamine;104-78-9;203-236-4
1,3-Diéthylbenzène;141-93-5;205-511-4
1,2-Diéthylbenzène;135-01-3;205-170-1
"Diéthylène glycol di(3-aminopropyl) éther";4246-51-9;224-207-2
"Diéthylène glycol diacétate";628-68-2;211-049-4
"Acide diéthylènetriaminepentaacétique";67-43-6;200-652-8
m-Divinylbenzène;108-57-6;203-595-7
"Diéthylphosphatoéthyltriéthoxy silane";757-44-8;
"Diéthyle thiourée";105-55-5;203-308-5
1,3-Diéthylurée;623-76-7;
"Diéthyle de zinc";557-20-0;209-161-3
Digitoxine;71-63-6;
Digoxine;20830-75-5;244-068-1
"Dihéxyl-N,N-diéthylcarbamoylméthyl phosphonate";7369-66-6;
Dihydropyranne;110-87-2;203-810-4
3-[(2E)-2-Nonén-1-yl]dihydro-2,5-furanedione;28928-97-4;249-317-8
"2,3-Dihydro-4-méthyl furane";34314-83-5;
(2E)-2-Butène-1,4-diol;110-64-5;203-787-0
1,8-Dihydroxy-9,10-anthraquinone;117-10-2;204-173-5
"2,4-Dihydroxybenzoic acide";89-86-1;201-946-9
"Acide dihydroxynaphtalène-2,7-disulfonique, sel disodique dihydraté, 4,5-";5808-22-0;
Diiodométhane;75-11-6;200-841-5
Diisoamylamine;544-00-3;
"Hydrure de diisobutylaluminium";1191-15-7;214-729-9
"Phosphate acide de diisooctyle";27215-10-7;248-334-8
"Diisopropylamino)éthyl chloride hydrochloride, 2-(-";4261-68-1;224-238-1
"Diisopropylaminoéthanol, 2-";96-80-0;202-536-2
2,6-Diisopropylaniline;24544-04-5;246-305-4
1,3-Diisopropylbenzène;99-62-7;202-773-1
N,N-Diisopropyléthylamine;7087-68-5;230-392-0
Diisopropylfluorophosphate;55-91-4;
Dimefox;115-26-4;204-076-8
1,3-Diméthoxybenzène;151-10-0;205-783-4
o-Diméthoxybenzene;91-16-7;202-045-3
"Diméthoxybutane, 1,3-";10143-66-5;
2,2-Diméthoxybutane,;3453-99-4;
Diméthoxydiphénylsilane;6843-66-9;229-929-1
2,2-Diméthoxypropane,;77-76-9;201-056-0
"Chlorure de diméthylcarbamoyle";79-44-7;201-208-6
1,3-Diméthylcyclopentanol;19550-46-0;
"Diméthyl méthylphosphonate";756-79-6;212-052-3
"Diméthyl sulfone";67-71-0;200-665-9
Diméthyl(1-phényléthyl)benzène;40766-31-2;
Diméthyl(polysiloxane);70131-67-8;
N,N-Diméthyl-1-butanamine,;927-62-8;213-156-1
1,2-Diméthyl-3-nitrobenzène,;83-41-0;201-474-3
2,4-Diméthyl-3-pentanone,;565-80-0;209-294-7
"Diméthyl-5-phénylphenazinium chloride, 3,7-diamino-2,8-";477-73-6;
N,N-Diméthylacrylamide;2680-03-7;220-237-5
"Méthyl orange, sel de sodium";547-58-0;
"para Diméthylaminobenzaldéhyde";100-10-7;202-819-0
"Chlorhydrate de chlorure de 2-diméthylaminoéthyle,";4584-46-7;224-970-1
"Diméthylammonium N,N-diméthylcarbamate";4137-10-4;
"2,2-Diméthylbutyric acid,";595-37-9;209-865-0
cis-1,4-Diméthylcyclohexane,;624-29-3;
2,2-Diméthyldécane;17302-37-3;
Diméthyldicyclopentadiene;26472-00-4;247-724-5
Diméthoxy(diméthyl)silane;1112-39-6;214-189-4
"Diméthylheptane, 2,2-";1071-26-7;213-989-0
3,3-Diméthylhexane;563-16-6;
1,2-Diméthyl-1H-imidazole;1739-84-0;217-101-2
4,5-Diméthylnonane;17302-23-7;
3,5-Diméthyloctane;15869-93-9;679-705-6
Diméthylpolysilane;28883-63-8;
N,N-Diméthyl-p-phénylènediamine,;99-98-9;
2,4-Diméthylpyridine;108-47-4;203-586-8
1,1,3,3-Tétraméthoxy-1,3-diméthyldisiloxane;18186-97-5;242-072-8
2,3-Dinitrophénol;66-56-8;
2,6-Dinitrophénol;573-56-8;
4-Amino-3,5-dinitrotoluène;6393-42-6;
1,4-Dinitrosopipérazine;140-79-4;205-434-6
1,3-Dioxolane,;646-06-0;211-463-5
"Dipentyl pentylphosphonate";6418-56-0;
"Phosphorochloridate de diphényle";2524-64-3;219-759-6
"Diphényl mercure";587-85-9;
2,5-Diphényloxazole,;92-71-7;202-181-3
"Acide dipicolinique";499-83-2;207-894-3
"Phosphate de disodium et de 2-éthylhexyle";15505-13-2;239-535-1
"Disodium 3,6-endoxohexahydrophthalate";129-67-9;204-959-8
"Butylphosphate disodique";64114-42-7;
"Éthylènediaminediacétate disodique (isomères S et U)";38011-25-5;
"Iminodiacétate disodique";928-72-3;
"Distillats naphténiques lourds (pétrole) hydrotraités";64742-52-5;265-155-0
"Dicarbonate de di-tert-butyle";24424-99-5;246-240-1
2,5-Di-tert-butylhydroquinone,;88-58-4;201-841-8
"Iodure de dithiazanine";514-73-8;
Dithiobiuret;541-53-7;
2,2'-Disulfanediyldiéthanol;1892-29-1;217-576-6
1,4-Dithioerythritol,;6892-68-8;
"Diuréthane diméthacrylate";72869-86-4;276-957-5
3-(2-Dodécén-1-yl)dihydro-2,5-furanedione;19780-11-1;243-296-9
"Anhydride tétrapropényl succinique";26544-38-7;247-781-6
"Sel de sodium de N-Lauryl sarcosine";7631-98-3;
"Dv méthyl ester";61898-95-1;
Dysprosium;7429-91-6;231-073-9
"Dysprosium - nickel (1:2)";12175-27-8;235-341-6
"Nitrate de dysprosium";10143-38-1;233-410-5
"Oxyde de dysprosium";1308-87-8;215-164-0
Epibatidine;140111-52-0;634-286-9
Épibromhydrine;3132-64-7;221-525-3
"Résine d'épichlorhydrine et de diphénol A";25068-38-6;500-033-5
"Résine époxy";30583-72-3;500-070-7
"Copolymère de bis -4,4' isopropylidène phénol avec le 2,2-bis(para(époxypropoxy-2)phényl)propane";25036-25-3;682-390-8
"2,2'-Oxydiéthanol - 2-(chlorométhyl)oxirane (1:1)";25928-94-3;
"Nitrate d'Erbium pentahydrate";10031-51-3;629-629-4
"Nitrate d'erbium(III)";10168-80-6;233-436-7
"Nitrate d'erbium hexahydrate";13476-05-6;
"Oxyde d'erbium(III)";12061-16-4;235-045-7
"Ergotamine tartrate";379-79-3;
Estane;61789-63-7;
Tétraéthylammoniumiodide;68-05-3;200-676-9
"Acide éthanedioïque, ester diméthylique";553-90-2;209-053-6
1,2-éthanedithiol,;540-63-6;
Bibenzyl;103-29-7;203-096-4
"Éthylène diamine tétraacétate dipotassique";2001-94-7;217-895-0
1,2-Diphénoxyéthane;104-66-5;203-224-9
"Ethanethiol, 2-(Diisopropylamino)-";5842-07-9;
"Éthoxyde de titane";3087-36-3;221-410-8
"Triacétate d'éthénylsilanetriol";4130-08-9;223-943-1
"Méthacrylate de 2-éthoxyéthyle";2370-63-0;219-135-3
"Alcools éthoxylés, C16-18";68439-49-6;939-518-5
"Alcools éthoxylés, C7-C21";68991-48-0;
"Alcool éthylique-d";925-93-9;
"Benzoate d'éthyle";93-89-0;202-284-3
Chloro(éthyl)mercure;107-27-7;
"Hydrogénométhylphosphonate d'éthyle";1832-53-7;624-251-6
"Nitrite d'éthyle";109-95-5;203-722-6
"O-éthyl O-2-diisopropylaminoéthylméthylphosphonite";57856-11-8;
"Propionate d'éthyle";105-37-3;203-291-4
2-Éthyl-1,3-Hexanediol;94-96-2;202-377-9
3-Éthyl-2-méthylheptane;14676-29-0;
6-Éthyl-2-Méthyloctane;62016-19-7;
2-Éthyl-4,5-dihydro-1,3-oxazole;10431-98-8;233-912-4
3-Éthyl-5-Methylheptane;52896-90-9;
"Mebane sel de sodium";16550-39-3;
2-Éthylbenzaldéhyde;22927-13-5;
2-Fluoroéthanol;371-62-0;
"Diacétate d'éthylène glycol";111-55-7;203-881-1
"Éther mono-sec-butylique d'éthylène glycol";7795-91-7;
"Copolymère d'acétate de vinyle et d'éthylène";24937-78-8;429-840-1
"Dichlorhydrate d'éthylènediamine";333-18-6;
"Acide éthylènediaminetétraacétique, sel disodique, dihydraté";6381-92-6;
"Sel tétrasodique d'EDTA dihydraté ";10378-23-1;600-485-4
"N,N,N',N'-Tétra(hydroxy-2 propyl)éthylènediamine";102-60-3;203-041-4
4-Éthylheptane;2216-32-2;679-926-8
3-(Bromométhyl)heptane;18908-66-2;242-659-9
2-(2-Éthylhexyloxy)éthanol;1559-35-9;216-323-7
Chloro(éthyl)magnésium;2386-64-3;219-206-9
Éthylthiocyanate;542-90-5;
p-Éthyltoluène;622-96-8;
Europium;7440-53-1;
"Trinitrate d'europium";10138-01-9;233-380-3
"Oxyde d'europium";1308-96-9;215-165-6
"Diiodure d'europium(2+)";22015-35-6;244-721-0
Farnésol;4602-84-0;225-004-1
"Acides gras, tallol, polymères avec le glycérol, le pentaérythritol et l'anhydride phtalique";66070-62-0;
"Sulfate d'ammonium ferrique dodécahydraté";7783-83-7;
"Sulfate d'ammonium ferrique";10138-04-2;233-382-4
"Fluorure ferrique";7783-50-8;
"Hydroxyde ferrique";1309-33-7;215-166-1
"Nitrate de fer III anhydre";10421-48-4;233-899-5
"Nitrate ferrique nonahydraté";7782-61-8;
"Sulfate d'ammonium ferreux";10045-89-3;233-151-8
"Carbonate ferreux";563-71-3;
"Disulfure de fer";12068-85-8;
"Dihydroxyde de fer(2+)";18624-44-7;242-456-5
"Oxalate ferreux";516-03-0;208-217-4
"Sulphamate de fer";14017-39-1;237-833-6
Fluénétil;4301-50-2;
1-Fluoro-2-nitrobenzène;1493-27-2;216-088-0
2-Fluoro-4-nitrophénol;403-19-0;
2-Fluoro-6-nitrophénol;1526-17-6;216-199-4
"Chlorure de fluoroacétyle";359-06-8;
p-Fluoroaniline,;371-40-4;206-735-5
Fluorotriméthylsilane;420-56-4;
Fluorouracile;51-21-8;200-085-6
"Formiate d'allyle";1838-59-1;217-413-9
Formparanate;17702-57-7;
1-Pipéridinecarbaldéhyde;2591-86-8;219-986-0
Fosthietan;21548-32-3;244-437-7
"Acide fulminique";506-85-4;
"Furoate d'éthyle";614-99-3;
"Fusariotoxine T2";21259-20-1;244-297-7
"Trichlorure de gadolinium hexahydrate";13450-84-5;629-621-0
"Hydroxyde de gadolinium";16469-18-4;240-516-5
"Nitrate de gadolinium (III)";10168-81-7;233-437-2
"Oxyde de gadolinium(III)";12064-62-9;235-060-9
"Acide gallique monohydraté";5995-86-8;
"Oxide de gallium";12024-21-4;234-691-7
"Chlorure de gallium (III)";13450-90-3;236-610-0
"Trifluorure de gallium";7783-51-9;
"Dioxyde de germanium";1310-53-8;215-180-8
"Tétrafluorure de germanium";7783-58-6;
"Tache de sang";51811-82-6;
"Carbonate de glycérine";931-40-8;213-235-0
"Monostéarate de glycéryle";31566-31-1;250-705-4
"Acrylate de 2-oxiranylméthyle";106-90-1;203-440-3
"Carbonate de glycol";96-49-1;202-510-0
"Éther diméthylique de polyéthylène glycol";24991-55-7;607-475-9
Glycolurile;496-46-8;207-821-5
Or;7440-57-5;231-165-9
"Dioxyde d'hafnium";12055-23-1;235-013-2
"Hansa yellow";13515-40-7;236-852-7
"Acide heptafluorobutyrique";375-22-4;
Perfluoro-2-butyltétrahydrofurane;335-36-4;
1-Heptene;592-76-7;209-767-8
"Monooxyde de carbone - chrome (6:1)";13007-92-6;235-852-4
Hexachloroacétone;116-16-5;204-129-5
1,1,2,3,3,3-Hexachloro-1-propène;1888-71-7;217-560-9
1-Hexadécanamine;143-27-1;205-596-8
"Chlorure de cétrimonium";112-02-7;203-928-6
1,1,1,3,3,3-Hexafluoro-2-Propanol;920-66-1;213-059-4
Hexafluorobenzène;392-56-3;
Hexafluorobutyne-2;692-50-2;
Hexafluoroéthane;76-16-4;200-939-8
"Polymère hexafluoropropylène-fluorure de vinylidène (Viton)";9011-17-0;
"Homopolymère d'hexaméthylène de diisocyanate-1,6";28182-81-2;931-274-8
Azépane;111-49-9;203-875-9
"Chlorhydrate d'hexaméthylènetétraamine";58713-21-6;
Squalane;111-01-3;203-825-6
Hexanale;66-25-1;200-624-5
Hexanenitrile;628-73-9;
"Éthyl propyl cétone";589-38-8;
"Chlorure d'hexanoyle";142-61-0;205-549-1
Hexaphénylcyclotrisiloxane;512-63-0;
2,3,3,3-tétrafluoropropène;754-12-1;468-710-7
(1E)-1,3,3,3-Tétrafluoro-1-propène;29118-24-9;810-135-4
Holmium;7440-60-0;
"Oxyde d'holmium";12055-62-8;
"Chlorhydrate d'hydrazine";2644-70-4;220-154-4
"Hydrazine nitrate (1:1)";13464-97-6;236-690-7
"Hydrazine, dichlorhydrate";5341-61-7;226-283-2
"Hydrogénophtalate de potassium";877-24-7;212-889-4
"Acide 2-méthyllactique";594-61-6;209-848-8
"Hydroxy-4'-hydroxyéthoxy-2-méthylpropiophénone, 2-";106797-53-9;402-670-3
"Calcium hydroxyapatite";1306-06-5;215-145-7
"Acide 4-hydroxyphénylsulfonique";98-67-9;202-691-6
"1-hydroxybenzotriazole, monohydraté";2592-95-2;219-989-7
"Acide 4-(2-hydroxyéthyl)-1-pipérazineéthanesulfonique,";7365-45-9;230-907-9
N-{2-[Bis(carboxyméthyl)amino]éthyl}-N-(2-hydroxyéthyl)glycine;150-39-0;205-759-3
"Hydroxylamine nitrate (1:1)";13465-08-2;236-691-2
"Formaldéhyde hydrosulfite";149-44-0;205-739-4
N-Hydroxy-N-phénylbenzamide;304-88-1;206-158-9
2-(2-Hydroxyphényl)benzothiazole,;3411-95-8;
"Acide alpha-hydroxyphénylacétique";90-64-2;202-007-6
"8-Quinoléinol sulfate (1:1)";134-31-6;205-137-1
"Acide hypophosphoreux-d3";57583-56-9;
"Acide phosphonique";6303-21-5;228-601-5
"Chlorhydrate d'imidazole";1467-16-9;604-535-6
"Acide 2,2'-iminodiacétique";142-73-4;205-555-4
"Iminodiacétate de sodium dibasique monohydraté";17593-73-6;681-596-5
"Carmin indigo";860-22-0;212-728-8
"Oxyde d'indium (vapeur)";12030-22-7;
"Sulfate d'indium";13464-82-9;236-689-1
"Oxyde d'indium";1312-43-2;215-193-9
1H-indole-3-carboxaldéhyde;487-89-8;
"Iodine 125";17144-19-3;
Iodobenzène;591-50-4;
"Iodure d'heptafluoropropyle";754-34-7;
1-Iodopentane;628-17-1;
"Acide iotalamique";2276-90-6;218-897-4
Iridium;7439-88-5;231-095-9
"Carbure de fer";12011-67-5;234-566-7
"Oxyde d'hydroxyde de fer";20344-49-4;243-746-4
"Sulfure ferreux";1317-37-9;215-268-6
"Dichlorure de fer tétrahydraté";13478-10-9;603-870-5
"Perchlorate de fer(II) hexahydraté";13520-69-9;
"Oxyde de fer noir";1317-61-9;215-277-5
"Perchlorate ferrique";13537-24-1;236-908-0
"Sulfate de fer(III) heptahydraté";35139-28-7;
"Méthacrylate de 2-isocyanatoéthyle";30674-80-7;250-284-7
"Acide isocyanique";75-13-8;
"Isocyanate de 3,4-Dichlorophényl";102-36-3;203-026-2
"Nitrate d'isopropyle";1712-64-7;216-983-6
"Titanate d'isopropyle(IV)";546-68-9;208-909-6
Chloro(isopropyl)magnésium;1068-55-9;213-947-1
Isolane;119-38-0;204-318-2
"Jeffamine M-600";77110-54-4;
"Acide lactique, sel de sodium, DL-";312-85-6;206-231-5
Lanthane;7439-91-0;231-099-0
"Hexaborure de lanthane";12008-21-8;234-531-6
"Carbonate de lanthane";6487-39-4;
"Trichlorure de lanthane";10099-58-8;233-237-5
"Trifluorure de lanthane";13709-38-1;237-252-8
"Trihydroxyde de lanthane";14507-19-8;238-510-2
"Nitrate de lanthanum";10099-59-9;233-238-0
"Oxyde de lanthane";1312-81-8;215-200-5
"Phosphate de lanthane, hydrate (1:1:1)";14913-14-5;690-610-9
"Nitrate de lanthane héxahydraté";10277-43-7;600-351-5
"Sulfate de lauryle";151-41-7;205-791-8
"Acétate de plomb(II), trihydraté";6080-56-4;
"Bromure de plomb (II)";10031-22-8;233-084-4
"Fluorure de plomb";7783-46-2;
"Hydroxyde de plomb";19783-14-3;243-310-3
"Iodure de plomb";10101-63-0;233-256-9
"Nitrite de plomb";13826-65-8;237-528-8
"Oxalate de plomb";814-93-7;
"Perchlorate de plomb trihydraté";13453-62-8;638-754-3
"Lignosulfonate (aqueous)";8062-15-5;
"Gaz de pétrole liquéfié";68476-85-7;270-704-2
"Acétate de lithium dihydraté";6108-17-4;
"Aluminate de lithium";12003-67-7;234-434-9
"Aluminate de lithium";11089-89-7;
"Silicate de lithium et d'aluminium";1302-66-5;215-104-3
"Azoture de lithium";19597-69-4;243-177-1
"Tétrahydroborate de Lithium";16949-15-8;241-021-7
"Deutérure de lithium";13587-16-1;237-018-5
"Lithium diisopropylamide (LDA)";4111-54-0;223-893-0
"Hexafluorophosphate de lithium";21324-40-3;244-334-7
"Iodure de lithium";10377-51-2;233-822-5
"Métaborate de lithium anhydre";13453-69-5;236-631-5
"Dioxo(dioxydo)molybdène de dilithium";13568-40-6;236-977-7
"Dioxo(oxydo)niobium de lithium";12031-63-9;234-755-4
"Nitrate de lithium";7790-69-4;232-218-9
"Nitrure de lithium";26134-62-3;247-475-2
"Nitrite de lithium";13568-33-7;236-976-1
"Oxyde de lithium";12057-24-8;235-019-5
"Silicium au lithium";68848-64-6;
"Sulfate de lithium anhydre";10377-48-7;233-820-4
"Tétraborate de lithium anhydre";12007-60-2;234-514-3
"Tétraborate de lithium pentahydraté";1303-94-2;
"Hydrure d'aluminium et de lithium";16853-85-3;240-877-9
"Triéthylborodeutérure de lithium";74540-86-6;
"Triéthyl(hydruro)borate(1-) de lithium";22560-16-3;245-076-8
Lutétium;7439-94-3;
"Oxyde de lutétium";12032-20-1;234-764-3
"Acétate de magnésium";142-72-3;205-554-9
"Acétate de magnésium tétrahydraté";16674-78-5;605-451-2
"Magnesium carbonate hydroxide";7760-50-1;
"Carbonate de magnésium-hydroxyde de magnésium, pentahydraté";39409-82-0;
"Chlorure de magnésium hexahydraté";7791-18-6;
"Diéthanolate de magnésium";2414-98-4;219-323-5
"Fluorure de magnésium";7783-40-6;231-995-1
"Formiate de magnésium";557-39-1;
"Hydroxyde de magnésium";1309-42-8;215-170-3
"Iodate de magnésium tétrahydraté";7790-32-1;
"Silicate de magnésium hydraté";1343-90-4;
"Silicate de magnésium";1343-88-0;215-681-1
"Sulfate de magnésium heptahydraté";10034-99-8;600-073-4
"Nitrate de magnésium hexahydraté";13446-18-9;603-823-9
"Acide maléique, sel disodique";371-47-1;206-738-1
"acide malique";6915-15-7;230-022-8
"Carbonate de manganèse";598-62-9;209-942-9
"Dihydroxyde de manganèse(2+)";18933-05-6;606-171-3
"Nitrite de manganèse";18488-90-9;
"Oxalate de manganèse";640-67-5;211-367-3
"Phosphate de manganèse";10124-54-6;233-341-0
"Dichlorure de manganèse tétrahydraté";13446-34-9;603-826-5
"Nitrate de Manganèse(II)";10377-66-9;233-828-8
"Nitrate de manganèse(2+), hydrate (2:1:1)";15710-66-4;677-702-4
"Trioxyde de manganèse";1317-34-6;215-264-4
"Oxyde de manganèse (VII)";12057-92-0;
"Sulfure de manganèse(II)";18820-29-6;242-599-3
"Mastic (résine)";61789-92-2;
"Acide ortho-thiosalicylique";147-93-3;205-704-3
"Cyanure mercurique";592-04-1;
"Iodure mercurique";7774-29-0;
"Thiocyanate mercurique";592-85-8;
"Bis(trifluoroacétate) de mercure";13257-51-7;236-250-4
Mercurol;12002-19-6;
"Monochlorure de mercure";7546-30-7;
"Nitrate mercureux monohydraté";7782-86-7;
"Nitrate mercureux";10415-75-5;233-886-4
"Oxyde mercureux";15829-53-5;239-934-0
"Hydroxyde de mercure";12135-13-6;
"Nitrite de mercure";18541-72-5;
"Mercury(II) nitrate monohydrate";7783-34-8;
"Acide métaphosphorique";37267-86-0;
"Diacétate de 2-méthyl-1-propène-3,3-diyle";10476-95-6;233-974-2
"Anhydride méthacrylique";760-93-0;212-084-8
"Chlorure de méthacryloyle";920-46-7;213-058-9
Méthane-d3;676-80-2;
"Acide méthanesulfonique";75-75-2;200-898-6
"Méthanesulfonate d'éthyle";62-50-0;
"Fluorure de méthanesulfonyle";558-25-8;
"Alcool p-anisylique";105-13-5;215-561-9
"Méthoxyéthylamine, 2-";109-85-3;203-712-1
(Acétato-κO)(2-méthoxyéthyl)mercure;151-38-2;205-790-2
Méthoxy(triméthyl)silane;1825-61-2;217-369-0
"Mélange méthylacétylène-propadiène (MAPP)";59355-75-8;
Méthan(2H)ol;1455-13-6;215-933-0
"Alcool méthylique-d4";811-98-3;
"Méthyl démeton méthyl";2587-90-8;219-971-9
"Difluorophosphite de méthyle";676-99-3;
"Fluorure de méthyle (Fluorométhane)";593-53-3;209-796-6
"Fluoroacétate de méthyle";453-18-9;
"Fluorosulfate de méthyle";421-20-5;
Méthyllithium;917-54-4;213-026-4
"Nitrate de méthyle";598-58-3;
"Méthyl phencapton";3735-23-7;
"Dichlorure de méthyl phosphonique";676-97-1;
"Dichlorure de méthyl phosphonothioïque";676-98-2;
"Methyl sulfoxide-d6";2206-27-1;218-617-0
"Thiocyanate de méthyle";556-64-9;
"Méthyl vinyl carbinol";598-32-3;
2-Méthyl-1-butène;563-46-2;
3-Méthyl-1-phényl-2-pyrazolin-5-one;89-25-8;201-891-0
"1 Méthyl-1-propanethiol,";513-53-1;
2-Méthyl-1-propène-1-one;598-26-5;
Méthyl-2-chloroacrylate;80-63-7;
6-méthyl-2-heptanone;928-68-7;
4-Méthyl-4-pentène-2-one;3744-02-3;
5-Nitro-o-toluidine;99-55-8;202-765-8
2-Méthyl-5-vinylpyridine;140-76-1;205-432-5
2-Méthyl-8-quinoléinol,;826-81-3;212-562-6
"Chlorhydrate de méthylamine";593-51-1;209-795-0
1-Méthylaziridine;1072-44-2;
"Méthylbutanamide, 3- (isovaléramide)";541-46-8;
N-Méthylbutylamine;110-68-9;203-791-2
"Méthylchlorodisilane (Chlorométhyldisilane)";68937-17-7;273-054-8
"Méthylcyclohexanone (mélange d'isomères)";1331-22-2;215-556-1
Méthylcyclopentane;96-37-7;202-503-2
4-Méthyldécane;2847-72-5;
N,N'-Méthylènebisacrylamide;110-26-9;203-750-9
"Hydroperoxyde d'isopropyle";3031-75-2;
2-Méthylfuran;534-22-5;208-594-5
4-Méthylheptane;589-53-7;
"Copolymère de méthylhydrosiloxane (3-4%) + diméthylsiloxane (96-97%)";68037-59-2;
1-Méthylimidazole;616-47-7;210-484-7
4-Méthylimidazole;822-36-6;212-497-3
"Ester éthylique de l'acide méthyllactique, 2- (2-hydroxyisobutyrate d'éthyle)";80-55-7;
"Bromure de méthylmagnésium, 3,0 m dans de l'éther diéthylique";75-16-1;200-844-1
"Chlorure de méthylmagnésium";676-58-4;211-629-7
Méthylmorpholine;109-02-4;203-640-0
3-Méthyl-1-nitrosopipéridine;13603-07-1;
4-Méthylnonane;17301-94-9;241-329-1
2-Méthyl-1-pentanol;105-30-6;203-285-1
"Méthylphénylthiourée, 2- (o-Tolyl thiourée)";614-78-8;
Méthylphosphonate;993-13-5;213-607-2
"Acide méthylphosphonothioïque, O-(4-nitrophényl) O-phényl ester";2665-30-7;
"Acide méthylphosphonothioïque-, O-éthyl O-(4-(méthylthio)phényl) ester";2703-13-1;
"Méthylphosphonothioate de S-[2-(diméthylamino)éthyle] et de O-éthyle";20820-80-8;
N-Méthylpyrrole;96-54-8;
1-Méthylpyrrolidine;120-94-5;204-438-5
2-Méthyltétrahydrofurane;96-47-9;202-507-4
Triéthoxy(méthyl)silane;2031-67-6;217-983-9
Méthyl-trifluorométhanesulfonate;333-27-7;
"Chlorure de méthyltrioctylammonium";5137-55-3;225-896-2
"Copolymère méthylvinylsiloxane-diméthylsiloxane, à terminaison vinyle";68083-18-1;
Metolcarb;1129-41-5;214-446-0
Méxacarbate;315-18-4;206-249-3
Mica;12001-26-2;601-648-2
"Huile minérale, lourde ou légère";8020-83-5;
"Toxine modeccine";65988-88-7;
"Carbure de molybdène";12011-97-1;234-569-3
"Dioxyde de molybdène";18868-43-4;242-637-9
"Siliciure de molybdène";12136-78-6;235-231-8
"Hexacarbonyle de molybdène";13939-06-5;237-713-3
"Pentachlorure de molybdène";10241-05-1;233-575-3
"Trioxyde de molybdène";1313-27-5;215-204-7
"Sulfure de molybdène";1317-33-5;215-263-9
"Acide molybdique";7782-91-4;231-970-5
"Molybdate d'ammonium";11098-84-3;234-320-9
"Heptamolybdate d'ammonium anhydre";12027-67-7;234-722-4
"Acide phosphomolybdique";12026-57-2;234-713-5
"Acide phosphomolybdique hydraté";51429-74-4;
"Phosphite de monobutyle";16456-56-7;240-508-1
"Éther monochlorophénylique";55398-86-2;
"Titanate monosodique";60704-88-3;
"Muscimol (5-aminométhyl-3-isoxyzole)";2763-96-4;220-430-4
"Sulfoxyde de gaz moutarde (bis(2-chloroéthyl)sulfoxyde)";5819-08-9;
"Myristate de butyle";110-36-1;203-759-8
"Myristate d'isopropyle";110-27-0;203-751-4
Nabumétone;42924-53-8;
(1S,2R,6S,7S)-10-Méthyl-4-oxatricyclo[5.2.1.02,6]déc-8-ène-3,5-dione;25134-21-8;246-644-8
"Naphta (goudron de houille)";8030-30-6;232-443-2
"1,3,6-Naphtalènetrisulfonate de trisodium";19437-42-4;243-068-9
"Acide naphtol-6-sulfonique, 6-";93-01-6;202-209-4
"Acide naphtol-8-sulfonique, sel de sodium, 2-";832-85-9;
"Acide néodécanoïque, sel de calcium";27253-33-4;248-375-1
Néodyme;7440-00-8;231-109-3
"Tribromure de néodyme";13536-80-6;236-897-2
"Trifluorure de néodyme";13709-42-7;237-253-3
"Hydroxyde de néodyme";16469-17-3;240-514-4
"Nitrate de néodymium";10045-95-1;233-153-9
"Nitrate de néodyme, hydrate (3:1:6)";14517-29-4;
"Trichlorure de Néodyme";10024-93-8;233-031-5
"Oxyde de néodyme";1313-97-9;215-214-1
"Nickel acétate tétrahydrate";6018-89-9;
"Aluminate de Nickel";12003-78-0;234-439-6
"Hydroxyde de carbonate de nickel";39430-27-8;
"Cyanure de nickel";557-19-7;
"Fluorure de nickel(2+), hydrate (2:1:4)";13940-83-5;604-130-4
"Formate de nickel";3349-06-2;
"Nickel oxalate";547-67-1;208-933-7
"Perchlorate de nickel";13637-71-3;237-124-1
"Sulfamate de nickel";13770-89-3;237-396-1
"Dibromure de nickel";13462-88-9;236-665-0
"Nickel (ii) chlorure hexahydrate";7791-20-0;
"Dinitrite de nickel";17861-62-0;
"Phosphate de Nickel(II)";10381-36-9;233-844-5
"Hydroxyde de Nickel(III)";12125-56-3;
"Chlorure de niobium (V)";10026-12-7;233-059-8
3-(1-Méthyl-2-pyrrolidinyl)pyridine;22083-74-5;623-834-2
"Pentaoxyde de diniobium";1313-96-8;215-213-6
Méthylidyneniobium;12069-94-2;235-117-8
"Nitrate de butyle";928-45-0;
"Nitrate d'éthyl";625-58-1;
"Nitrate d'amyle";1002-16-0;213-684-2
"Acide nitrilotriacétique, sel disodique";15467-20-6;239-484-5
"Acide m-nitrobenzènesulfonique, sel de sodium";127-68-4;204-857-3
Nitrocyclohexane;1122-60-7;214-354-0
1-Nitrocyclohexène;2562-37-0;219-883-0
2-Nitro-N-phénylaniline;119-75-5;204-348-6
"Chlorhydrate de moutarde d'azote";55-86-7;
"Trioxyde d'azote";10544-73-7;234-128-5
Nitrométhane-d3;13031-32-8;235-892-2
1,3-Diméthyl-2-nitrobenzène;81-20-9;
"Tétrafluoroborate de dioxoammonium";13826-86-3;237-533-5
m-Nitrophénol;554-84-7;
"Nitropyridine-N-oxide, 4";1124-33-0;214-395-4
1-Méthyl-1-nitrosourée;684-93-5;
4-Nitrosophénol;104-91-6;203-251-6
o-Nitrosotoluène;611-23-4;
"Acide nitrosylsulfurique";7782-78-7;231-964-2
"Acide nitreux";7782-77-6;
Nonanal;124-19-6;204-688-5
"Cyanure de 1-octyle";2243-27-8;218-808-9
"Acide pélargonique";112-05-0;203-931-2
Non-1-ène;124-11-8;204-681-7
Norbormide;991-42-4;
5-(Diéthylamino)-2-pentanone;105-14-6;
Octafluorocyclobutane;115-25-3;204-075-2
Octaméthyldiphosphoramide;152-16-9;205-801-0
Octanal;124-13-0;204-683-8
2,5-Octanedione;3214-41-3;
Octanenitrile;124-12-9;204-682-2
Octaphénylcyclotétrasiloxane;546-56-5;208-904-9
"OCTYL (phényl) -n, n-diisobutylcarbamoylméthylphosphine";83242-95-9;
Triméthoxyméthane;149-73-5;205-745-7
Osmium;7440-04-2;
Ouabain;630-60-4;
"Chlore d'oxalyle";79-37-8;201-200-2
Oxamide;471-46-5;
1,4-Oxathiane;15980-15-1;240-117-6
3,4-Epoxy-1-butène;930-22-3;
"Oxone, composé monopersulfate";37222-66-5;
"Acide diglycolique";110-99-6;203-823-5
"Biscarbonate de diallyle et d'oxydi-2,1-éthanediyle";142-22-3;205-528-7
Oxydisulfoton;2497-07-6;219-679-1
"Chlorure de palladium";7647-10-1;231-596-2
"Hydroxyde de palladium";12135-22-7;235-219-2
"Nitrate de palladium";10102-05-3;233-265-8
"Monoxyde de palladium";1314-08-5;215-218-3
"Acétoarsenite de cuivre";12002-03-8;601-658-7
"Acide pentadécanoïque ";1002-84-2;213-693-1
1-Pentadécanamine;2570-26-5;219-912-7
"Pentaérythritol tétra (3-mercaptopropionate), produits de réaction avec du 2- (hydroxyméthyl) -2 - ((3-mercapto-1-oxopropoxy) méthyl) -1,3-propane-bis (3-mercaptopropanoate) et 1-octéne";95823-35-1;
"Acide pentafluorobenzoïque";602-94-8;
1,1,1,3,3-Pentafluoropropane;460-73-1;419-170-6
"Pentanediol, 1,5-";111-29-5;203-854-4
Valéronitrile;110-59-8;203-781-8
Pentatriacontane;630-07-9;
"Pentène, 1-";109-67-1;203-694-5
"Perchlorate de zinc hexahydraté";10025-64-6;677-707-1
Percoll;65455-52-9;
"Composés perfluoro, C5-C18";86508-42-1;
"Acide periodique";10450-60-9;233-937-0
"Acide peroxydicarbonique, sel de disodium";3313-92-6;
"Coke de pétrole, calciné";64743-05-1;
"Ether de pétrole naphthénique léger traité en argile";64742-45-6;
"Spiritueux de pétrole";64475-85-0;
"Naphténique léger hydrotraité";64742-53-6;265-156-6
Phénacétine;62-44-2;
Phénaglycodol;79-93-6;
"Complexe de sulfate ferreux et de phénanthroline-1,10";14634-91-4;238-676-6
1,10-Phénanthroline;66-71-7;
"Phénol rouge, sel de sodium";34487-61-1;
"Copolymère d'éther de phényl glycidyl et de formaldéhyde";28064-14-4;608-164-0
1-Phényl-1,2-propanedione;579-07-7;
2-Phényl-2-oxazoline;7127-19-7;
2-Phényl-2-propanol;617-94-7;210-539-5
Éthynylbenzène;536-74-3;208-645-1
"Acide phénylborique";98-80-6;
Cyclohexylbenzène;827-52-1;212-572-0
1,4-Diisocyanatobenzène;104-49-4;203-207-6
"Dichlorhydrate de benzène-1,2-diamine";615-28-1;
"Chlorhydrate de phénylhydrazine";59-88-1;
Bromophénylmagnésium;100-58-3;202-867-2
"Chlorhydrate de phénylpropanolamine";154-41-6;205-826-7
Phénylsilatrane;2097-19-0;218-263-7
1-Phényl-2-thiourée;103-85-5;203-151-2
Phényltriethoxysilane;780-69-8;212-305-8
Triméthoxy(phényl)silane;2996-92-1;221-066-9
"Phénylxylyléthane (PXE)";6196-95-8;
"Phloroglucinol dihydrate";6099-90-7;
Phosacétim;4104-14-7;
Phosfolane;947-02-4;
"Acide Phosphomolybdique";11104-88-4;234-336-6
"Acide  phosphonique";13598-36-2;237-066-7
"Phosphonate de dioctadécyle";19047-85-9;242-784-9
"Phosphite de tridodécyle";3076-63-9;221-356-5
"Acide phosphonoacétique";4408-78-0;
"Phosphate de 4-(méthylthio)phényle et de diméthyle";3254-63-5;620-379-1
"Phosphorodifluoridate éthyle";460-52-6;
"Acide phosphorodifluorique, ester méthylique";22382-13-4;
"Acide phosphoreux";10294-56-1;233-663-1
"Pentafluorure de phosphore";7647-19-0;
"Trifluoride phosphoreux";7783-55-3;
"Trioxyde de phosphore";1314-24-5;
"Dichlorure phtaloyle";88-95-9;201-869-0
Phyllomedusin;26145-48-2;
Physostigmine;57-47-6;
"Salicylate de physostigmine (1: 1)";57-64-7;
"Acide picolinique";98-98-6;202-719-7
Picrotoxin;124-87-8;204-716-6
"Pigment green 36";14302-13-7;238-238-4
"Pigment jaune 14";5468-75-7;226-789-3
"Alcool de pinacolyl";464-07-3;
"Anhydride 2,2-diméthylpropanoïque";1538-75-6;216-263-1
"Dicyanure de platine(2+)";592-06-3;
"Poly alpha oléfine";68649-12-7;614-695-9
Polyvinylpyrrolidone;9003-39-8;
"Poly(chlorure d'acrylamide-co-diallyldiméthylammonium)";26590-05-6;607-965-2
"Polymère d'huile de silicium";68037-63-8;
"Poly(diméthylsiloxane), à ​​terminaison vinyldiméthylsiloxy";68083-19-2;
"Poly (divinylbenzène)";9003-69-4;
"Poly (éther éthylène glycol méthyl)";9004-74-4;
"Poly(oxyethanedi-1,2 yl), alpha-(oxo-1propényl-2) oméga-((oxo-1 propényl-2)oxo)-";26570-48-9;607-960-5
"Poly (mélamine-co-formaldéhyde), méthylé";68002-20-0;
"Poly (oxyéthylène) (2) éther de stéaryle";9005-00-9;500-017-8
"Poly (styrène-co-divinylbenzène)";69011-14-9;
"Polyoxypropylène polyamine";39423-51-3;500-105-6
Hexanamide;25038-54-4;607-506-6
"Acrylate de polybutyl";9003-49-0;
"Biphényl polychloré (Aroclor 1262)";37324-23-5;
3,3',4,4',5-Pentachlorobiphényle;11100-14-4;621-344-3
"Résidu de polyéthylbenzène";68987-42-8;273-494-0
"Polyéthylène glycol 20m";37225-26-6;
"Diméthacrylate de polyéthylène glycol";25852-47-5;607-819-8
"Polyglycol 15-200";9082-00-2;
"Acide polymaléique";26099-09-2;607-861-7
Polyméthylhydrosiloxane;63148-57-2;
Polyoxyalkylèneamine;9046-10-0;618-561-0
"Acide polyphosphorique";8017-16-1;232-417-0
Polypropylène;9003-07-0;
"Polypropylène glycol, polymère d'oxirane (chlorométhyle)";9072-62-2;
"Polypropylène glycol, polytétraméthylène glycol, polymère 1,3-diisocyanatométhylbenzène";65636-36-4;
"Polypropylène glycol";25322-69-4;500-039-8
"Polypropylène-polyéthylène glycol";9003-11-6;
"Polysorbate 85 (Tween 85)";9005-70-3;
"Résine polysulfone";25135-51-7;
Polytétrafluoroéthylène;9002-84-0;
"Mousse de polyuréthane";9009-54-5;
"Polyuréthane prépolymère de MDI et de PEP";68092-58-0;
"Fluorure d'acide potassium";7789-29-9;232-156-2
"Aluminate de potassium";12003-63-3;234-432-8
"Aluminosilicate de Potassium";1327-44-2;215-479-3
"Antimoniate de potassium";29638-69-5;249-748-1
"Antimonate de potassium";12208-13-8;235-387-7
"Iodate de potassium - acide iodique (1:1:1)";13455-24-8;236-650-9
"Bismuthate de potassium";12589-75-2;
"Bromure de potassium";7758-02-3;231-830-3
"Citrate de potassium";866-84-2;212-755-5
"Citrate de potassium, monohydrate";6100-05-6;
"Dioxo(oxydo)niobium de potassium";12030-85-2;234-744-4
"Dihydrogéno(2H2)phosphate de potassium";13761-79-0;237-357-9
"Ferrocyanure de potassium";13943-58-3;237-722-2
"Fluorure de potassium, hydrate (1:1:2)";13455-21-5;627-039-1
"Glycolate de potassium";1932-50-9;217-693-2
"Cyanure d'or de potassium";554-07-4;
"Hydrure de potassium";7693-26-7;
"Métaborate de potassium";13709-94-9;237-262-2
"Dioxo(dioxydo)molybdène de dipotassium";13446-49-6;236-599-2
"Oxyde de nickel de potassium (liquides)";50811-97-7;
"2,2',2''-Nitrilotriacétate de tripotassium";2399-85-1;219-270-8
"Oxo(trioxydo)vanadium de tripotassium";14293-78-8;238-220-6
"Oxalate de potassium";583-52-8;209-506-8
"Oxalate de potassium monohydrate";6487-48-5;
"Périodique de potassium";7790-21-8;
"Peroxysulfate de potassium monobasique";10058-23-8;233-187-4
"Hydrogénophosphate de potassium, hydrate (1:2:3)";16788-57-1;605-492-6
"Phosphate de potassium, tribasique";7778-53-2;231-907-1
"Pyrosulfate de potassium";7790-62-7;232-216-8
"Sélénate de potassium";7790-59-2;
"Sélénite de Potassium";10431-47-7;233-909-8
"Stannate de potassium anhydre";12142-33-5;235-255-9
"Potassium strontium phosphate";53201-92-6;
"Tellurate (VI) de potassium";15571-91-2;239-626-6
"Tellurite de potassium";7790-58-1;
"Tétrafluoroborate de potassium";14075-53-7;237-928-2
"Tétraphénylborate(1-) de potassium";3244-41-5;628-072-4
"Tungstate de potassium";7790-60-5;232-215-2
"Carbonate d'uranyle de potassium";17871-80-6;
"Zirconate de dipotassium";12030-98-7;234-749-1
Potassium-tert-butoxyde;865-47-4;212-740-3
Praséodymium;7440-10-0;231-120-3
"Oxyde de praséodynium";12037-29-5;234-857-9
"Nitrate de Praséodymium";10361-80-5;233-796-5
"Oxyde de praséodyme (III)";12036-32-7;234-845-3
1,3-Diaminopropane;109-76-2;203-702-7
"1-Propanolate de zirconium(2+) (2:1)";23519-77-9;245-711-9
3-Bromopropyne;106-96-7;203-447-1
"Chlorure de propionyle";79-03-8;201-170-0
1-Propoxy-1-propanol;30136-13-1;250-069-8
N-Propyl-1-butanamine;20193-21-9;243-575-5
"Carbonate de propylène";108-32-7;203-572-1
2-Méthoxypropoyl-1-acétate;70657-70-4;
3-Butoxy-1-propanol;10215-33-5;
Prothoate;2275-18-5;218-893-2
"Huile pompée";64742-65-0;265-169-7
Pyridine-4-carbaldéhyde;872-85-5;212-832-3
Pyridine-d5;7291-22-7;
Pyriminil;53558-25-1;
"Acide pyromellitique";89-05-4;201-879-5
Pyrrole;109-97-7;203-724-7
"Composés d'ammonium quaternaire, benzyl-C12-C16-AlkyLdiméthyle, chlorures";68424-85-1;939-253-5
"Méthyl bis (2-hydroxyéthyl) chlorures d'ammonium quaternaire cocoalkyle";70750-47-9;
"Méthyl bis (2-hydroxyéthyl) nitrates d'ammonium quaternaire cocoalkyl";71487-00-8;
Quinhydrone;106-34-3;203-387-6
"Hydroxy-8 quinoline";148-24-3;205-711-1
"Rexyn I-300";69011-49-0;
"Hexafluoride de rhénium";10049-17-9;233-172-2
"Oxyde de rhénium";1314-68-7;215-241-9
"Oxyde de rhodium";12137-27-8;235-237-0
"Hydroxyde de rhodium(III)";21656-02-0;244-508-2
"Oxyde de rhodium (III)";12036-35-0;234-846-9
Ricin;9009-86-3;
"Bromure de rubidium";7789-39-1;
"Chlorure de rubidium";7791-11-9;
"Hydroxyde de rubidium";1310-82-3;215-186-0
"Nitrate de rubidium";13126-12-0;236-060-1
"Chlorure de ruthénium";10049-08-8;233-167-5
"Dioxyde de ruthénium";12036-10-1;234-840-6
Safrole;94-59-7;
Salcomine;14167-18-1;238-012-5
Samarium;7440-19-9;231-128-7
"Chloride de Samarium";10361-82-7;233-797-0
"Nitrate de Samarium";10361-83-8;233-798-6
"Diiodure de samarium(2+)";32248-43-4;684-249-6
"Trichlorosamarium, hexahydrate";13465-55-9;681-110-1
"Oxyde de samarium (III)";12060-58-1;235-043-6
"Satratoxine h";53126-64-0;
Saxitoxine;35523-89-8;
Scandium;7440-20-2;
"Oxyde de scandium";12060-08-1;
"Sulfure de sélénium";7488-56-4;231-303-8
"Chlorhydrate de semicarbazide";563-41-7;209-247-0
"Toxines de type shiga";75757-64-1;
"Gel de silice";63231-67-4;
"Silice amorphe, précipité";1343-98-2;215-683-2
"Silice, fumée amorphe";69012-64-2;273-761-1
"Acide silicite";7699-41-4;
"Aluminosilicate de calcium et de sodium";1344-01-0;215-685-3
"Monoxyde de silicium";10097-28-6;233-232-8
"Siloprène K 1000";63394-02-5;
"Siloxanes et silicones, diméthyl, produits de réaction avec de la silice";67762-90-7;
"Siloxanes et silicones, méthyl phényle";67762-92-9;
"Hydroxyde d'argent(1+)";12673-77-7;
"Nitrite d'argent";7783-99-5;
"Chaux de soude";8006-28-8;
"Acétate de sodium trihydraté";6131-90-4;
"Bêta-Alumine de sodium";11138-49-1;234-391-6
"Hydrure de sodium-aluminium";13770-96-2;237-400-1
"Silicate d'aluminium de sodium";73987-94-7;
"Antimonate de trisodium";11112-10-0;
"Difluorure de sodium";1333-83-1;215-608-3
"Hydrure de bis(2-méthoxyéthoxy)aluminium et de sodium";22722-98-1;245-178-2
"Bismuthate de sodium";12232-99-4;235-455-6
"Sodium bisulfate monohydraté";10034-88-5;231-665-7
"Bisulfate de sodium";7681-38-1;231-665-7
"Bromure de sodium";7647-15-6;231-599-9
"Carbonate de sodium monohydraté";5968-11-6;
"Chromate de sodium décahydraté";13517-17-4;
"Chromate de sodium tétrahydraté";10034-82-9;600-068-7
"Citrate de sodium diacide";18996-35-5;242-734-6
"Cobaltinitrite de sodium";13600-98-1;237-077-7
"Cyclopentadiénylide de sodium";4984-82-1;
"(2H)Hydroxyde de sodium";14014-06-3;237-825-2
"Diéthylcarbamodithioate de sodium trihydraté";20624-25-3;677-810-1
"Dihionate de sodium dihydraté";7631-94-9;
"Ferrocyanure de sodium";13601-19-9;237-081-9
"Glycinate de sodium";6000-44-8;227-842-3
"Glycolate de sodium";2836-32-0;220-624-9
"Hexahydroxoanmonate de sodium";33908-66-6;251-735-0
"Sodium hexaméthyldisilazane";1070-89-9;213-983-8
"Hydrure de sodium";7646-69-7;231-587-3
"Hypobromite de sodium";13824-96-9;237-520-4
"Hypophosphite de sodium";7681-53-0;231-669-9
"Hydrogénophosphonite de sodium, hydrate (1:1:1)";123333-67-5;602-930-8
"Iodate de sodium";7681-55-2;231-672-5
"Lactate de sodium";72-17-3;200-772-0
"Métaborate de sodium";7775-19-1;231-891-6
"Métaphosphate de sodium";10361-03-2;233-782-9
"Métavanadate de sodium";13718-26-8;237-272-7
"Molybdate de sodium dihydraté";10102-40-6;600-156-5
"Monoxyde de sodium";12401-86-4;235-641-7
"Oxyde de nickel de sodium (liquide)";37367-09-2;
"2-Benzyl-4-chlorophénolate de sodium";3184-65-4;221-681-2
"Orthovanadate de trisodium";13721-39-6;37-287-9
"Oxalate de sodium";62-76-0;200-550-3
"Perchlorate de sodium monohydraté";7791-07-3;
"Permanganate de sodium";10101-50-5;233-251-1
"Trioxo(oxydo)rhénium de sodium";13472-33-8;236-742-9
"Polyphosphate de sodium";68915-31-1;
"Polytungstate de sodium";12141-67-2;412-770-9
"Tartrate de potassium de sodium tétrahydrate";6381-59-5;
"Tartrate de potassium et de sodium";304-59-6;206-156-8
"4-(2-Méthyl-2-butanyl)phénolate de sodium";31366-95-7;250-595-8
"Pyrophosphate de sodium décahydraté";13472-36-1;603-854-8
"di-Pyrophosphate de sodium,";7758-16-9;231-835-0
"Pyruvate de sodium";113-24-6;204-024-4
"Stannate de sodium";12058-66-1;235-030-5
"Phosphate de sodium et de strontium";19553-80-1;
"Succinate de sodium, hexahydrate";6106-21-4;
"Sulfamate de sodium";13845-18-6;237-572-8
"Sulfure de sodium, hydrate (1:2:9)";1313-84-4;639-249-0
"Tartrate de sodium dihydraté";6106-24-7;
"Tellurate de sodium";10101-83-4;233-259-5
"Tellurite de sodium";10102-20-2;233-268-4
"Tétrafluoroborate de sodium";13755-29-8;237-340-6
"Hydroxyde d'aluminium et de sodium (4:1:1)";12251-53-5;235-487-0
"Tétraphénylborate(1-) de sodium";143-66-8;205-605-5
"Thiosulfate de sodium pentahydrate";10102-17-7;600-156-5
"Titanate de disodium";12034-34-3;234-802-9
"Tolyltriazole de sodium";64665-57-2;265-004-9
"Triéthyl(hydruro)borate(1-) de sodium";17979-81-6;241-903-1
"Tungstate de sodium";13472-45-2;236-743-4
"Tungstate de sodium dihydraté";10213-10-2;600-275-2
"Uranate de sodium";66018-57-3;
"Uranate de sodium monohydraté";10135-92-9;
"Carbonate d'uranyle sodique";128578-60-9;
"Zirconate de sodium";12201-48-8;235-378-8
Potassium-sodium;11135-81-2;913-023-4
Fluorescéine;2321-07-5;219-031-8
Squalène;111-02-4;203-826-1
"Enterotoxin Type B Staphylococcus aureus";11100-45-1;634-576-5
Stilbène;588-59-0;
"Dinitrite de strontium";13470-06-9;236-731-9
"Oxalate de strontium";814-95-9;212-415-6
"Phosphate de strontium (2:3)";14414-90-5;
"Copolymère de styrène";25119-62-4;686-612-4
"Résine de styrène-divinylbenzène, chlorométhylé, aminé de triméthylamine";60177-39-1;
"4-Vinylbenzènesulfonate de sodium";25704-18-1;607-780-7
"Acide succinique";110-15-6;203-740-4
Sulfanilamide;63-74-1;200-563-4
"Acides sulfoniques de pétrole";61789-85-3;263-092-3
2,2'-Sulfonyldiéthanol;2580-77-0;219-948-3
"Acide sulfosalicylique";97-05-2;202-555-6
"Acide sulfosalicylique, dihydrate, cristal";5965-83-3;
"Pentafluorure de soufre";5714-22-7;
"Acide (2H2)sulfurique";13813-19-9;237-464-0
"Acide sulfureux";7782-99-2;
"Huile haute (résine alkyde)";68333-62-0;
Méthanidylidynetantale(1+);12070-06-3;235-118-3
"Tantalum (V) éthoxyde";6074-84-6;
"Tantalum (v) fluorure";7783-71-3;
"Pentoxyde de tantale";1314-61-0;215-238-2
"Acide tartrique";87-69-4;201-766-0
"Acide tartrique, sel monopotassium";868-14-4;212-769-1
"Acide tartrique, sel monosodique";526-94-3;
"Dioxyde de technétium";12036-16-7;
"Tétrachlorure de tellure";10026-07-0;233-055-6
"Oxyde de tellurium";7446-07-3;231-193-1
"Acide tellureux";10049-23-7;233-173-8
Terbium;7440-27-9;231-137-6
"Oxyde de terbium";12036-41-8;234-849-5
"Oxyde de terbium (III,IV)";12037-01-3;234-856-3
"Terphényl, p-";92-94-4;
Tert-butyllithium;594-19-4;209-831-5
4-Tert-butylpyridine;3978-81-2;
"Toxine tétanique";676570-37-9;
"Dichloropalladium, tétraammoniate";13601-08-6;237-078-2
"Phosphate de tétrabutylammonium";5574-97-0;
"Titanate tétrabutyl";5593-70-4;227-006-8
"Fluorure tétrabutylammonium";429-41-4;
"Hydroxyde de tétrabutylammonium";2052-49-5;218-147-6
"Nitrate de N,N,N-tributyl-1-butanaminium";1941-27-1;217-726-0
1,2,3,8-Tétrachlorodibenzo-p-dioxine;53555-02-5;
1,1,1,2-Tétrachloroéthane;25322-20-7;246-842-4
2,2,3,3-Tétrachlorohexafluorobutane;375-34-8;
Tétracosafluorotétradécahydrophénanthrène;306-91-2;400-470-0
2,2'-(2,5-Cyclohexadiène-1,4-diylidène)dimalononitrile;1518-16-7;216-174-8
"Chlorhydrate de tétracycline";64-75-5;200-593-8
<br />
<b>Fatal error</b>:  Allowed memory size of 536870912 bytes exhausted (tried to allocate 20480 bytes) in <b>/app/web/core/lib/Drupal/Component/Serialization/PhpSerialize.php</b> on line <b>21</b><br />
